code,level,title,parent_code
0,1,Tentara Nasional Indonesia (TNI) dan Kepolisian Negara Republik Indonesia (Polri),
01,2,Perwira TNI dan Polri,0
011,3,Perwira TNI dan Polri,01
0111,4,Perwira Markas Besar TNI,011
0111.01,5,Panglima TNI,0111
0111.02,5,Kepala Staf Umum TNI (Kasum TNI),0111
0111.03,5,Inspektur Jenderal TNI (Irjen TNI),0111
0111.04,5,Staf Ahli Panglima TNI (Sahli Panglima TNI),0111
0111.05,5,Asisten Kebijakan Strategis dan Perencanaan Umum Panglima TNI,0111
0111.06,5,Asisten Intelijen Panglima TNI (Asintel Panglima TNI),0111
0111.07,5,Asisten Operasi Panglima TNI (Asops Panglima TNI),0111
0111.08,5,Asisten Personalia Panglima TNI (Aspers Panglima TNI),0111
0111.09,5,Asisten Logistik Panglima TNI (Aslog Panglima TNI),0111
0111.10,5,Asisten Teritorial Panglima TNI (Aster Panglima TNI),0111
0111.11,5,Asisten Komunikasi dan Elektronika Panglima TNI (Askomlek Panglima TNI),0111
0111.12,5,Perwira Staf Khusus Polisi Militer (Passuspom TNI),0111
0111.13,5,Komandan Satuan Komunikasi dan Elektronika TNI (Dansatkomlek TNI),0111
0111.14,5,Kepala Pusat Pengendalian Operasi TNI (Kapusdalops TNI),0111
0111.15,5,Kepala Sekretariat Umum TNI (Kasetum TNI),0111
0111.16,5,Komandan Sekolah Staf dan Komando TNI (Dansesko TNI),0111
0111.17,5,Komandan Komando Pendidikan dan Latihan TNI (Dankodiklat TNI),0111
0111.18,5,Komandan Jenderal Akademi TNI (Danjen Akademi TNI),0111
0111.19,5,Kepala Badan Intelijen Strategis TNI (Kabais TNI),0111
0111.20,5,Komandan Pasukan Pengamanan Presiden (DANPASPAMPRES),0111
0111.21,5,Kepala Badan Pembinaan Hukum dan Hak Asasi Manusia TNI (Kababinkum HAM TNI),0111
0111.22,5,Kepala Pusat Penerangan TNI (Kapuspen TNI),0111
0111.23,5,Kepala Pusat Kesehatan TNI (Kapuskes TNI),0111
0111.24,5,Kepala Badan Logistik TNI (Kabalog TNI),0111
0111.25,5,Kepala Pusat Pembinaan Mental TNI (Kapusbintal TNI),0111
0111.26,5,Kepala Pusat Keuangan TNI (Kapusku TNI),0111
0111.27,5,Kepala Pusat Sejarah TNI (Kapusjarah TNI),0111
0111.28,5,Kepala Pusat Informasi dan Pengolahan Data TNI (Kapusinfolahta TNI),0111
0111.29,5,Kepala Pusat Misi Pemeliharaan Perdamaian (Ka PMPP TNI),0111
0111.30,5,Kepala Pusat Pengkajian Strategi TNI (Kapusjianstra TNI),0111
0111.31,5,Kepala Pusat Pengembangan Kepemimpinan TNI (Kapusbangpim TNI),0111
0111.32,5,Komandan Pasukan Reaksi Cepat Penanggulangan Bencana (Dan PRCPB),0111
0111.33,5,Komandan Pasukan Pemukul Reaksi Cepat (Dan PPRC),0111
0111.34,5,Komandan Komando Garnisun Tetap (Dankogartap),0111
0111.35,5,Panglima Komando Pertahanan Udara Nasional (Pangkohanudnas),0111
0111.36,5,Panglima Komando Gabungan Wilayah Pertahanan (Pangkogapwilhan),0111
0111.37,5,Panglima Komando Cadangan Strategis TNI Angkatan Darat (Pangkostrad),0111
0111.38,5,Komandan Jenderal Komando Pasukan Khusus (Danjen Kopassus),0111
0111.39,5,Panglima Komando Daerah Militer (Pangdam),0111
0111.40,5,Panglima Komando Armada (Pangkoarmada),0111
0111.41,5,Panglima Komando Lintas Laut Militer (Pangkolinlamil),0111
0111.42,5,Panglima Komando Operasi TNI Angkatan Udara (Pangkoopsau),0111
0111.99,5,Perwira Markas Besar TNI Lainnya,0111
0112,4,Perwira TNI Angkatan Darat,011
0112.01,5,Kepala Staf TNI Angkatan Darat (Kasad),0112
0112.02,5,Wakil Kepala Staf TNI Angkatan Darat (Wakasad),0112
0112.03,5,Inspektur Jenderal TNI Angkatan Darat (Irjenad),0112
0112.04,5,Staf Ahli Kasad (Sahli Kasad),0112
0112.05,5,Asisten Perencanaan dan Anggaran Kasad (Asrena Kasad),0112
0112.06,5,Asisten Intelijen Kasad (Asintel Kasad),0112
0112.07,5,Asisten Operasi Kasad (Asops Kasad),0112
0112.08,5,Asisten Personel Kasad (Aspers Kasad),0112
0112.09,5,Asisten Logistik Kasad (Aslog Kasad),0112
0112.10,5,Asisten Teritorial Kasad (Aster Kasad),0112
0112.11,5,Komandan Pusat Kesenjataan Infanteri (Danpussenif),0112
0112.12,5,Komandan Pusat Kesenjataan Kavaleri (Danpussenkav),0112
0112.13,5,Komandan Pusat Kesenjataan Artileri Medan (Danpussenarmed),0112
0112.14,5,Komandan Pusat Kesenjataan Artileri Pertahanan Udara (Danpussenarhanud),0112
0112.15,5,Komandan Pusat Penerbang TNI Angkatan Darat (Danpuspenerbad),0112
0112.16,5,Komandan Pusat Polisi Militer TNI Angkatan Darat (Danpuspomad),0112
0112.17,5,Komandan Pusat Teritorial TNI Angkatan Darat (Danpusterad),0112
0112.18,5,Komandan Pusat Intelijen TNI Angkatan Darat (Danpusintelad),0112
0112.19,5,Kepala Pusat Zeni TNI Angkatan Darat (Kapusziad),0112
0112.20,5,Kepala Pusat Komunikasi dan Elektronika TNI Angkatan Darat (Kapuskomlekad),0112
0112.21,5,Kepala Pusat Peralatan TNI Angkatan Darat (Kapuspalad),0112
0112.22,5,Kepala Pusat Pembekalan Angkutan TNI Angkatan Darat (Kapusbekangad),0112
0112.23,5,Kepala Pusat Kesehatan TNI Angkatan Darat (Kapuskesad),0112
0112.24,5,Direktur Ajudan Jenderal TNI Angkatan Darat (Dirajenad),0112
0112.25,5,Direktur Topografi TNI Angkatan Darat (Dirtopad),0112
0112.26,5,Direktur Hukum TNI Angkatan Darat (Dirkumad),0112
0112.27,5,Direktur Keuangan TNI Angkatan Darat (Dirkuad),0112
0112.28,5,Kepala Dinas Jasmani TNI Angkatan Darat (Kadisjasad),0112
0112.29,5,Kepala Dinas Pembinaan Mental TNI Angkatan Darat (Kadisbintalad),0112
0112.30,5,Kepala Dinas Psikologi TNI Angkatan Darat (Kadispsiad),0112
0112.31,5,Kepala Dinas Penelitian dan Pengembangan TNI Angkatan Darat (Kadislitbangad),0112
0112.32,5,Kepala Dinas Sejarah TNI Angkatan Darat (Kadisjarahad),0112
0112.33,5,Kepala Dinas Informasi dan Pengolahan Data TNI Angkatan Darat (Kadisinfolahtaad),0112
0112.34,5,Kepala Dinas Penerangan TNI Angkatan Darat (Kadispenad),0112
0112.35,5,Gubernur Akademi Militer TNI Angkatan Darat (Gubernur Akmil),0112
0112.36,5,Komandan Sekolah Staf dan Komando TNI Angkatan Darat (Danseskoad),0112
0112.37,5,Komandan Sekolah Calon Perwira TNI Angkatan Darat (Dansecapaad),0112
0112.38,5,Komandan Komando Pembinaan Doktrin Pendidikan dan Latihan TNI Angkatan Darat (Dankodiklatad),0112
0112.99,5,Perwira TNI Angkatan Darat Lainnya,0112
0113,4,Perwira TNI Angkatan Laut,011
0113.01,5,Kepala Staf TNI Angkatan Laut (Kasal),0113
0113.02,5,Wakil Kepala Staf TNI Angkatan Laut (Wakasal),0113
0113.03,5,Inspektur Jenderal TNI Angkatan Laut (Irjenal),0113
0113.04,5,Staf Ahli Kasal (Sahli Kasal),0113
0113.05,5,Asisten Perencanaan dan Anggaran Kasal (Asrena Kasal),0113
0113.06,5,Asisten Intelijen Kepala Staf Angkatan Laut (Asintel Kasal),0113
0113.07,5,Asisten Operasi Kasal (Asops Kasal),0113
0113.08,5,Asisten Personel Kasal (Aspers Kasal),0113
0113.09,5,Asisten Logistik Kasal (Aslog Kasal),0113
0113.10,5,Komandan Pusat Intelijen TNI Angkatan Laut (Danpusintelal),0113
0113.11,5,Kepala Dinas Penerangan TNI Angkatan Laut (Kadispenal),0113
0113.12,5,Komandan Pusat Hidro-Oseanografi TNI Angkatan Laut (Danpushidrosal),0113
0113.13,5,Kepala Dinas Komunikasi dan Elektronika TNI Angkatan Laut (Kadiskomlekal),0113
0113.14,5,Kepala Dinas Hukum TNI Angkatan Laut (Kadiskumal),0113
0113.15,5,Komandan Pusat Teritorial Angkatan Laut (Danpusteral),0113
0113.16,5,Kepala Dinas Administrasi Personel TNI Angkatan Laut (Kadisminpersal),0113
0113.17,5,Kepala Dinas Pendidikan TNI Angkatan Laut (Kadisdikal),0113
0113.18,5,Kepala Dinas Perawatan Personel TNI Angkatan Laut (Kadiswatpersal),0113
0113.19,5,Kepala Pusat Kesehatan TNI Angkatan Laut (Kapuskesal),0113
0113.20,5,Kepala Dinas Materiel TNI Angkatan Laut (Kadismatal),0113
0113.21,5,Kepala Dinas Materiel Senjata dan Elektronika Angkatan Laut (Kadissenlekal),0113
0113.22,5,Kepala Pusat Kelaikan Materiel dan Keselamatan Kerja TNI Angkatan Laut (Kapuslaikmanjal),0113
0113.23,5,Kepala Dinas Fasilitas Pangkalan TNI Angkatan Laut (Kadisfaslanal),0113
0113.24,5,Kepala Dinas Pengadaan TNI Angkatan Laut (Kadisadal),0113
0113.25,5,Kepala Dinas Pembekalan TNI Angkatan Laut (Kadisbekal),0113
0113.26,5,Kepala Dinas Keuangan TNI Angkatan Laut (Kadiskual),0113
0113.27,5,Kepala Dinas Penelitian dan Pengembangan TNI Angkatan Laut (Kadislitbangal),0113
0113.28,5,Kepala Dinas Informasi dan Pengolahan Data TNI Angkatan Laut (Kadisinfolahtaal),0113
0113.29,5,Kepala Dinas Psikologi TNI Angkatan Laut (Kadispsial),0113
0113.30,5,Komandan Pusat Penerbangan TNI Angkatan Laut (Danpuspenerbal),0113
0113.31,5,Komandan Pusat Polisi Militer TNI Angkatan Laut (Danpuspomal),0113
0113.32,5,Gubernur Akademi TNI Angkatan Laut (Gubernur AAL),0113
0113.33,5,Komandan Sekolah Staf dan Komando TNI Angkatan Laut (Danseskoal),0113
0113.34,5,Komandan Korps Marinir (Dankormar),0113
0113.35,5,"Komandan Komando Pembinaan Doktrin, Pendidikan, dan Latihan TNI Angkatan Laut (Dankodiklatal)",0113
0113.99,5,Perwira TNI Angkatan Laut Lainnya,0113
0114,4,Perwira TNI Angkatan Udara,011
0114.01,5,Kepala Staf TNI Angkatan Udara (Kasau),0114
0114.02,5,Wakil Kepala Staf TNI Angkatan Udara (Wakasau),0114
0114.03,5,Inspektur Jenderal TNI Angkatan Udara (Irjenau),0114
0114.04,5,Staf Ahli Kasau (Sahli Kasau),0114
0114.05,5,Asisten Perencanaan dan Anggaran Kasau (Asrena Kasau),0114
0114.06,5,Asisten Intelijen Kepala Staf Angkatan Udara (Asintel Kasau),0114
0114.07,5,Asisten Operasi Kasau (Asops Kasau),0114
0114.08,5,Asisten Personel Kasau (Aspers Kasau),0114
0114.09,5,Asisten Logistik Kasau (Aslog Kasau),0114
0114.10,5,Kepala Dinas Keuangan TNI Angkatan Udara (Kadiskuau),0114
0114.11,5,Kepala Dinas Informasi dan Pengolahan Data TNI Angkatan Udara (Kadisinfolahtaau),0114
0114.12,5,Kepala Dinas Penelitian dan Pengembangan TNI Angkatan Udara (Kadislitbangau),0114
0114.13,5,Kepala Dinas Pengamanan dan Sandi TNI Angkatan Udara (Kadispamsanau),0114
0114.14,5,Kepala Pusat Geospasial TNI Angkatan Udara (Kapusgeosau),0114
0114.15,5,Kepala Dinas Penerangan TNI Angkatan Udara (Kadispenau),0114
0114.16,5,Kepala Dinas Pengembangan Operasi TNI Angkatan Udara (Kadisbangopsau),0114
0114.17,5,"Kepala Pusat Kelaikan, Keselamatan Terbang, dan Kerja TNI Angkatan Udara (Kapuslaiklambangjaau)",0114
0114.18,5,Kepala Pusat Teritorial TNI Angkatan Udara (Kapusterau),0114
0114.19,5,Kepala Dinas Hukum TNI Angkatan Udara (Kadiskumau),0114
0114.20,5,Kepala Dinas Administrasi Personel TNI Angkatan Udara (Kadisminpersau),0114
0114.21,5,Kepala Dinas Pendidikan TNI Angkatan Udara (Kadisdikau),0114
0114.22,5,Kepala Dinas Perawatan Personel TNI Angkatan Udara (Kadiswatpersau),0114
0114.23,5,Kepala Pusat Kesehatan TNI Angkatan Udara (Kapuskesau),0114
0114.24,5,Kepala Dinas Psikologi TNI Angkatan Udara (Kadispsiau),0114
0114.25,5,Kepala Dinas Materiil TNI Angkatan Udara (Kadismatau),0114
0114.26,5,Kepala Dinas Aeronautika TNI Angkatan Udara (Kadisaeroau),0114
0114.27,5,Kepala Dinas Komunikasi dan Elektronika TNI Angkatan Udara (Kadiskomlekau),0114
0114.28,5,Kepala Dinas Konstruksi TNI Angkatan Udara (Kadiskonsau),0114
0114.29,5,Kepala Dinas Pengadaan TNI Angkatan Udara (Kadisadaau),0114
0114.30,5,"Kepala Lembaga Kesehatan Penerbangan dan Ruang Angkasa ""Saryanto"" (Kalakespra ""Saryanto"")",0114
0114.31,5,Komandan Pusat Polisi Militer TNI Angkatan Udara (Danpuspomau),0114
0114.32,5,Gubernur Akademi TNI Angkatan Udara (Gubernur AAU),0114
0114.33,5,Komandan Sekolah Staf dan Komando TNI Angkatan Udara (Danseskoau),0114
0114.34,5,"Komandan Komando Pembinaan Doktrin, Pendidikan, dan Latihan TNI Angkatan Udara (Dankodiklatau)",0114
0114.35,5,Komandan Komando Pemeliharaan Materiil TNI Angkatan Udara (Dankoharmatau),0114
0114.36,5,Panglima Korps Pasukan Gerak Cepat (Pangkopasgat),0114
0114.99,5,Perwira TNI Angkatan Udara Lainnya,0114
0115,4,Perwira Polri,011
0115.01,5,Kepala Kepolisian Republik Indonesia (Kapolri),0115
0115.02,5,Wakil Kepala Kepolisian Republik Indonesia (Wakapolri),0115
0115.03,5,Inspektur Pengawas Umum (Irwasum),0115
0115.04,5,Asisten Utama Kapolri Bidang Operasi (Astamaops Kapolri),0115
0115.05,5,Asisten Utama Kapolri Bidang Perencanaan Umum dan Anggaran (Astamarena Kapolri),0115
0115.06,5,Asisten Kapolri Bidang Sumber Daya Manusia (As SDM),0115
0115.07,5,Asisten Kapolri Bidang Logistik (Aslog Kapolri),0115
0115.08,5,Kepala Divisi Profesi dan Pengamanan (Kadivpropam),0115
0115.09,5,Kepala Divisi Hukum (Kadivkum),0115
0115.10,5,Kepala Divisi Hubungan Masyarakat (Kadivhumas),0115
0115.11,5,Kepala Divisi Hubungan Internasional (Kadivhubinter),0115
0115.12,5,Kepala Divisi Teknologi Informasi dan Komunikasi (Kadiv TIK),0115
0115.13,5,Staf Ahli Kapolri (Sahli Kapolri),0115
0115.14,5,Kepala Badan Intelijen Keamanan (Kabaintelkam),0115
0115.15,5,Kepala Badan Pemelihara Keamanan (Kabaharkam),0115
0115.16,5,Kepala Badan Reserse Kriminal (Kabareskrim),0115
0115.17,5,Kepala Korps Lalu Lintas (Kakorlantas),0115
0115.18,5,Komandan Korps Brigade Mobil (Dankorbrimob),0115
0115.19,5,Kepala Detasemen Khusus 88 Anti Teror (Kadensus 88 AT),0115
0115.20,5,Kepala Lembaga Pendidikan dan Pelatihan (Kalemdiklat Polri),0115
0115.21,5,Kepala Sekolah Staf dan Pimpinan (Kasespim),0115
0115.22,5,Kepala Sekolah Staf dan Pimpinan Pertama (Kasespimma),0115
0115.23,5,Kepala Sekolah Staf dan Pimpinan Menengah (Kasespimmen),0115
0115.24,5,Kepala Sekolah Staf dan Pimpinan Tinggi (Kasespimti),0115
0115.25,5,Ketua Sekolah Tinggi Ilmu Kepolisian (Ketua STIK),0115
0115.26,5,Gubernur Akademi Kepolisian (Gubernur Akpol),0115
0115.27,5,Kepala Sekolah Pembentukan Perwira (Kasetukpa),0115
0115.28,5,Kepala Pendidikan dan Pelatihan Khusus Kejahatan Transnasional (Kadiklatsus Jatrans),0115
0115.29,5,Kepala Pusat Penelitian dan Pengembangan (Kapuslitbang),0115
0115.30,5,Kepala Keuangan (Kapuskeu),0115
0115.31,5,Kepala Pusat Kedokteran dan Kesehatan (Kapusdokkes),0115
0115.32,5,Kepala Pusat Sejarah (Kapusjarah),0115
0115.33,5,Kepala Kepolisian Daerah (Kapolda),0115
0115.34,5,Kepala Kepolisian Resor (Kapolres),0115
0115.35,5,Kepala Kepolisian Sektor (Kapolsek),0115
0115.99,5,Perwira Polri Lainnya,0115
02,2,Bintara TNI dan Polri,0
021,3,Bintara TNI dan Polri,02
0211,4,Bintara Markas Besar TNI,021
0211.00,5,Bintara Markas Besar TNI,0211
0212,4,Bintara TNI Angkatan Darat,021
0212.00,5,Bintara TNI Angkatan Darat,0212
0213,4,Bintara TNI Angkatan Laut,021
0213.00,5,Bintara TNI Angkatan Laut,0213
0214,4,Bintara TNI Angkatan Udara,021
0214.00,5,Bintara TNI Angkatan Udara,0214
0215,4,Bintara Polri,021
0215.00,5,Bintara Polri,0215
03,2,Tamtama TNI dan Polri,0
031,3,Tamtama TNI dan Polri,03
0311,4,Tamtama Markas Besar TNI,031
0311.00,5,Tamtama Markas Besar TNI,0311
0312,4,Tamtama TNI Angkatan Darat,031
0312.00,5,Tamtama TNI Angkatan Darat,0312
0313,4,Tamtama TNI Angkatan Laut,031
0313.00,5,Tamtama TNI Angkatan Laut,0313
0314,4,Tamtama TNI Angkatan Udara,031
0314.00,5,Tamtama TNI Angkatan Udara,0314
0315,4,Tamtama Polri,031
0315.00,5,Tamtama Polri,0315
1,1,Manajer,
11,2,"Pimpinan Eksekutif, Pejabat Tinggi Pemerintah, dan Pejabat Pembuat Peraturan Perundang-undangan",1
111,3,Pejabat Pembuat Peraturan Perundang-undangan dan Pejabat Tinggi Pemerintah,11
1111,4,Pejabat Pembuat Peraturan Perundang-undangan,111
1111.01,5,"Anggota Parlemen (MPR, DPR, DPRD, dan DPD)",1111
1111.02,5,Presiden dan Wakil Presiden,1111
1111.03,5,Gubernur,1111
1111.04,5,Wali Kota dan Bupati,1111
1111.05,5,Menteri,1111
1111.99,5,Pejabat Pembuat Peraturan Perundang-Undangan Lainnya,1111
1112,4,Pejabat Tinggi Pemerintah,111
1112.01,5,Duta Besar,1112
1112.02,5,Konsulat Jenderal,1112
1112.03,5,Sekretaris Kabinet,1112
1112.04,5,Inspektur Jenderal dan Inspektur Utama (Kementerian/Lembaga),1112
1112.05,5,Direktur Jenderal dan Deputi (Kementerian/Lembaga),1112
1112.06,5,Jaksa Agung,1112
1112.07,5,Sekretaris Daerah,1112
1112.99,5,Pejabat Tinggi Pemerintah Lainnya,1112
1113,4,Ketua Adat dan Kepala Wilayah,111
1113.01,5,Ketua Adat,1113
1113.02,5,Camat,1113
1113.03,5,Kepala Desa,1113
1113.04,5,Lurah,1113
1113.99,5,Ketua Adat dan Kepala Wilayah Lainnya,1113
1114,4,Pimpinan Organisasi Bidang Khusus,111
1114.00,5,Pimpinan Organisasi Bidang Khusus,1114
112,3,Pimpinan Eksekutif dan Direktur Pelaksana,11
1120,4,Pimpinan Eksekutif dan Direktur Pelaksana,112
1120.01,5,Direktur Eksekutif/Chief Executive Officer (CEO),1120
1120.02,5,Direktur Utama,1120
1120.03,5,Direktur Pelaksana,1120
1120.04,5,Manajer Regional/Wilayah,1120
1120.05,5,Direktur Operasional,1120
1120.99,5,Pimpinan Eksekutif dan Direktur Pelaksana Lainnya,1120
12,2,Manajer Administrasi dan Komersial,1
121,3,Manajer Pelayanan Bisnis dan Administrasi Bisnis,12
1211,4,Manajer Keuangan,121
1211.01,5,Manajer Administrasi,1211
1211.02,5,Sekretaris Perusahaan,1211
1211.03,5,Manajer Administrasi Keuangan,1211
1211.99,5,Manajer Keuangan Lainnya,1211
1212,4,Manajer Sumber Daya Manusia,121
1212.01,5,Manajer Hubungan Industrial,1212
1212.02,5,Manajer Personalia,1212
1212.03,5,Manajer Perekrutan,1212
1212.04,5,Manajer Kompensasi dan Tunjangan,1212
1212.05,5,Manajer Pelatihan,1212
1212.99,5,Manajer Sumber Daya Manusia Lainnya,1212
1213,4,Manajer Perencanaan dan Kebijakan,121
1213.01,5,Manajer Kebijakan,1213
1213.02,5,Manajer Perencanaan Strategis,1213
1213.03,5,Manajer Perencanaan Korporasi,1213
1213.04,5,Manajer Mutu,1213
1213.99,5,Manajer Kebijakan dan Perencanaan Lainnya,1213
1219,4,Manajer Pelayanan Bisnis dan Administrasi Bisnis YTDL,121
1219.01,5,Manajer Jasa Administrasi,1219
1219.02,5,Manajer Jasa Kebersihan,1219
1219.03,5,Manajer Jasa Perusahaan,1219
1219.04,5,Manajer Sarana dan Prasarana,1219
1219.05,5,Manajer Kantor Depan (Front Office Manager),1219
1219.06,5,Manajer Keberlanjutan (Sustainability Manager),1219
1219.99,5,Manajer Pelayanan Bisnis dan Administrasi Bisnis YTDL Lainnya,1219
122,3,"Manajer Penjualan, Pemasaran, dan Pengembangan Usaha",12
1221,4,Manajer Penjualan dan Pemasaran,122
1221.01,5,Manajer Penjualan,1221
1221.02,5,Manajer Pemasaran (Umum),1221
1221.03,5,Manajer Pemasaran Digital (Digital Marketing),1221
1221.04,5,Manajer Pengalaman Pelanggan (Customer Experience),1221
1221.99,5,Manajer Penjualan dan Pemasaran Lainnya,1221
1222,4,Manajer Periklanan dan Hubungan Masyarakat,122
1222.01,5,Manajer Periklanan,1222
1222.02,5,Manajer Hubungan Masyarakat,1222
1222.99,5,Manajer Periklanan dan Hubungan Masyarakat Lainnya,1222
1223,4,Manajer Penelitian dan Pengembangan,122
1223.01,5,Manajer Penelitian,1223
1223.02,5,Manajer Pengembangan Produk,1223
1223.03,5,Koordinator Penelitian Klinis,1223
1223.04,5,Manajer Pengembangan Bisnis,1223
1223.05,5,Manajer Teknologi dan Pengembangan Produk Biofuel/Biodiesel,1223
1223.06,5,Manajer Ilmu Pengetahuan Alam,1223
1223.99,5,Manajer Penelitian dan Pengembangan Lainnya,1223
13,2,Manajer Produksi dan Pelayanan Khusus,1
131,3,"Manajer Produksi Pertanian, Kehutanan, dan Perikanan",13
1311,4,Manajer Produksi Pertanian dan Kehutanan,131
1311.01,5,Manajer Pertanian Tanaman Pangan,1311
1311.02,5,Manajer Pertanian Hortikultura,1311
1311.03,5,Manajer Perkebunan,1311
1311.04,5,Manajer Peternakan,1311
1311.05,5,Manajer Kehutanan,1311
1311.06,5,Kepala Departemen Kesehatan Hewan (Animal Health),1311
1311.07,5,Manajer Penangkaran Tumbuhan,1311
1311.08,5,Kepala Departemen Kesejahteraan Hewan (Animal Welfare),1311
1311.09,5,Manajer Penangkaran Biota Air,1311
1311.10,5,Manajer Penangkaran Burung,1311
1311.11,5,Manajer Penangkaran Mamalia,1311
1311.12,5,Manajer Penangkaran Satwa Liar,1311
1311.13,5,Manajer Penangkaran Serangga,1311
1311.14,5,Manajer Pengelolaan Konservasi Air,1311
1311.15,5,Manajer Pengendalian dan Penanggulangan Kebakaran Hutan,1311
1311.16,5,Manajer Penangkaran Reptil,1311
1311.99,5,Manajer Produksi Pertanian dan Kehutanan Lainnya,1311
1312,4,Manajer Produksi Penangkapan dan Budidaya Ikan,131
1312.01,5,Manajer Produksi Budidaya Ikan,1312
1312.02,5,Manajer Operasional Penangkapan Ikan,1312
1312.03,5,Kapten Kapal Penangkap Ikan,1312
1312.99,5,Manajer Produksi Penangkapan dan Budidaya Ikan Lainnya,1312
132,3,"Manajer Manufaktur, Pertambangan, Konstruksi, dan Distribusi",13
1321,4,Manajer Manufaktur,132
1321.01,5,Manajer Umum Industri Pengolahan,1321
1321.02,5,Manajer Produksi dan Operasional Industri Pengolahan,1321
1321.03,5,Manajer Pembangkitan Listrik,1321
1321.04,5,Manajer Proyek Ekonomi Sirkular,1321
1321.05,5,Manajer Sistem Pengendalian Kualitas,1321
1321.99,5,Manajer Manufaktur Lainnya,1321
1322,4,Manajer Pertambangan dan Penggalian,132
1322.01,5,Manajer Umum Pertambangan dan Penggalian,1322
1322.02,5,Manajer Produksi Pertambangan,1322
1322.03,5,Manajer Produksi Ekstraksi Minyak dan Gas,1322
1322.04,5,Manajer Produksi Penggalian,1322
1322.99,5,Manajer Pertambangan dan Penggalian Lainnya,1322
1323,4,Manajer Konstruksi,132
1323.01,5,Manajer Proyek Konstruksi Bangunan Sipil,1323
1323.02,5,Manajer Proyek Konstruksi Bangunan dan Tempat Tinggal,1323
1323.99,5,Manajer Konstruksi Lainnya,1323
1324,4,"Manajer Pengadaan, Distribusi, dan YBDI",132
1324.01,5,Manajer Logistik,1324
1324.02,5,Manajer Pengadaan dan Distribusi,1324
1324.03,5,Manajer Rantai Pasokan,1324
1324.04,5,Manajer Gudang,1324
1324.05,5,Manajer Perusahaan Angkutan,1324
1324.06,5,Kepala Stasiun Kereta,1324
1324.07,5,Kepala Terminal Bus,1324
1324.08,5,"Kepala Angkutan Sungai, Danau, dan Penyeberangan (ASDP)",1324
1324.09,5,Kepala Pelabuhan Laut,1324
1324.10,5,Kepala Bandar Udara,1324
1324.11,5,Manajer Pos,1324
1324.99,5,"Manajer Pengadaan, Distribusi, dan YBDI Lainnya",1324
133,3,Manajer Layanan Teknologi Informasi dan Komunikasi,13
1330,4,Manajer Layanan Teknologi Informasi dan Komunikasi,133
1330.01,5,Manajer Pengembangan Aplikasi Teknologi Informasi dan Komunikasi,1330
1330.02,5,Manajer Teknologi Informasi,1330
1330.03,5,Manajer Operasi Data,1330
1330.04,5,Manajer Pengolahan Data,1330
1330.05,5,Manajer Pengembangan Teknologi Informasi dan Komunikasi,1330
1330.06,5,Manajer Sistem Informasi,1330
1330.07,5,Manajer Penyedia Jasa Internet (Internet Service Provider/ISP),1330
1330.08,5,Manajer Jaringan,1330
1330.09,5,Manajer Telekomunikasi,1330
1330.10,5,Manajer Keamanan Informasi dan Keamanan Siber,1330
1330.11,5,Direktur Keamanan Informasi,1330
1330.99,5,Manajer Layanan Teknologi Informasi dan Komunikasi Lainnya,1330
134,3,Manajer Jasa Profesional,13
1341,4,Manajer Jasa Penitipan Anak,134
1341.00,5,Manajer Jasa Penitipan Anak,1341
1342,4,Manajer Jasa Kesehatan,134
1342.01,5,Direktur Klinis,1342
1342.02,5,Koordinator Kesehatan Masyarakat,1342
1342.03,5,Direktur Keperawatan,1342
1342.04,5,Kepala Bidang Pelayanan Kesehatan,1342
1342.05,5,Administrator Kesehatan,1342
1342.06,5,Manajer Kasus Perawatan,1342
1342.99,5,Manajer Jasa Kesehatan Lainnya,1342
1343,4,Manajer Jasa Perawatan Lanjut Usia,134
1343.01,5,Direktur Rumah Perawatan Lanjut Usia,1343
1343.02,5,Koordinator Komunitas Perawatan Lanjut Usia,1343
1343.03,5,Direktur Rumah Perawatan Intensif Lanjut Usia,1343
1343.04,5,Koordinator Perkampungan Pensiun,1343
1343.05,5,Koordinator Perawatan Residensial,1343
1343.06,5,Supervisor Perawatan Lanjut Usia,1343
1343.07,5,Manajer Perawatan Jangka Panjang,1343
1343.99,5,Manajer Jasa Perawatan Lanjut Usia Lainnya,1343
1344,4,Manajer Kesejahteraan Sosial,134
1344.01,5,Manajer Pusat Komunitas Masyarakat,1344
1344.02,5,Manajer Pelayanan Keluarga,1344
1344.03,5,Manajer Jasa Perumahan,1344
1344.04,5,Manajer Pusat Kesejahteraan,1344
1344.99,5,Manajer Kesejahteraan Sosial Lainnya,1344
1345,4,Manajer Pendidikan,134
1345.01,5,Rektor,1345
1345.02,5,Dekan,1345
1345.03,5,Kepala Sekolah Menengah Atas dan Sederajat,1345
1345.04,5,Kepala Sekolah Menengah Pertama dan Sederajat,1345
1345.05,5,Kepala Sekolah Dasar dan Sederajat,1345
1345.06,5,Kepala Sekolah Taman Kanak-Kanak dan Sederajat,1345
1345.07,5,Kepala Sekolah Kelompok Bermain/Pendidikan Anak Usia Dini,1345
1345.08,5,Manajer Lembaga Bimbingan Belajar,1345
1345.09,5,Manajer Lembaga Pendidikan Bahasa,1345
1345.10,5,Manajer Lembaga Pendidikan Matematika,1345
1345.11,5,Manajer Lembaga Pendidikan Komputer,1345
1345.12,5,Manajer Lembaga Pendidikan Manajemen dan Perbankan,1345
1345.13,5,Manajer Lembaga Pendidikan Budaya,1345
1345.14,5,Ketua Jurusan/Program Studi,1345
1345.99,5,Manajer Pendidikan Lainnya,1345
1346,4,Manajer Jasa Keuangan dan Asuransi,134
1346.01,5,Manajer Bank,1346
1346.02,5,Manajer Lembaga Perkreditan,1346
1346.03,5,Manajer Koperasi,1346
1346.04,5,Manajer Investasi,1346
1346.05,5,Manajer Lembaga Asuransi,1346
1346.06,5,Manajer Dana Pensiun,1346
1346.07,5,Manajer Pegadaian,1346
1346.99,5,Manajer Jasa Keuangan dan Asuransi Lainnya,1346
1349,4,Manajer Jasa Profesional Lainnya,134
1349.01,5,Manajer Arsip,1349
1349.02,5,Manajer Galeri Seni,1349
1349.03,5,Manajer Perpustakaan,1349
1349.04,5,Manajer Museum,1349
1349.05,5,Manajer Layanan Hukum,1349
1349.06,5,Kepala Lembaga Pemasyarakatan,1349
1349.99,5,Manajer Jasa Profesional Lainnya YTDL,1349
14,2,"Manajer Jasa Perhotelan, Perdagangan, dan Jasa Lainnya",1
141,3,Manajer Hotel dan Penyediaan Makanan dan Minuman,14
1411,4,Manajer Hotel,141
1411.01,5,Manajer Hotel Bintang,1411
1411.02,5,"Manajer Hotel Melati, Motel, dan Wisma",1411
1411.03,5,Manajer Penginapan Remaja,1411
1411.04,5,Manajer Apartemen Hotel,1411
1411.05,5,Manajer Penatu,1411
1411.99,5,Manajer Hotel Lainnya,1411
1412,4,Manajer Penyediaan Makanan dan Minuman,141
1412.01,5,Manajer Restoran,1412
1412.02,5,Manajer Warung Makan,1412
1412.03,5,Manajer Katering,1412
1412.04,5,Manajer Kafe,1412
1412.05,5,Manajer Kedai Kopi,1412
1412.99,5,Manajer Penyediaan Makanan dan Minuman Lainnya,1412
142,3,Manajer Perdagangan Besar dan Eceran,14
1420,4,Manajer Perdagangan Besar dan Eceran,142
1420.01,5,Manajer Perdagangan Besar,1420
1420.02,5,Manajer Supermarket/Minimarket,1420
1420.03,5,Manajer Toko,1420
1420.04,5,Manajer Department Store,1420
1420.99,5,Manajer Perdagangan Besar dan Eceran Lainnya,1420
143,3,Manajer Jasa Lainnya,14
1431,4,"Manajer Pusat Olahraga, Rekreasi, dan Budaya",143
1431.01,5,Manajer Taman Hiburan/Rekreasi,1431
1431.02,5,Manajer Rumah Biliar,1431
1431.03,5,Manajer Bioskop,1431
1431.04,5,Manajer Teater,1431
1431.05,5,Manajer Pusat Olahraga atau Kebugaran,1431
1431.06,5,Manajer Sekolah Mengemudi,1431
1431.07,5,Manajer Klub Olahraga,1431
1431.08,5,Manajer Spa,1431
1431.99,5,"Manajer Pusat Olahraga, Rekreasi dan Budaya Lainnya",1431
1439,4,Manajer Jasa Lainnya YTDL,143
1439.01,5,Manajer Agen Perjalanan,1439
1439.02,5,Manajer Acara dan Pusat Konferensi,1439
1439.03,5,Manajer Pusat Perbelanjaan,1439
1439.04,5,Manajer Bumi Perkemahan,1439
1439.05,5,Manajer Pondok Wisata,1439
1439.06,5,Manajer Vila,1439
1439.07,5,Manajer Rumah Kos,1439
1439.08,5,Manajer Pusat Informasi,1439
1439.09,5,Koordinator Operasional Desa Wisata,1439
1439.10,5,Manajer Pemandu Geowisata Kawasan,1439
1439.99,5,Manajer Jasa Lainnya YTDL,1439
2,1,Profesional,
21,2,Ahli Ilmu Pengetahuan dan Teknik,2
211,3,Ahli Fisika dan Ilmu Bumi,21
2111,4,Ahli Fisika dan Astronomi,211
2111.01,5,Ahli Fisika (Umum),2111
2111.02,5,Ahli Fisika Nuklir,2111
2111.03,5,Ahli Fisika Mekanika,2111
2111.04,5,Ahli Fisika Panas,2111
2111.05,5,Ahli Fisika Sinar,2111
2111.06,5,Ahli Fisika Suara,2111
2111.07,5,Ahli Fisika Listrik dan Magnet,2111
2111.08,5,Ahli Fisika Elektronika,2111
2111.09,5,Ahli Fisika Medis,2111
2111.10,5,Ahli Astronomi,2111
2111.99,5,Ahli Fisika dan Astronomi Lainnya,2111
2112,4,Ahli Meteorologi dan Klimatologi,211
2112.01,5,Ahli Meteorologi (Umum),2112
2112.02,5,Ahli Klimatologi,2112
2112.03,5,Ahli Prakiraan Cuaca,2112
2112.04,5,Ahli Hidrometeorologi,2112
2112.99,5,Ahli Meteorologi dan Klimatologi Lainnya,2112
2113,4,Ahli Kimia,211
2113.01,5,Ahli Kimia (Umum),2113
2113.02,5,Ahli Kimia Organik,2113
2113.03,5,Ahli Kimia Anorganik,2113
2113.04,5,Ahli Kimia Fisika,2113
2113.05,5,Ahli Kimia Analitik,2113
2113.06,5,Ilmuwan Material,2113
2113.99,5,Ahli Kimia Lainnya,2113
2114,4,Ahli Geologi dan Geofisika,211
2114.01,5,Ahli Geologi (Umum),2114
2114.02,5,Ahli Geologi Kelautan,2114
2114.03,5,Ahli Geologi Pertambangan,2114
2114.04,5,Ahli Geofisika (Umum),2114
2114.05,5,Ahli Geofisika Kelautan,2114
2114.06,5,Ahli Hidrologi,2114
2114.07,5,Ahli Panas Bumi,2114
2114.99,5,Ahli Geologi dan Geofisika Lainnya,2114
212,3,"Ahli Matematika, Aktuaria, dan Statistika",21
2120,4,"Ahli Matematika, Aktuaria, dan Statistika",212
2120.01,5,Ahli Matematika Murni,2120
2120.02,5,Ahli Matematika Terapan,2120
2120.03,5,Ahli Analisis Riset Operasi (Quality Control Management),2120
2120.04,5,Aktuaris,2120
2120.05,5,Ahli Statistika (Umum),2120
2120.06,5,Ahli Statistika Matematika,2120
2120.07,5,Ahli Statistika (Terapan),2120
2120.99,5,"Ahli Matematika, Aktuaria, dan Statistika Lainnya",2120
213,3,Ahli Ilmu Pengetahuan Hayati,21
2131,4,"Ahli Biologi, Botani, Zoologi, dan YBDI",213
2131.01,5,Ahli Perilaku Hewan,2131
2131.02,5,Ahli Bakteriologi,2131
2131.03,5,Ahli Biologi (Umum),2131
2131.04,5,Ahli Biologi Kelautan,2131
2131.05,5,Ahli Biologi Molekuler,2131
2131.06,5,Ahli Botani,2131
2131.07,5,Ahli Zoologi,2131
2131.08,5,Ahli Biokimia,2131
2131.09,5,Ahli Anatomi,2131
2131.10,5,Ahli Fisiologi,2131
2131.11,5,Ahli Patologis Medis,2131
2131.12,5,Ahli Patologi Hewan,2131
2131.13,5,Ahli Farmakologi,2131
2131.14,5,Ahli Epidemiologi,2131
2131.15,5,Ahli Bioinformatika,2131
2131.16,5,Ahli Genetika,2131
2131.99,5,"Ahli Biologi, Botani, Zoologi, dan YBDI Lainnya",2131
2132,4,"Penasihat Pertanian, Kehutanan, dan Perikanan",213
2132.01,5,Ahli Agronomi,2132
2132.02,5,Ahli Kehutanan,2132
2132.03,5,Ahli Penelitian Tanah,2132
2132.04,5,Ahli Hortikultura,2132
2132.05,5,Konsultan Pertanian dan Perikanan,2132
2132.06,5,Konsultan Kehutanan,2132
2132.07,5,Ahli Kebakaran Hutan dan Lahan,2132
2132.08,5,Asesor Konflik,2132
2132.09,5,Ahli Valuasi Ekonomi Dampak Kebakaran Hutan dan Lahan,2132
2132.10,5,Mediator Konflik,2132
2132.99,5,"Penasihat Pertanian, Kehutanan dan Perikanan Lainnya",2132
2133,4,Ahli Perlindungan Lingkungan,213
2133.01,5,Ahli Ekologi,2133
2133.02,5,Analis Polusi Udara,2133
2133.03,5,Ahli Konservasi,2133
2133.04,5,Auditor Lingkungan,2133
2133.05,5,Ilmuwan Lingkungan,2133
2133.06,5,Analis Mutu Air,2133
2133.07,5,Konsultan Lingkungan,2133
2133.08,5,Analis Keberlanjutan,2133
2133.09,5,Spesialis Penilaian Siklus Hidup,2133
2133.10,5,Spesialis Restorasi Lingkungan,2133
2133.11,5,Auditor Kehutanan,2133
2133.12,5,Ilmuwan Riset Ekonomi Sirkular,2133
2133.13,5,Konsultan Ekonomi Sirkular,2133
2133.99,5,Ahli Perlindungan Lingkungan Lainnya,2133
214,3,Ahli Teknik (Selain Ahli Teknologi Elektro),21
2141,4,Ahli Teknik Industri dan Produksi,214
2141.01,5,Ahli Teknik Efisiensi Industri,2141
2141.02,5,Ahli Teknik Sistem dan Metoda Kerja Industri,2141
2141.03,5,Ahli Teknik Pengukuran Kerja Industri,2141
2141.04,5,Ahli Teknik Mesin Industri,2141
2141.05,5,Ahli Teknik Produksi Industri,2141
2141.99,5,Ahli Teknik Industri dan Produksi Lainnya,2141
2142,4,Ahli Teknik Sipil,214
2142.01,5,Ahli Teknik Sipil (Umum),2142
2142.02,5,Ahli Teknik Konstruksi Bangunan,2142
2142.03,5,Ahli Teknik Konstruksi Jalan,2142
2142.04,5,Ahli Teknik Konstruksi Landasan Pesawat Udara,2142
2142.05,5,Ahli Teknik Konstruksi Jalan Kereta Api,2142
2142.06,5,Ahli Teknik Konstruksi Jembatan,2142
2142.07,5,Ahli Teknik Penyehatan Lingkungan,2142
2142.08,5,Ahli Teknik Pengairan,2142
2142.09,5,Ahli Teknik Mekanika Tanah,2142
2142.10,5,Ahli Teknik Transportasi,2142
2142.99,5,Ahli Teknik Sipil Lainnya,2142
2143,4,Ahli Teknik Lingkungan,214
2143.01,5,Perekayasa Lingkungan,2143
2143.02,5,Analis Lingkungan,2143
2143.03,5,Spesialis Rehabilitasi Lingkungan,2143
2143.99,5,Ahli Teknik Lingkungan Lainnya,2143
2144,4,Ahli Teknik Mekanika,214
2144.01,5,Ahli Teknik Mesin (Umum),2144
2144.02,5,Ahli Teknik Mesin dan Peralatan Industri,2144
2144.03,5,Ahli Teknik Mesin Motor Penggerak (Selain Mesin Kapal),2144
2144.04,5,Ahli Teknik Mesin Kapal,2144
2144.05,5,Ahli Teknik Konstruksi Kapal,2144
2144.06,5,Ahli Teknik Industri Pesawat Terbang,2144
2144.07,5,Ahli Teknik Mobil,2144
2144.08,5,"Ahli Teknik Pemanasan, Ventilasi, dan Pendinginan (HVAC)",2144
2144.09,5,Ahli Teknik Mesin Tenaga Atom,2144
2144.99,5,Ahli Teknik Mekanika Lainnya,2144
2145,4,Ahli Teknik Kimia,214
2145.01,5,Ahli Teknik Kimia (Umum),2145
2145.02,5,Ahli Teknik Kimia Bahan Bakar,2145
2145.03,5,Ahli Teknik Kimia Plastik,2145
2145.99,5,Ahli Teknik Kimia Lainnya,2145
2146,4,"Ahli Teknik Pertambangan, Metalurgi, dan YBDI",214
2146.01,5,Ahli Teknik Pertambangan (Umum),2146
2146.02,5,Ahli Teknik Pertambangan Batu Bara,2146
2146.03,5,Ahli Teknik Pertambangan Logam,2146
2146.04,5,Ahli Teknik Pertambangan Minyak Bumi dan Gas Alam,2146
2146.05,5,Ahli Metalurgi Ekstraksi,2146
2146.06,5,Ahli Metalurgi Fisika,2146
2146.99,5,"Ahli Teknik Pertambangan, Metalurgi, dan YBDI Lainnya",2146
2149,4,Ahli Teknik Lainnya YTDL,214
2149.01,5,Ahli Teknik Keramik dan Kaca,2149
2149.02,5,Ahli Teknik Pertanian,2149
2149.03,5,Ahli Teknik Bahan Makanan dan Minuman,2149
2149.04,5,Ahli Teknik Tekstil,2149
2149.05,5,Ahli Teknik Perencanaan Sistem Lalu Lintas,2149
2149.06,5,Ahli Teknik Biomedis,2149
2149.07,5,Ahli Teknik Bahan Peledak,2149
2149.08,5,Ahli Teknik Salvage (Penyelamatan Laut),2149
2149.09,5,Ahli Teknik Keselamatan,2149
2149.10,5,Ahli Teknik Optikal,2149
2149.11,5,Ahli Energi,2149
2149.12,5,Ahli Teknik Material,2149
2149.13,5,Ahli Kuantitas,2149
2149.14,5,Ahli Teknik Mekatronika,2149
2149.15,5,Ahli Teknik Sistem Energi Surya,2149
2149.16,5,Ahli Teknik Nanosistem,2149
2149.99,5,Ahli Teknik Lainnya YTDL,2149
215,3,Ahli Teknik Teknologi Elektro,21
2151,4,Ahli Teknik Listrik,215
2151.01,5,Ahli Teknik Listrik (Umum),2151
2151.02,5,Ahli Teknik Pembangkit Tenaga Listrik,2151
2151.03,5,Ahli Teknik Distribusi dan Transmisi Tenaga Listrik,2151
2151.04,5,Ahli Teknik Elektromekanik,2151
2151.99,5,Ahli Teknik Listrik Lainnya,2151
2152,4,Ahli Teknik Elektronik,215
2152.01,5,Ahli Teknik Elektronik (Umum),2152
2152.02,5,Ahli Teknik Perangkat Keras Komputer,2152
2152.03,5,Ahli Teknik Instrumentasi (Alat Ukur),2152
2152.99,5,Ahli Teknik Elektronik Lainnya,2152
2153,4,Ahli Teknik Telekomunikasi,215
2153.01,5,Insinyur Telekomunikasi,2153
2153.02,5,Ahli Teknik Penyiaran dan Audio Visual,2153
2153.03,5,Ahli Teknologi Rekayasa Telekomunikasi,2153
2153.99,5,Ahli Teknik Telekomunikasi Lainnya,2153
216,3,"Arsitek, Perencana, Surveyor, dan Desainer",21
2161,4,Arsitek Bangunan,216
2161.01,5,Arsitek Gedung,2161
2161.02,5,Arsitek Interior,2161
2161.99,5,Arsitek Bangunan Lainnya,2161
2162,4,Arsitek Pertamanan/Lanskap,216
2162.00,5,Arsitek Pertamanan/Lanskap,2162
2163,4,Desainer Produk dan Pakaian Jadi,216
2163.01,5,Desainer Kostum,2163
2163.02,5,Desainer Busana,2163
2163.03,5,Desainer Perhiasan,2163
2163.04,5,Desainer Produk Industri,2163
2163.05,5,Desainer Tekstil,2163
2163.06,5,Desainer Fesyen,2163
2163.07,5,Desainer Motif dan Ornamen Tekstil,2163
2163.08,5,Spesialis Fesyen Berkelanjutan,2163
2163.99,5,Desainer Produk dan Pakaian Jadi Lainnya,2163
2164,4,Perencana Tata Kota dan Lalu Lintas,216
2164.01,5,Perencana Lahan,2164
2164.02,5,Perencana Tata Kota,2164
2164.03,5,Perencana Lalu Lintas,2164
2164.04,5,Ahli Cagar Budaya,2164
2164.05,5,Perencana Pengelolaan Hutan,2164
2164.99,5,Perencana Tata Kota dan Lalu Lintas Lainnya,2164
2165,4,Ahli Pemetaan dan Surveyor,216
2165.01,5,Surveyor Tanah,2165
2165.02,5,Surveyor Pertambangan,2165
2165.03,5,Surveyor Hidrografi,2165
2165.04,5,Surveyor Topografi,2165
2165.05,5,Surveyor Aerial (Fotogrametri),2165
2165.06,5,Surveyor Kadastral,2165
2165.07,5,Ahli Pemetaan (Kartografer),2165
2165.08,5,Surveyor Kewilayahan,2165
2165.09,5,Ahli Penginderaan Jauh,2165
2165.10,5,Ahli Sistem Informasi Geografis (SIG),2165
2165.11,5,Surveyor Terestris,2165
2165.99,5,Ahli Pemetaan dan Surveyor Lainnya,2165
2166,4,Desainer Grafis dan Multimedia,216
2166.01,5,Animator,2166
2166.02,5,Seniman Digital,2166
2166.03,5,Desainer Grafis,2166
2166.04,5,Ilustrator Teknik,2166
2166.05,5,Desainer Permainan Interaktif,2166
2166.06,5,Ilustrator,2166
2166.07,5,Seniman Lithografi,2166
2166.08,5,Desainer Multimedia,2166
2166.09,5,Desainer Publikasi,2166
2166.10,5,Desainer Situs Web,2166
2166.11,5,Kepala Teknis Kreatif,2166
2166.99,5,Desainer Grafis dan Multimedia Lainnya,2166
22,2,Profesional Kesehatan,2
221,3,Dokter Medis,22
2211,4,Praktisi Dokter Umum,221
2211.01,5,Dokter Umum,2211
2211.02,5,Dokter Keluarga,2211
2211.99,5,Praktisi Dokter Umum Lainnya,2211
2212,4,Praktisi Dokter Spesialis,221
2212.01,5,Dokter Spesialis Anestesi,2212
2212.02,5,Dokter Spesialis Jantung,2212
2212.03,5,Dokter Spesialis Kulit dan Kelamin,2212
2212.04,5,"Dokter Spesialis Telinga, Hidung, dan Tenggorokan",2212
2212.05,5,Dokter Spesialis Kandungan,2212
2212.06,5,Dokter Spesialis Mata,2212
2212.07,5,Dokter Spesialis Anak,2212
2212.08,5,Psikiater,2212
2212.09,5,Dokter Spesialis Penyakit Dalam,2212
2212.10,5,Dokter Spesialis Saraf,2212
2212.11,5,Dokter Spesialis Patologi,2212
2212.12,5,Dokter Spesialis Paru,2212
2212.13,5,Dokter Spesialis Radiologi,2212
2212.14,5,Dokter Spesialis Bedah Umum,2212
2212.15,5,Dokter Spesialis Bedah Digestif,2212
2212.16,5,Dokter Spesialis Bedah Saraf,2212
2212.17,5,Dokter Spesialis Bedah Ortopedi dan Traumatologi,2212
2212.18,5,Dokter Spesialis Bedah Onkologi,2212
2212.19,5,Dokter Spesialis Bedah Plastik,2212
2212.20,5,Dokter Spesialis Bedah Torak Kardiovaskular,2212
2212.21,5,Dokter Spesialis Medis Olahraga,2212
2212.22,5,Dokter Spesialis Urologi,2212
2212.23,5,Dokter Spesialis Mikrobiologi Klinis,2212
2212.99,5,Praktisi Dokter Spesialis Lainnya,2212
222,3,Profesional Keperawatan dan Kebidanan,22
2221,4,Profesional Keperawatan,222
2221.01,5,Perawat Ahli,2221
2221.02,5,Perawat Spesialis,2221
2221.03,5,Perawat Kesehatan Masyarakat,2221
2221.04,5,Perawat Kesehatan Kerja,2221
2221.05,5,Perawat,2221
2221.06,5,Perawat Anestesi,2221
2221.07,5,Spesialis Perawat Geriatri,2221
2221.08,5,Supervisor Perawatan Lanjut Usia,2221
2221.09,5,Supervisor Pengasuh Daycare,2221
2221.99,5,Profesional Keperawatan Lainnya,2221
2222,4,Profesional Kebidanan,222
2222.01,5,Bidan,2222
2222.99,5,Profesional Kebidanan Lainnya,2222
223,3,Profesional Pengobatan Tradisional dan Komplementer,22
2230,4,Profesional Pengobatan Tradisional dan Komplementer,223
2230.01,5,Ahli Akupuntur,2230
2230.02,5,Ahli Pengobatan Herbal Cina,2230
2230.03,5,Praktisi Ayurvedic,2230
2230.04,5,Ahli Homeopati,2230
2230.05,5,Ahli Naturopati,2230
2230.06,5,Praktisi Unani,2230
2230.99,5,Profesional Pengobatan Tradisional dan Komplementer Lainnya,2230
224,3,Praktisi Paramedis,22
2240,4,Praktisi Paramedis,224
2240.01,5,Asisten Medik,2240
2240.02,5,Paramedis,2240
2240.03,5,Teknisi Bedah,2240
2240.04,5,Teknisi Forensik,2240
2240.99,5,Praktisi Paramedis Lainnya,2240
225,3,Dokter Hewan,22
2250,4,Dokter Hewan,225
2250.01,5,Dokter Hewan (Umum),2250
2250.02,5,Dokter Hewan Kesehatan Masyarakat,2250
2250.03,5,Dokter Bedah Hewan,2250
2250.04,5,Ahli Penyakit Hewan (Patologi),2250
2250.05,5,Ahli Epidemiologi Hewan,2250
2250.06,5,Dokter Hewan Perusahaan,2250
2250.07,5,Tenaga Ahli Pelayanan Medik Konservasi,2250
2250.08,5,Tenaga Ahli Pelayanan Medik Akuatik,2250
2250.99,5,Dokter Hewan Lainnya,2250
226,3,Profesional Kesehatan Lainnya,22
2261,4,Dokter Gigi,226
2261.01,5,Dokter Gigi (Umum),2261
2261.02,5,Dokter Gigi Kesehatan Masyarakat,2261
2261.03,5,Asisten Bedah Gigi,2261
2261.04,5,Ahli Kesehatan Gigi,2261
2261.05,5,Endodontist,2261
2261.06,5,Ahli Bedah Mulut dan Maxillofacial,2261
2261.07,5,Ahli Penyakit Mulut,2261
2261.08,5,Ortodontis,2261
2261.09,5,Paedodontist,2261
2261.10,5,Periodontist,2261
2261.11,5,Prosthodontist,2261
2261.99,5,Dokter Gigi Lainnya,2261
2262,4,Apoteker,226
2262.00,5,Apoteker,2262
2263,4,Ahli Kesehatan dan Kebersihan Lingkungan Kerja,226
2263.01,5,Petugas Kesehatan Lingkungan,2263
2263.02,5,Penasihat Kesehatan dan Keselamatan Kerja,2263
2263.03,5,Ahli Proteksi Radiasi,2263
2263.04,5,Penasihat Kebijakan Pengasuhan (Caregiving),2263
2263.05,5,Penasihat Kebijakan Anak dan PAUD,2263
2263.06,5,Penasihat Kebijakan Geriatri,2263
2263.99,5,Ahli Kesehatan dan Kebersihan Lingkungan Kerja Lainnya,2263
2264,4,Ahli Fisioterapi,226
2264.01,5,Fisioterapis,2264
2264.02,5,Ahli Terapi Rehabilitasi,2264
2264.03,5,Terapis Geriatri (Terapis Lansia),2264
2264.04,5,Terapis Pediatri (Terapis Anak),2264
2264.05,5,Terapis Ortopedi (Terapis Alat Gerak),2264
2264.06,5,Ahli Kapasitas Fisik,2264
2264.99,5,Ahli Fisioterapi Lainnya,2264
2265,4,Ahli Diet dan Gizi,226
2265.01,5,Ahli Diet Klinis,2265
2265.02,5,Ahli Gizi Klinis,2265
2265.03,5,Ahli Gizi Layanan Makanan,2265
2265.04,5,Ahli Gizi Kesehatan Masyarakat,2265
2265.05,5,Ahli Gizi Olahraga,2265
2265.06,5,Ahli Nutrisi Satwa,2265
2265.99,5,Ahli Diet dan Gizi Lainnya,2265
2266,4,Ahli Terapi Pendengaran dan Terapi Bicara,226
2266.01,5,Ahli Terapi Pendengaran,2266
2266.02,5,Ahli Terapi Bicara,2266
2266.99,5,Ahli Terapi Pendengaran dan Terapi Bicara Lainnya,2266
2267,4,Ahli Optometrik dan Optik Oftalmik,226
2267.01,5,Ophthalmic Optician,2267
2267.02,5,Optometrist,2267
2267.03,5,Orthoptist,2267
2267.99,5,Ahli Optometrik dan Optik Oftalmik Lainnya,2267
2269,4,Ahli Kesehatan YTDL,226
2269.01,5,Terapis Seni,2269
2269.02,5,Terapis Tari dan Gerakan,2269
2269.03,5,Okupasi Terapis,2269
2269.04,5,Ahli Podiatri (Penyakit Kaki),2269
2269.99,5,Ahli Kesehatan YTDL Lainnya,2269
23,2,Profesional Pendidikan,2
231,3,Dosen Universitas dan Pendidikan Tinggi,23
2310,4,Dosen Universitas dan Pendidikan Tinggi,231
2310.01,5,Dosen Ilmu Fisika,2310
2310.02,5,Dosen Ilmu Teknik dan Arsitektur,2310
2310.03,5,Dosen Ilmu Kedokteran dan Ilmu Hayati,2310
2310.04,5,Dosen Ilmu Matematika,2310
2310.05,5,Dosen Ilmu Statistika,2310
2310.06,5,Dosen Ilmu Ekonomi dan Administrasi Niaga,2310
2310.07,5,Dosen Ilmu Hukum,2310
2310.08,5,Dosen Ilmu Pendidikan,2310
2310.09,5,Dosen Ilmu Pertanian,2310
2310.10,5,Dosen Ilmu Sosial dan Politik,2310
2310.11,5,"Dosen Ilmu Bahasa, Sastra, Budaya, dan Sejarah",2310
2310.12,5,Dosen Ilmu Keagamaan,2310
2310.13,5,Dosen Ilmu Kesehatan Masyarakat,2310
2310.14,5,"Dosen Ilmu Terapi Kesehatan, Kebidanan, dan Yang Sejenis",2310
2310.15,5,Dosen Ilmu Olahraga,2310
2310.16,5,Dosen Ilmu Teknologi Industri,2310
2310.17,5,Dosen Ilmu Komputer,2310
2310.18,5,Dosen Ilmu Pariwisata,2310
2310.19,5,Dosen Seni Rupa,2310
2310.99,5,Dosen Universitas dan Pendidikan Tinggi Lainnya,2310
232,3,Pengajar Pendidikan Kejuruan,23
2320,4,Pengajar Pendidikan Kejuruan,232
2320.01,5,Instruktur Teknik Otomotif,2320
2320.02,5,Instruktur Tata Rias,2320
2320.03,5,Guru Pendidikan Kejuruan Menengah Pertama,2320
2320.04,5,Guru Pendidikan Kejuruan Menengah Atas,2320
2320.99,5,Pengajar Pendidikan Kejuruan Lainnya,2320
233,3,Guru Pendidikan Menengah,23
2330,4,Guru Pendidikan Menengah,233
2330.01,5,Guru Pendidikan Menengah Pertama,2330
2330.02,5,Guru Pendidikan Menengah Atas,2330
2330.99,5,Guru Pendidikan Menengah Lainnya,2330
234,3,Guru Sekolah Dasar dan Anak Usia Dini,23
2341,4,Guru Sekolah Dasar,234
2341.01,5,Guru Sekolah Dasar,2341
2341.99,5,Guru Sekolah Dasar Lainnya,2341
2342,4,Guru Anak Usia Dini,234
2342.01,5,Guru Taman Kanak-Kanak,2342
2342.02,5,Guru Pendidikan Anak Usia Dini,2342
2342.03,5,Fasilitator Pengasuh Anak Usia Dini,2342
2342.04,5,Instruktur Pendidikan Anak Usia Dini (PAUD),2342
2342.99,5,Guru Anak Usia Dini Lainnya,2342
235,3,Profesional Bidang Pendidikan Lainnya,23
2351,4,Spesialis Metode Pendidikan,235
2351.01,5,Koordinator Kurikulum,2351
2351.02,5,Pengembang Metode Pendidikan,2351
2351.03,5,Pengawas Sekolah,2351
2351.04,5,Penilik,2351
2351.99,5,Spesialis Metode Pendidikan Lainnya,2351
2352,4,Guru Siswa Berkebutuhan Khusus,235
2352.01,5,Guru Tunadaksa,2352
2352.02,5,Guru Tunarungu,2352
2352.03,5,Guru Tunanetra,2352
2352.99,5,Guru Siswa Berkebutuhan Khusus Lainnya,2352
2353,4,Guru Kursus Bahasa,235
2353.00,5,Guru Kursus Bahasa,2353
2354,4,Guru Kursus Musik,235
2354.01,5,Guru Gitar,2354
2354.02,5,Guru Piano,2354
2354.03,5,Guru Vokal,2354
2354.04,5,Guru Biola,2354
2354.99,5,Guru Kursus Musik Lainnya,2354
2355,4,Guru Kursus Seni,235
2355.01,5,Guru Tari,2355
2355.02,5,Guru Teater/Drama,2355
2355.03,5,Guru Lukis,2355
2355.04,5,Guru Pahat/Ukir,2355
2355.99,5,Guru Kursus Seni Lainnya,2355
2356,4,Pengajar Teknologi Informasi,235
2356.01,5,Pengajar Komputer,2356
2356.02,5,Pengajar Perangkat Lunak,2356
2356.99,5,Pengajar Teknologi Informasi Lainnya,2356
2359,4,Profesional Bidang Pendidikan Lainnya YTDL,235
2359.01,5,Edukator Museum,2359
2359.99,5,Profesional Bidang Pendidikan Lainnya YTDL,2359
24,2,Profesional Bisnis dan Administrasi,2
241,3,Profesional Keuangan,24
2411,4,Akuntan,241
2411.01,5,Akuntan Keuangan,2411
2411.02,5,Auditor,2411
2411.03,5,Pengawas Keuangan,2411
2411.04,5,Akuntan Manajemen,2411
2411.05,5,Akuntan Pajak,2411
2411.99,5,Akuntan Lainnya,2411
2412,4,Konsultan Keuangan dan Investasi,241
2412.01,5,Perencana Estate/Investasi Fisik,2412
2412.02,5,Perencana Keuangan,2412
2412.99,5,Konsultan Keuangan dan Investasi Lainnya,2412
2413,4,Analis Keuangan,241
2413.01,5,Analis Obligasi,2413
2413.02,5,Konsultan Investasi,2413
2413.99,5,Analis Keuangan Lainnya,2413
242,3,Profesional Administrasi,24
2421,4,Analis Manajemen dan Organisasi,242
2421.01,5,Analis Organisasi dan Metode,2421
2421.02,5,Konsultan Bisnis,2421
2421.03,5,Konsultan Manajemen,2421
2421.99,5,Analis Manajemen dan Organisasi Lainnya,2421
2422,4,Profesional Kebijakan Administrasi,242
2422.01,5,Analis Kebijakan,2422
2422.99,5,Profesional Kebijakan Administrasi Lainnya,2422
2423,4,Profesional Personalia dan Karier,242
2423.01,5,Penasihat Karier,2423
2423.02,5,Analis Pekerjaan,2423
2423.03,5,Analis Jabatan,2423
2423.04,5,Konselor Bimbingan Kejuruan,2423
2423.05,5,Pakar Sumber Daya Manusia,2423
2423.06,5,Ahli Penempatan Kerja,2423
2423.99,5,Profesional Personalia dan Karier Lainnya,2423
2424,4,Profesional Pelatihan dan Pengembangan Staf,242
2424.01,5,Petugas Pelatihan,2424
2424.02,5,Spesialis Pengembangan Tenaga Kerja,2424
2424.03,5,Konsultan Pendamping Usaha Mikro Kecil Menengah (UMKM),2424
2424.99,5,Profesional Pelatihan dan Pengembangan Staf Lainnya,2424
243,3,"Profesional Penjualan, Pemasaran, dan Hubungan Masyarakat",24
2431,4,Profesional Periklanan dan Pemasaran,243
2431.01,5,Spesialis Periklanan,2431
2431.02,5,Analis Riset Pasar,2431
2431.03,5,Spesialis Pemasaran,2431
2431.04,5,Spesialis Pemasaran Digital,2431
2431.99,5,Profesional Periklanan dan Pemasaran Lainnya,2431
2432,4,Profesional Hubungan Masyarakat,243
2432.00,5,Profesional Hubungan Masyarakat,2432
2433,4,Profesional Penjualan Produk Teknik dan Medis (selain TIK),243
2433.01,5,Perwakilan Penjualan (Produk Industri),2433
2433.02,5,Perwakilan Penjualan (Produk Medis dan Farmasi),2433
2433.03,5,Perwakilan Penjualan Produk Teknik,2433
2433.99,5,Profesional Penjualan Produk Teknik dan Medis (selain TIK) Lainnya,2433
2434,4,Profesional Penjualan Produk Teknologi Informasi dan Komunikasi,243
2434.00,5,Profesional Penjualan Produk Teknologi Informasi dan Komunikasi,2434
25,2,Profesional Teknologi Informasi dan Komunikasi,2
251,3,Analis dan Pengembang Perangkat Lunak serta Aplikasi,25
2511,4,Analis Sistem,251
2511.01,5,Analis Bisnis (TI),2511
2511.02,5,Konsultan Sistem,2511
2511.03,5,Perancang Sistem (TI),2511
2511.99,5,Analis Sistem Lainnya,2511
2512,4,Pengembang Perangkat Lunak,251
2512.01,5,Analis Pemrograman,2512
2512.02,5,Perancang Perangkat Lunak,2512
2512.03,5,Pemrogram Perangkat Lunak,2512
2512.04,5,Teknisi Perangkat Lunak,2512
2512.05,5,Analis dan Penguji Jaminan Kualitas Perangkat Lunak (QA),2512
2512.99,5,Pengembang Perangkat Lunak Lainnya,2512
2513,4,Pengembang Web dan Multimedia,251
2513.01,5,Programmer Animasi,2513
2513.02,5,Programmer Gim Komputer,2513
2513.03,5,Pengembang Internet,2513
2513.04,5,Programmer Multimedia,2513
2513.05,5,Arsitek Web,2513
2513.06,5,Pengembang Web,2513
2513.07,5,Perancang Antarmuka Web dan Digital,2513
2513.99,5,Pengembang Web dan Multimedia Lainnya,2513
2514,4,Pemrogram Aplikasi,251
2514.00,5,Pemrogram Aplikasi,2514
2515,4,Ahli Kriptografi,251
2515.01,5,Analis Kriptografi,2515
2515.02,5,Perekayasa Kriptografi,2515
2515.03,5,Spesialis Kriptografi,2515
2515.99,5,Ahli Kriptografi Lainnya,2515
2519,4,Analis dan Pengembang Perangkat Lunak dan Aplikasi YTDL,251
2519.01,5,Analis Jaminan Kualitas (Komputer),2519
2519.02,5,Tester Perangkat Lunak,2519
2519.03,5,Tester Sistem,2519
2519.99,5,Analis dan Pengembang Perangkat Lunak dan Aplikasi YTDL Lainnya,2519
252,3,Profesional Basis Data dan Jaringan,25
2521,4,Pengelola dan Desainer Basis Data,252
2521.01,5,Administrator Basis Data,2521
2521.02,5,Analis Basis Data,2521
2521.03,5,Arsitek Basis Data,2521
2521.99,5,Pengelola dan Desainer Basis Data Lainnya,2521
2522,4,Pengelola Sistem,252
2522.01,5,Administrator Sistem,2522
2522.02,5,Administrator Jaringan,2522
2522.99,5,Pengelola Sistem Lainnya,2522
2523,4,Profesional Jaringan Komputer,252
2523.01,5,Analis Komunikasi (Komputer),2523
2523.02,5,Analis Jaringan,2523
2523.99,5,Profesional Jaringan Komputer Lainnya,2523
2529,4,Profesional Basis Data dan Jaringan YTDL,252
2529.01,5,Spesialis Forensik Digital,2529
2529.02,5,Spesialis Keamanan (TIK),2529
2529.03,5,Analis Insiden Siber,2529
2529.04,5,Auditor Keamanan Informasi,2529
2529.05,5,Spesialis Keamanan Siber,2529
2529.06,5,Spesialis Risiko Keamanan Siber,2529
2529.07,5,Spesialis Tata Kelola Keamanan Siber,2529
2529.99,5,Profesional Basis Data dan Jaringan YTDL Lainnya,2529
26,2,"Profesional Hukum, Sosial, dan Budaya",2
261,3,Profesional Hukum,26
2611,4,Pengacara,261
2611.01,5,Advokat,2611
2611.02,5,Jaksa,2611
2611.03,5,Penuntut Umum,2611
2611.04,5,Penasihat Hukum,2611
2611.99,5,Pengacara Lainnya,2611
2612,4,Hakim,261
2612.01,5,Hakim Peradilan Umum,2612
2612.02,5,Hakim Peradilan Agama,2612
2612.03,5,Hakim Peradilan Militer,2612
2612.04,5,Hakim Peradilan Tata Usaha Negara,2612
2612.99,5,Hakim Lainnya,2612
2619,4,Profesional Hukum YTDL,261
2619.01,5,Ahli Hukum (Selain Pengacara atau Hakim),2619
2619.02,5,Notaris,2619
2619.03,5,Spesialis Hak Kekayaan Intelektual,2619
2619.99,5,Profesional Hukum YTDL Lainnya,2619
262,3,"Pustakawan, Arsiparis, dan Kurator",26
2621,4,Arsiparis dan Kurator,262
2621.01,5,Pengarsip,2621
2621.02,5,Kurator Galeri Seni,2621
2621.03,5,Kurator Museum,2621
2621.99,5,Arsiparis dan Kurator Lainnya,2621
2622,4,Pustakawan dan Profesional Informasi YBDI,262
2622.01,5,Ahli Bibliografi,2622
2622.02,5,Juru Katalog,2622
2622.03,5,Pustakawan,2622
2622.99,5,Pustakawan dan Profesional Informasi YBDI Lainnya,2622
263,3,Profesional Sosial dan Keagamaan,26
2631,4,Ahli Ekonomi,263
2631.01,5,Ekonom,2631
2631.02,5,Ahli Ekonometrik,2631
2631.03,5,Penasihat Ekonomi,2631
2631.04,5,Analis Ekonomi,2631
2631.05,5,Ahli Ekonomi Perburuhan,2631
2631.99,5,Ahli Ekonomi Lainnya,2631
2632,4,"Ahli Sosiologi, Antropologi, dan Profesional YBDI",263
2632.01,5,Ahli Antropologi,2632
2632.02,5,Ahli Arkeologi,2632
2632.03,5,Ahli Etnologi,2632
2632.04,5,Ahli Geografi,2632
2632.05,5,Ahli Sosiologi,2632
2632.99,5,"Ahli Sosiologi, Antropologi, dan Profesional YBDI Lainnya",2632
2633,4,"Ahli Filsafat, Sejarawan, dan Ahli Politik",263
2633.01,5,Ahli Filsafat,2633
2633.02,5,Ahli Sejarah,2633
2633.03,5,Ahli Politik,2633
2633.04,5,Ahli Genealogi (Ahli Silsilah),2633
2633.99,5,"Ahli Filsafat, Sejarawan, dan Ahli Politik Lainnya",2633
2634,4,Psikolog,263
2634.01,5,Psikolog Klinis,2634
2634.02,5,Psikolog Pendidikan,2634
2634.03,5,Psikolog Organisasi,2634
2634.04,5,Psikoterapis,2634
2634.05,5,Psikolog Olahraga,2634
2634.99,5,Psikolog Lainnya,2634
2635,4,Profesional Konseling dan Pekerja Sosial,263
2635.01,5,Konselor Kecanduan/Adiksi,2635
2635.02,5,Konselor Dukacita,2635
2635.03,5,Konselor Anak dan Remaja,2635
2635.04,5,Konselor Keluarga,2635
2635.05,5,Konselor Pernikahan,2635
2635.06,5,Petugas Parole (Pembebasan Bersyarat),2635
2635.07,5,Petugas Masa Percobaan,2635
2635.08,5,Pekerja Sosial,2635
2635.09,5,Organisator Kesejahteraan Perempuan,2635
2635.99,5,Profesional Konseling dan Pekerja Sosial Lainnya,2635
2636,4,Profesional Pemimpin Keagamaan,263
2636.01,5,Imam Muslim,2636
2636.02,5,Pendeta Katolik,2636
2636.03,5,Pendeta Kristen,2636
2636.04,5,Pendeta Hindu,2636
2636.05,5,Pendeta Buddha,2636
2636.06,5,Pendeta Konghucu,2636
2636.99,5,Profesional Pemimpin Keagamaan Lainnya,2636
264,3,"Penulis, Wartawan, dan Ahli Bahasa",26
2641,4,Pengarang dan Penulis YBDI,264
2641.01,5,Penulis,2641
2641.02,5,Editor Buku,2641
2641.03,5,Penulis Esai,2641
2641.04,5,Penulis Media Interaktif,2641
2641.05,5,Novelis,2641
2641.06,5,Penulis Drama,2641
2641.07,5,Penulis Puisi (Penyair),2641
2641.08,5,Penulis Naskah,2641
2641.09,5,Penulis Pidato,2641
2641.10,5,Penulis Teknis,2641
2641.99,5,Pengarang dan Penulis YBDI Lainnya,2641
2642,4,Wartawan,264
2642.01,5,Wartawan Umum,2642
2642.02,5,Editor Copy,2642
2642.03,5,Editor Surat Kabar,2642
2642.04,5,Reporter Surat Kabar,2642
2642.05,5,Wartawan Olahraga,2642
2642.06,5,Sub Editor,2642
2642.07,5,Reporter Berita TV/Radio,2642
2642.08,5,Jurnalis Fesyen,2642
2642.09,5,Wartawan Media Digital,2642
2642.99,5,Wartawan Lainnya,2642
2643,4,"Penerjemah, Alih Bahasa, dan Profesional Bahasa Lainnya",264
2643.01,5,Interpreter,2643
2643.02,5,Leksikograf (Ahli Perkamusan),2643
2643.03,5,Ahli Filologi (Manuskrip),2643
2643.04,5,Juru Bahasa Isyarat (Sign Language Interpreter),2643
2643.05,5,Subtitler,2643
2643.06,5,Penerjemah (Translator),2643
2643.07,5,Ahli Bahasa dan Sastra,2643
2643.99,5,"Penerjemah, Alih Bahasa, dan Profesional Bahasa Lainnya YTDL",2643
265,3,Seniman Kreatif dan Pertunjukan,26
2651,4,Seniman Visual,265
2651.01,5,Kartunis,2651
2651.02,5,Seniman Keramik,2651
2651.03,5,Pemulih Gambar,2651
2651.04,5,Pelukis Potret,2651
2651.05,5,Pematung,2651
2651.06,5,Ahli Pewarna Alam (Natural Dye Specialist),2651
2651.07,5,Perancang Motif,2651
2651.08,5,Perancang Warna Produk Kriya,2651
2651.09,5,Spesialis Material Berkelanjutan Kriya,2651
2651.99,5,Seniman Visual Lainnya,2651
2652,4,"Musisi, Penyanyi, dan Komposer",265
2652.01,5,Pemimpin Band,2652
2652.02,5,Komposer,2652
2652.03,5,Pemain Musik,2652
2652.04,5,Konduktor Musik,2652
2652.05,5,Orchestrator,2652
2652.06,5,Penyanyi,2652
2652.99,5,"Musisi, Penyanyi, dan Komposer Lainnya",2652
2653,4,Penari dan Koreografer,265
2653.01,5,Koreografer,2653
2653.02,5,Penari Balet,2653
2653.03,5,Penari Klub Malam,2653
2653.04,5,Penari Jalan,2653
2653.99,5,Penari dan Koreografer Lainnya,2653
2654,4,"Produser dan Sutradara Film, Pementasan, dan YBDI",265
2654.01,5,Sutradara Film Dokumenter,2654
2654.02,5,Editor Film,2654
2654.03,5,Sutradara Film,2654
2654.04,5,Pengarah Fotografi,2654
2654.05,5,Sutradara Panggung,2654
2654.06,5,Pengarah Teknis,2654
2654.07,5,Produser,2654
2654.08,5,Pembuat Konten Layanan Berbagi Video,2654
2654.09,5,Manajer Lokasi,2654
2654.10,5,Periset Film Dokumenter,2654
2654.11,5,Sutradara Video Musik,2654
2654.12,5,Teknisi Penyuntingan,2654
2654.13,5,Perancang Artistik,2654
2654.14,5,Pencari Talenta,2654
2654.99,5,"Produser dan Sutradara Film, Pementasan, dan YBDI Lainnya",2654
2655,4,Aktor,265
2655.01,5,Pemeran,2655
2655.02,5,Artis Pantomim,2655
2655.03,5,Pencerita,2655
2655.99,5,Aktor Lainnya,2655
2656,4,"Penyiar Radio, Televisi, dan Media Lainnya",265
2656.01,5,Penyiar Radio,2656
2656.02,5,Penyiar Televisi,2656
2656.03,5,Pembaca Berita,2656
2656.04,5,Penyiar Olahraga,2656
2656.99,5,"Penyiar Radio, Televisi, dan Media Lainnya YTDL",2656
2659,4,Seniman Kreatif dan Pertunjukan YTDL,265
2659.01,5,Pemain Akrobat,2659
2659.02,5,Pemain Akrobat Udara,2659
2659.03,5,Badut,2659
2659.04,5,Ahli Hipnotis,2659
2659.05,5,Pesulap,2659
2659.06,5,Dalang,2659
2659.07,5,Stand Up Komedian (Pelawak Tunggal),2659
2659.08,5,Ventriloquist,2659
2659.99,5,Seniman Kreatif dan Pertunjukan YTDL Lainnya,2659
3,1,Teknisi dan Asisten Profesional,
31,2,Asisten Ahli Ilmu Pengetahuan dan Teknik,3
311,3,Teknisi Ilmu Fisika dan Teknik,31
3111,4,Teknisi Ilmu Kimia dan Fisika,311
3111.01,5,Teknisi Ilmu Kimia,3111
3111.02,5,Teknisi Geologi,3111
3111.03,5,Teknisi Meteorologi,3111
3111.04,5,Teknisi Fisika,3111
3111.99,5,Teknisi Ilmu Kimia dan Fisika Lainnya,3111
3112,4,Teknisi Sipil,311
3112.01,5,Inspektur Bangunan,3112
3112.02,5,Teknisi Bangunan Gedung,3112
3112.03,5,Teknisi Bangunan Sipil,3112
3112.04,5,Inspektur Kebakaran,3112
3112.05,5,Teknisi Geoteknik,3112
3112.06,5,Asisten Surveyor,3112
3112.07,5,Teknisi Penginderaan Jauh,3112
3112.08,5,Teknisi Survei Terestris,3112
3112.09,5,Teknisi Survei Aerial (Fotogrametri),3112
3112.10,5,Teknisi Kewilayahan,3112
3112.11,5,Teknisi Kartografi,3112
3112.12,5,Teknisi Sistem Informasi Geografis (SIG),3112
3112.13,5,Teknisi Laboratorium Material Konstruksi,3112
3112.14,5,Teknisi Arsitektur,3112
3112.15,5,Teknisi Survei Hidrografi,3112
3112.99,5,Teknisi Sipil Lainnya,3112
3113,4,Ahli Teknik Listrik,311
3113.01,5,Teknisi Listrik,3113
3113.02,5,Teknisi Transmisi Tenaga Listrik,3113
3113.03,5,Inspektur Ketenagalistrikan,3113
3113.04,5,Teknisi Surya Termal,3113
3113.99,5,Ahli Teknik Listrik Lainnya,3113
3114,4,Teknisi Elektronik,311
3114.01,5,Teknisi Instrumentasi,3114
3114.99,5,Teknisi Elektronik Lainnya,3114
3115,4,Teknisi Mekanis,311
3115.01,5,Teknisi Mesin,3115
3115.02,5,Teknisi Penerbangan,3115
3115.03,5,Teknisi Kelautan,3115
3115.04,5,Teknisi Alat Berat,3115
3115.05,5,Teknisi Fotonika,3115
3115.99,5,Teknisi Mekanis Lainnya,3115
3116,4,Teknisi Kimia,311
3116.01,5,Teknisi Proses Kimia,3116
3116.02,5,Estimator Teknik Kimia,3116
3116.99,5,Teknisi Kimia Lainnya,3116
3117,4,Teknisi Pertambangan dan Metalurgi,311
3117.01,5,Inspektur Tambang,3117
3117.02,5,Teknisi Pertambangan,3117
3117.03,5,Teknisi Metalurgi,3117
3117.04,5,Inspektur Minyak dan Gas Bumi,3117
3117.05,5,Teknisi Perminyakan,3117
3117.99,5,Teknisi Pertambangan dan Metalurgi Lainnya,3117
3118,4,Juru Gambar Teknik,311
3118.01,5,Drafter,3118
3118.02,5,Ilustrator Teknik,3118
3118.99,5,Juru Gambar Teknik Lainnya,3118
3119,4,Teknisi Ilmu Fisika dan Teknik YTDL,311
3119.01,5,Teknisi Rekayasa Produksi,3119
3119.02,5,Teknisi Robotika,3119
3119.03,5,Penguji Kendaraan,3119
3119.04,5,Teknisi Nuklir,3119
3119.99,5,Teknisi Ilmu Fisika dan Teknik YTDL Lainnya,3119
312,3,"Supervisor Pertambangan, Industri Pengolahan, dan Konstruksi",31
3121,4,Supervisor Pertambangan,312
3121.00,5,Supervisor Pertambangan,3121
3122,4,Supervisor Industri Pengolahan,312
3122.01,5,Koordinator Area Manufaktur,3122
3122.02,5,Supervisor Perakitan,3122
3122.03,5,Supervisor Finishing,3122
3122.04,5,Supervisor Produksi Manufaktur,3122
3122.05,5,Supervisor Logistik,3122
3122.99,5,Supervisor Manufaktur Lainnya,3122
3123,4,Supervisor Konstruksi,312
3123.01,5,Supervisor Konstruksi Bangunan,3123
3123.02,5,Manajer Lokasi Konstruksi,3123
3123.99,5,Supervisor Konstruksi Lainnya,3123
313,3,Teknisi Pengawasan Proses,31
3131,4,Operator Mesin Produksi Tenaga Listrik,313
3131.01,5,Operator Pembangkit Listrik Tenaga Air,3131
3131.02,5,Operator Pembangkit Listrik Tenaga Nuklir,3131
3131.03,5,Operator Pembangkit Listrik Tenaga Surya,3131
3131.04,5,Operator Mesin Transmisi Tenaga Listrik,3131
3131.05,5,Operator Mesin Distribusi Tenaga Listrik,3131
3131.06,5,Operator Lapangan Uap dan Pembangkit Listrik Tenaga Panas Bumi,3131
3131.07,5,Operator Pembangkit Listrik Tenaga Uap Batu Bara,3131
3131.08,5,Operator Pembangkit Listrik Tenaga Biomassa,3131
3131.99,5,Operator Mesin Produksi Tenaga Listrik Lainnya,3131
3132,4,Operator Bangunan Pembakaran Sampah (Insinerator) dan Pengolahan Air,313
3132.01,5,Operator Bangunan Pembakaran Sampah (Insinerator),3132
3132.02,5,Operator Stasiun Pompa,3132
3132.03,5,Operator Mesin Pengolahan Limbah Cair,3132
3132.04,5,Operator Mesin Pengolahan Limbah Padat,3132
3132.05,5,Operator Mesin Pengolahan Air Limbah,3132
3132.06,5,Operator Mesin Pengolahan Air,3132
3132.07,5,Operator Pres Material Daur Ulang,3132
3132.08,5,Operator Pengolahan RDF (Refuse-Derived Fuel),3132
3132.09,5,Operator Mesin Pellet,3132
3132.10,5,Operator Pengolah Limbah Organik,3132
3132.11,5,Teknisi Daur Ulang Limbah,3132
3132.12,5,Kepala Fasilitas Pengelolaan Sampah,3132
3132.13,5,Perencana Pengelolaan Sampah,3132
3132.14,5,Operator Instalasi Pengolahan Lumpur Tinja (IPLT),3132
3132.99,5,Operator Bangunan Pembakaran Sampah (Insinerator) dan Pengolahan,3132
3133,4,Pengawas Mesin Pengolahan Bahan Kimia,313
3133.01,5,Pengawas Mesin Pengolahan Kimia Panas,3133
3133.02,5,Pengawas Mesin Pemisahan dan Penyaringan Bahan Kimia,3133
3133.03,5,Pengawas Reaktor dan Penyulingan Bahan Kimia,3133
3133.04,5,Teknisi Proses Kimia,3133
3133.99,5,Pengawas Mesin Pengolahan Bahan Kimia Lainnya,3133
3134,4,Pengawas Mesin Pengilangan Minyak Bumi dan Gas Alam,313
3134.01,5,Pengawas Mesin Penyulingan Minyak Bumi dan Gas Alam,3134
3134.02,5,Pengawas Mesin Parafin,3134
3134.99,5,Pengawas Mesin Pengilangan Minyak Bumi dan Gas Alam Lainnya,3134
3135,4,Pengawas Proses Produksi Logam,313
3135.01,5,Pengawas Tanur (Blast Furnace),3135
3135.02,5,Pengawas Pusat Kontrol Mesin Caster,3135
3135.03,5,Pengawas Kontrol Pengolahan Logam,3135
3135.99,5,Pengawas Proses Produksi Logam Lainnya,3135
3139,4,Teknisi Proses Kontrol YTDL,313
3139.01,5,Programmer CNC (Computer Numerical Control),3139
3139.99,5,Teknisi Proses Kontrol YTDL Lainnya,3139
314,3,Teknisi Ilmu Hayati dan Asisten Profesional YBDI,31
3141,4,Teknisi Ilmu Hayati (Selain Kedokteran),314
3141.01,5,Teknisi Bakteriologi,3141
3141.02,5,Teknisi Biokimia,3141
3141.03,5,Teknisi Herbarium,3141
3141.04,5,Teknisi Farmakologi,3141
3141.05,5,Teknisi Serologi,3141
3141.06,5,Teknisi Kultur Jaringan,3141
3141.07,5,Teknisi Zoologi,3141
3141.99,5,Teknisi Ilmu Hayati (Selain Kedokteran) Lainnya,3141
3142,4,Teknisi Pertanian,314
3142.01,5,Teknisi Produksi Susu,3142
3142.02,5,Teknisi Pertanian Tanaman Pangan,3142
3142.03,5,Herd Tester,3142
3142.04,5,Teknisi Pertanian Hortikultura,3142
3142.05,5,Teknisi Perkebunan,3142
3142.06,5,Teknisi Peternakan,3142
3142.07,5,Teknisi Perikanan,3142
3142.08,5,Teknisi Insersi Tiram Mutiara,3142
3142.09,5,Teknisi Pertanian Presisi,3142
3142.99,5,Teknisi Pertanian Lainnya,3142
3143,4,Teknisi Kehutanan,314
3143.01,5,Teknisi Pengelolaan Hutan,3143
3143.02,5,Analis Data Kehutanan,3143
3143.03,5,Analis Cadangan Biomassa Karbon,3143
3143.04,5,Surveyor Sumber Daya,3143
3143.99,5,Teknisi Kehutanan Lainnya,3143
315,3,Pengawas dan Teknisi Kapal dan Pesawat Udara,31
3151,4,Teknisi Kapal,315
3151.00,5,Teknisi Kapal,3151
3152,4,Nakhoda dan Perwira Geladak Kapal,315
3152.01,5,Kapten Kapal,3152
3152.02,5,Nakhoda Kapal,3152
3152.03,5,Kapten Kapal Pesiar,3152
3152.99,5,Nakhoda dan Perwira Geladak Kapal Lainnya,3152
3153,4,Pilot dan Profesional YBDI,315
3153.01,5,Teknisi Pesawat Udara,3153
3153.02,5,Instruktur Penerbangan,3153
3153.03,5,Navigator Penerbangan,3153
3153.04,5,Pilot,3153
3153.05,5,Flight Operations Officer (FOO),3153
3153.06,5,Pilot Paramotor,3153
3153.99,5,Pilot dan Profesional YBDI Lainnya,3153
3154,4,Pengawas Lalu Lintas Udara,315
3154.00,5,Pengawas Lalu Lintas Udara,3154
3155,4,Teknisi Perangkat Elektronik Keselamatan Lalu Lintas Udara,315
3155.00,5,Teknisi Perangkat Elektronik Keselamatan Lalu Lintas Udara,3155
32,2,Asisten Profesional Kesehatan,3
321,3,Teknisi Medis dan Farmasi,32
3211,4,Teknisi Peralatan Perekam Medis dan Terapeutik,321
3211.01,5,Ahli Diagnostik Radiografi Medis,3211
3211.02,5,Teknisi Mamografi,3211
3211.03,5,Teknisi Terapi Radiasi,3211
3211.04,5,Teknisi Medis Nuklir,3211
3211.05,5,Sonografer,3211
3211.06,5,Radiografer,3211
3211.99,5,Teknisi Peralatan Perekam Medis dan Terapeutik Lainnya,3211
3212,4,Teknisi Laboratorium Medis dan Patologi,321
3212.01,5,Teknisi Laboratorium Medis,3212
3212.02,5,Teknisi Patologi,3212
3212.03,5,Teknisi Sitologi,3212
3212.04,5,Teknisi Bank Darah,3212
3212.99,5,Teknisi Laboratorium Medis dan Patologi Lainnya,3212
3213,4,Teknisi Farmasi dan Asisten Apoteker,321
3213.01,5,Teknisi Farmasi,3213
3213.02,5,Asisten Apoteker,3213
3213.99,5,Teknisi Farmasi dan Asisten Apoteker Lainnya,3213
3214,4,Teknisi Prostetik Medis dan Gigi,321
3214.01,5,Teknisi Kesehatan Gigi,3214
3214.02,5,Denturis,3214
3214.03,5,Orthotis,3214
3214.04,5,Prostetis,3214
3214.99,5,Teknisi Prostetik Medis dan Gigi Lainnya,3214
322,3,Asisten Profesional Keperawatan dan Kebidanan,32
3221,4,Asisten Profesional Keperawatan,322
3221.01,5,Asisten Profesional Pendamping Keperawatan,3221
3221.02,5,Asisten Perawat,3221
3221.03,5,Perawat Bagian Pendaftaran Pasien,3221
3221.04,5,Perawat Praktik,3221
3221.05,5,Asisten Dokter Jiwa (Pembantu Psikiater),3221
3221.99,5,Asisten Profesional Keperawatan Lainnya,3221
3222,4,Asisten Profesional Kebidanan,322
3222.01,5,Asisten Bidan,3222
3222.02,5,Bidan Tradisional,3222
3222.99,5,Asisten Profesional Kebidanan Lainnya,3222
323,3,Asisten Profesional Pengobatan Tradisional dan Komplementer,32
3230,4,Asisten Profesional Pengobatan Tradisional dan Komplementer,323
3230.01,5,Ahli Patah Tulang,3230
3230.02,5,Herbalis,3230
3230.03,5,Dukun,3230
3230.04,5,Ahli Terapi Kerok dan Bekam,3230
3230.99,5,Asisten Profesional Pengobatan Tradisional dan Komplementer Lainnya,3230
324,3,Teknisi dan Asisten Kedokteran Hewan,32
3240,4,Teknisi dan Asisten Kedokteran Hewan,324
3240.01,5,Inseminator,3240
3240.02,5,Asisten Dokter Hewan,3240
3240.03,5,Perawat Veteriner,3240
3240.04,5,Vaksinator Hewan,3240
3240.99,5,Teknisi dan Asisten Kedokteran Hewan Lainnya,3240
325,3,Asisten Profesional Kesehatan Lainnya,32
3251,4,Asisten dan Terapis Gigi,325
3251.01,5,Asisten Kesehatan Gigi,3251
3251.02,5,Ahli Kebersihan Gigi,3251
3251.03,5,Ahli Terapi Gigi,3251
3251.99,5,Asisten dan Terapis Gigi Lainnya,3251
3252,4,Teknisi Informasi Kesehatan dan Rekam Medis,325
3252.01,5,Petugas Kode Klinik,3252
3252.02,5,Petugas Rekam Medis,3252
3252.99,5,Teknisi Informasi Kesehatan dan Rekam Medis Lainnya,3252
3253,4,Pekerja Kesehatan Masyarakat,325
3253.01,5,Petugas Bantuan Kesehatan Masyarakat,3253
3253.02,5,Pekerja Kesehatan Masyarakat Desa,3253
3253.99,5,Pekerja Kesehatan Masyarakat Lainnya,3253
3254,4,Optisien,325
3254.01,5,Refraksionis Optisien,3254
3254.02,5,Penyalur Peralatan Optik,3254
3254.99,5,Optisien Lainnya,3254
3255,4,Teknisi dan Asisten Fisioterapi,325
3255.01,5,Terapis Akupresur,3255
3255.02,5,Terapis Elektro,3255
3255.03,5,Terapis Hidro,3255
3255.04,5,Terapis Pijat,3255
3255.05,5,Teknisi Fisioterapi,3255
3255.06,5,Terapis Rehabilitasi Fisik,3255
3255.07,5,Terapis Shiatsu,3255
3255.08,5,Terapis Spa,3255
3255.99,5,Teknisi dan Asisten Fisioterapi Lainnya,3255
3256,4,Asisten Medis,325
3256.01,5,Asisten Klinik,3256
3256.02,5,Asisten Dokter,3256
3256.03,5,Asisten Dokter Mata,3256
3256.99,5,Asisten Medis Lainnya,3256
3257,4,Asisten dan Pengawas Kesehatan Lingkungan dan Pekerjaan,325
3257.01,5,Pengawas Kesehatan dan Keselamatan Kerja,3257
3257.02,5,Sanitarian,3257
3257.03,5,Pengawas Sanitasi,3257
3257.99,5,Asisten dan Pengawas Kesehatan Lingkungan dan Pekerjaan Lainnya,3257
3258,4,Pekerja Ambulans,325
3258.01,5,Petugas Ambulans,3258
3258.02,5,Paramedis Ambulans,3258
3258.03,5,Teknisi Medis Darurat,3258
3258.04,5,Paramedis Darurat,3258
3258.99,5,Pekerja Ambulans Lainnya,3258
3259,4,Asisten Profesional Kesehatan YTDL,325
3259.01,5,Chiropractor,3259
3259.02,5,Osteopath,3259
3259.03,5,Dosimetris Medis,3259
3259.04,5,Teknisi Dietetik,3259
3259.99,5,Asisten Profesional Kesehatan YTDL Lainnya,3259
33,2,Asisten Profesional Bisnis dan Administrasi,3
331,3,Asisten Profesional Keuangan dan Matematika,33
3311,4,Dealer dan Pialang Sekuritas dan Keuangan,331
3311.01,5,Pialang Valuta Asing,3311
3311.02,5,Pialang Sekuritas,3311
3311.03,5,Pialang Efek,3311
3311.04,5,Pialang Saham,3311
3311.99,5,Dealer dan Pialang Sekuritas dan Keuangan Lainnya,3311
3312,4,Petugas Kredit dan Pinjaman,331
3312.01,5,Petugas Pinjaman,3312
3312.02,5,Petugas Hipotek,3312
3312.99,5,Petugas Kredit dan Pinjaman Lainnya,3312
3313,4,Asisten Profesional Akuntansi,331
3313.01,5,Petugas Pembukuan,3313
3313.99,5,Asisten Profesional Akuntansi Lainnya,3313
3314,4,"Asisten Profesional Statistika, Matematika, dan YBDI",331
3314.01,5,Asisten Statistika,3314
3314.02,5,Asisten Aktuaria,3314
3314.03,5,Asisten Matematika,3314
3314.99,5,"Asisten Profesional Statistika, Matematika, dan YBDI Lainnya",3314
3315,4,Juru Taksir Nilai dan Kerugian,331
3315.01,5,Juru Taksir Nilai,3315
3315.02,5,Juru Taksir Real Estat,3315
3315.03,5,Asesor Klaim,3315
3315.99,5,Juru Taksir Nilai dan Kerugian Lainnya,3315
332,3,Agen dan Perantara Penjualan dan Pembelian,33
3321,4,Perwakilan Asuransi,332
3321.01,5,Agen Asuransi,3321
3321.02,5,Pialang Asuransi,3321
3321.03,5,Penjamin Asuransi,3321
3321.99,5,Perwakilan Asuransi Lainnya,3321
3322,4,Perwakilan Penjualan Komersial,332
3322.01,5,Penasihat Layanan Purnajual,3322
3322.02,5,Canvasser,3322
3322.03,5,Sales Representative,3322
3322.04,5,Supervisor E-Commerce,3322
3322.05,5,Tenaga Pemasaran Perbankan,3322
3322.99,5,Perwakilan Penjualan Komersial Lainnya,3322
3323,4,Juru Pembelian,332
3323.01,5,Staf Pembelian,3323
3323.02,5,Agen Pembelian,3323
3323.03,5,Petugas Pengadaan,3323
3323.04,5,Penyedia Pembelian,3323
3323.99,5,Juru Pembelian Lainnya,3323
3324,4,Pialang Perdagangan,332
3324.01,5,Pialang Perdagangan Besar,3324
3324.02,5,Pialang Kontrak Komoditas,3324
3324.03,5,Pialang Komoditas Berjangka,3324
3324.04,5,Pialang Pengiriman,3324
3324.99,5,Pialang Perdagangan Lainnya,3324
333,3,Agen Jasa Bisnis,33
3331,4,Agen Kliring dan Pengiriman,333
3331.01,5,Agen Kliring (Clearing),3331
3331.02,5,Agen Pengangkutan (Forwarding),3331
3331.03,5,Agen Pengiriman (Shipping),3331
3331.99,5,Agen Kliring dan Pengiriman Lainnya,3331
3332,4,Perencana Konferensi dan Acara,333
3332.01,5,Penyelenggara Acara (Event Organizer) dan Konferensi,3332
3332.02,5,Perencana Konferensi,3332
3332.03,5,Perencana Acara Pernikahan (Wedding Planner),3332
3332.04,5,Promotor,3332
3332.99,5,Perencana Konferensi dan Acara Lainnya,3332
3333,4,Agen dan Kontraktor Tenaga Kerja,333
3333.01,5,Agen Pekerjaan,3333
3333.02,5,Kontraktor Perburuhan,3333
3333.03,5,Petugas Penempatan Kerja,3333
3333.99,5,Agen dan Kontraktor Tenaga Kerja Lainnya,3333
3334,4,Agen Real Estat dan Manajer Properti,333
3334.01,5,Agen Real Estat,3334
3334.02,5,Manajer Properti,3334
3334.03,5,Tenaga Penjualan Real Estat,3334
3334.99,5,Agen Real Estat dan Manajer Properti Lainnya,3334
3339,4,Agen Jasa Bisnis YTDL,333
3339.01,5,Juru Lelang,3339
3339.02,5,Penjual Periklanan,3339
3339.03,5,Agen Sastra,3339
3339.04,5,Agen Pertunjukan Musik,3339
3339.05,5,Agen Olahraga,3339
3339.06,5,Agen Teater,3339
3339.99,5,Agen Jasa Bisnis YTDL Lainnya,3339
334,3,Sekretaris Administrasi dan Khusus,33
3341,4,Supervisor Kantor,334
3341.01,5,Supervisor Administrasi,3341
3341.02,5,Supervisor Entry Data,3341
3341.03,5,Supervisor Arsiparis,3341
3341.04,5,Supervisor Personalia,3341
3341.05,5,Supervisor Layanan Pelanggan,3341
3341.99,5,Supervisor Kantor Lainnya,3341
3342,4,Sekretaris Hukum,334
3342.01,5,Asisten Administrasi Hukum,3342
3342.02,5,Manajer Praktisi Hukum,3342
3342.99,5,Sekretaris Hukum Lainnya,3342
3343,4,Sekretaris Administrasi dan Eksekutif,334
3343.01,5,Sekretaris Administrasi,3343
3343.02,5,Asisten Koresponden,3343
3343.03,5,Asisten Pribadi,3343
3343.04,5,Reporter Pengadilan,3343
3343.05,5,Asisten Eksekutif,3343
3343.99,5,Sekretaris Administrasi dan Eksekutif Lainnya,3343
3344,4,Sekretaris Medis,334
3344.01,5,Asisten Administrasi Medis,3344
3344.02,5,Manajer Praktik Kesehatan,3344
3344.03,5,Asisten Administrasi Kantor Medis,3344
3344.04,5,Medis Asuransi,3344
3344.05,5,Transkripsionis Medis,3344
3344.99,5,Sekretaris Medis Lainnya,3344
335,3,Profesional Pemerintahan,33
3351,4,Pengawas Bea Cukai dan Perbatasan,335
3351.01,5,Pengawas Perbatasan,3351
3351.02,5,Pengawas Bea Cukai,3351
3351.03,5,Petugas Pemeriksa Paspor,3351
3351.04,5,Petugas Imigrasi,3351
3351.05,5,Petugas Bea Cukai,3351
3351.99,5,Pengawas Bea Cukai dan Perbatasan Lainnya,3351
3352,4,Petugas Pajak dan Retribusi Pemerintah,335
3352.01,5,Petugas Pajak,3352
3352.02,5,Pengawas Perpajakan,3352
3352.99,5,Petugas Pajak dan Retribusi Pemerintah Lainnya,3352
3353,4,Pegawai Pemerintah Bidang Jaminan Sosial,335
3353.01,5,Petugas Jaminan Pensiun,3353
3353.02,5,Petugas Jaminan Sosial,3353
3353.03,5,Petugas Klaim Jaminan Sosial,3353
3353.99,5,Pegawai Pemerintah Bidang Jaminan Sosial Lainnya,3353
3354,4,Pegawai Pemerintah Bidang Perizinan,335
3354.01,5,Petugas Penerbit Paspor,3354
3354.02,5,Petugas Perizinan Pendirian Bangunan,3354
3354.03,5,Petugas Perizinan Usaha,3354
3354.99,5,Pegawai Pemerintah Bidang Perizinan Lainnya,3354
3359,4,Profesional Pemerintahan YTDL,335
3359.01,5,Pengawas Pertanian,3359
3359.02,5,Pengawas Perikanan,3359
3359.03,5,Pengawas Kehutanan,3359
3359.04,5,Pengawas Harga,3359
3359.05,5,Pengawas Ketenagakerjaan,3359
3359.99,5,Profesional Pemerintahan YTDL Lainnya,3359
34,2,"Asisten Profesional Hukum, Sosial, Budaya, dan YBDI",3
341,3,"Asisten Profesional Hukum, Sosial, dan Keagamaan",34
3411,4,Asisten Profesional Hukum dan YBDI,341
3411.01,5,Juru Sita,3411
3411.02,5,Panitera Pengadilan,3411
3411.03,5,Paralegal,3411
3411.04,5,Asisten Pengacara,3411
3411.05,5,Detektif Swasta,3411
3411.06,5,Asisten Notaris,3411
3411.07,5,Petugas Administrasi Hukum,3411
3411.99,5,Asisten Profesional Hukum dan YBDI Lainnya,3411
3412,4,Asisten Profesional Pekerjaan Sosial,341
3412.01,5,Pekerja Pengembangan Masyarakat,3412
3412.02,5,Pekerja Pelayanan Masyarakat,3412
3412.99,5,Asisten Profesional Pekerjaan Sosial Lainnya,3412
3413,4,Asisten Profesional Keagamaan,341
3413.01,5,Penasihat Spiritual,3413
3413.02,5,Penceramah Agama,3413
3413.03,5,Biksu,3413
3413.04,5,Biarawan/Biarawati,3413
3413.05,5,Penatua,3413
3413.06,5,Koster,3413
3413.07,5,Pemuka Penghayat,3413
3413.08,5,Penyuluh Kepercayaan terhadap Tuhan Yang Maha Esa,3413
3413.09,5,Pengelola Tradisi Lisan,3413
3413.99,5,Asisten Profesional Keagamaan Lainnya,3413
342,3,Pekerja Olahraga dan Kebugaran,34
3421,4,Atlet dan Olahragawan,342
3421.00,5,Atlet dan Olahragawan,3421
3422,4,"Pelatih, Instruktur, dan Kru Olahraga",342
3422.01,5,Pelatih Olahraga,3422
3422.02,5,Wasit atau Juri,3422
3422.03,5,Pemandu Bakat,3422
3422.04,5,Penyuluh Olahraga,3422
3422.05,5,Pendamping Atlet Disabilitas dan Classifier,3422
3422.06,5,Marshal,3422
3422.07,5,Pendamping Olahraga,3422
3422.99,5,"Pelatih, Instruktur, dan Kru Olahraga Lainnya",3422
3423,4,Instruktur dan Pelatih Program Kebugaran dan Rekreasi,342
3423.01,5,Instruktur Kebugaran,3423
3423.02,5,Instruktur Berkuda,3423
3423.03,5,Instruktur Selam,3423
3423.04,5,Instruktur Panjat Tebing,3423
3423.99,5,Instruktur dan Pelatih Program Kebugaran dan Rekreasi Lainnya,3423
343,3,"Asisten Profesional Kesenian, Budaya, dan Kuliner",34
3431,4,Fotografer,343
3431.01,5,Wartawan Foto,3431
3431.02,5,Fotografer Komersial,3431
3431.99,5,Fotografer Lainnya,3431
3432,4,Desainer dan Dekorator Interior,343
3432.01,5,Desainer Interior,3432
3432.02,5,Dekorator Display,3432
3432.03,5,Visual Merchandiser,3432
3432.99,5,Desainer dan Dekorator Interior Lainnya,3432
3433,4,"Teknisi Galeri, Museum, dan Perpustakaan",343
3433.01,5,Teknisi Galeri,3433
3433.02,5,Teknisi Perpustakaan,3433
3433.03,5,Teknisi Museum,3433
3433.04,5,Register Museum,3433
3433.99,5,"Teknisi Galeri, Museum, dan Perpustakaan Lainnya",3433
3434,4,Chef,343
3434.01,5,Chef Masakan Internasional,3434
3434.02,5,Chef Masakan Nusantara,3434
3434.99,5,Chef Lainnya,3434
3435,4,Asisten Profesional Kesenian dan Budaya Lainnya,343
3435.01,5,Body Artist,3435
3435.02,5,Manajer Lapangan (Penyiaran),3435
3435.03,5,Teknisi Tata Lampu/Cahaya,3435
3435.04,5,Koordinator Program (Penyiaran),3435
3435.05,5,Koordinator Properti (Penyiaran),3435
3435.06,5,Script Girl/Boy,3435
3435.07,5,Teknisi Efek Khusus,3435
3435.08,5,Manajer Panggung,3435
3435.09,5,Stuntman,3435
3435.10,5,Penata Rias,3435
3435.11,5,Koordinator Stunt,3435
3435.12,5,Penyeleksi Pengisi Suara,3435
3435.13,5,Koordinator Talenta,3435
3435.14,5,Pencatat Papan Penanda,3435
3435.15,5,Penata Artistik,3435
3435.16,5,Asisten Fesyen Desainer,3435
3435.99,5,Asisten Profesional Kesenian dan Budaya Lainnya YTDL,3435
35,2,Teknisi Informasi dan Komunikasi,3
351,3,Teknisi Operasi Teknologi Informasi dan Komunikasi dan Pendukung Pengguna,35
3511,4,Teknisi Operasi Teknologi Informasi dan Komunikasi,351
3511.01,5,Operator Komputer,3511
3511.02,5,Operator Peralatan Periferal Komputer,3511
3511.99,5,Teknisi Operasi Teknologi Informasi dan Komunikasi Lainnya,3511
3512,4,Teknisi Pendukung Penggunaan Teknologi Informasi dan Komunikasi,351
3512.01,5,Asisten Pemrograman Komputer,3512
3512.99,5,Teknisi Pendukung Penggunaan Teknologi Informasi dan Komunikasi,3512
3513,4,Teknisi Jaringan dan Sistem Komputer,351
3513.01,5,Teknisi Jaringan Komputer,3513
3513.02,5,Teknisi Pendukung Jaringan,3513
3513.03,5,Teknisi Sistem Operasi,3513
3513.99,5,Teknisi Jaringan dan Sistem Komputer Lainnya,3513
3514,4,Teknisi Web,351
3514.01,5,Administrator Website,3514
3514.02,5,Teknisi Website,3514
3514.03,5,Webmaster,3514
3514.99,5,Teknisi Web Lainnya,3514
352,3,Teknisi Telekomunikasi dan Penyiaran,35
3521,4,Teknisi Penyiaran dan Audio-Visual,352
3521.01,5,Operator Audio-Visual,3521
3521.02,5,Operator Peralatan Penyiaran,3521
3521.03,5,Teknisi Penyiaran,3521
3521.04,5,Juru Kamera Film,3521
3521.05,5,Juru Kamera Video,3521
3521.06,5,Asisten Produksi Media,3521
3521.07,5,Penyunting Suara,3521
3521.99,5,Teknisi Penyiaran dan Audio-Visual Lainnya,3521
3522,4,Teknisi Rekayasa Telekomunikasi,352
3522.00,5,Teknisi Rekayasa Telekomunikasi,3522
4,1,Tenaga Tata Usaha,
41,2,Tenaga Tata Usaha Perkantoran Umum,4
411,3,Tenaga Perkantoran Umum,41
4110,4,Tenaga Perkantoran Umum,411
4110.00,5,Tenaga Perkantoran Umum,4110
412,3,Sekretaris,41
4120,4,Sekretaris,412
4120.00,5,Sekretaris,4120
413,3,Juru Ketik,41
4131,4,Juru Ketik dan Operator Mesin Pengolah Kata,413
4131.01,5,Juru Ketik,4131
4131.02,5,Operator Mesin Pengolah Kata,4131
4131.03,5,Stenografer,4131
4131.04,5,Juru Ketik Cepat,4131
4131.99,5,Juru Ketik dan Operator Mesin Pengolah Kata Lainnya,4131
4132,4,Petugas Entri Data,413
4132.01,5,Operator Entri Data,4132
4132.02,5,Petugas Input Data,4132
4132.03,5,Petugas Entri Pembayaran,4132
4132.99,5,Petugas Entri Data Lainnya,4132
42,2,Tenaga Tata Usaha Pelayanan Pelanggan,4
421,3,"Teller, Kolektor Uang, dan YBDI",42
4211,4,Teller Bank dan YBDI,421
4211.01,5,Teller Bank,4211
4211.02,5,Petugas Penukaran Uang,4211
4211.03,5,Pegawai Counter Kantor Pos,4211
4211.99,5,Teller Bank dan YBDI Lainnya,4211
4212,4,Juru Gadai dan Pemberi Pinjaman Uang,421
4212.01,5,Juru Gadai,4212
4212.02,5,Pemberi Pinjaman Uang,4212
4212.99,5,Juru Gadai dan Pemberi Pinjaman Uang Lainnya,4212
4213,4,Penagih Hutang dan YBDI,421
4213.01,5,Penagih Tagihan dan Rekening,4213
4213.02,5,Kolektor Sumbangan,4213
4213.03,5,Penagih Hutang,4213
4213.99,5,Penagih Hutang dan YBDI Lainnya,4213
4219,4,"Teller, Kolektor Uang, dan YBDI Lainnya",421
4219.00,5,"Teller, Kolektor Uang, dan YBDI Lainnya",4219
422,3,Tenaga Tata Usaha Informasi Pelanggan,42
4221,4,Tenaga Tata Usaha Perjalanan dan Konsultan Perjalanan,422
4221.01,5,Tenaga Tata Usaha Biro Perjalanan,4221
4221.02,5,Tenaga Tata Usaha Perjalanan (Perusahaan Penerbangan),4221
4221.03,5,Tenaga Tata Usaha Agen Perjalanan,4221
4221.04,5,Konsultan Perjalanan,4221
4221.05,5,Organisator Perjalanan,4221
4221.99,5,Tenaga Tata Usaha Perjalanan dan Konsultan Perjalanan Lainnya,4221
4222,4,Tenaga Tata Usaha Informasi Pusat Kontak,422
4222.00,5,Tenaga Tata Usaha Informasi Pusat Kontak,4222
4223,4,Operator Telepon,422
4223.01,5,Operator Layanan Penjawab,4223
4223.02,5,Operator Sentral Telepon,4223
4223.99,5,Operator Telepon Lainnya,4223
4224,4,Resepsionis Hotel,422
4224.00,5,Resepsionis Hotel,4224
4225,4,Tenaga Tata Usaha Penerangan,422
4225.00,5,Tenaga Tata Usaha Penerangan,4225
4226,4,Resepsionis,422
4226.01,5,Resepsionis Kantor,4226
4226.02,5,Resepsionis Rumah Sakit,4226
4226.99,5,Resepsionis Lainnya,4226
4227,4,Pewawancara Survei dan Penelitian Pasar,422
4227.01,5,Pewawancara Penelitian Pasar,4227
4227.02,5,Pewawancara Opini Publik,4227
4227.03,5,Pewawancara Survei,4227
4227.99,5,Pewawancara Survei dan Penelitian Pasar Lainnya,4227
4229,4,Tenaga Tata Usaha Informasi Pelanggan YTDL,422
4229.00,5,Tenaga Tata Usaha Informasi Pelanggan YTDL,4229
43,2,Tenaga Tata Usaha Penghitungan dan Pencatatan Dokumen,4
431,3,Tenaga Tata Usaha Penghitungan,43
4311,4,Juru Tata Usaha Akuntansi dan Pembukuan,431
4311.01,5,Juru Tata Usaha Akuntansi,4311
4311.02,5,Juru Tata Usaha Pembukuan,4311
4311.99,5,Juru Tata Usaha Akuntansi dan Pembukuan Lainnya,4311
4312,4,"Juru Tata Usaha Statistik, Keuangan, dan Asuransi",431
4312.01,5,Juru Tata Usaha Aktuaria,4312
4312.02,5,Juru Tata Usaha Pialang,4312
4312.03,5,Juru Tata Usaha Keuangan,4312
4312.04,5,Juru Tata Usaha Asuransi,4312
4312.05,5,Juru Tata Usaha Bursa Efek,4312
4312.06,5,Juru Tata Usaha Statistik,4312
4312.07,5,Juru Tata Usaha Pajak,4312
4312.99,5,"Juru Tata Usaha Statistik, Keuangan, dan Asuransi Lainnya",4312
4313,4,Juru Tata Usaha Penggajian,431
4313.00,5,Juru Tata Usaha Penggajian,4313
432,3,Tenaga Tata Usaha Pencatatan Barang dan Transportasi,43
4321,4,Juru Tata Usaha Pergudangan,432
4321.01,5,Juru Tata Usaha Pengiriman Barang,4321
4321.02,5,Juru Tata Usaha Petugas Pengiriman Barang/Dispatch,4321
4321.03,5,Juru Tata Usaha Persediaan,4321
4321.04,5,Petugas Gudang,4321
4321.05,5,Juru Tata Usaha Penimbangan,4321
4321.99,5,Juru Tata Usaha Pergudangan Lainnya,4321
4322,4,Juru Tata Usaha Produksi,432
4322.01,5,Petugas Perencanaan Produksi,4322
4322.02,5,Juru Tata Usaha Penjadwalan Produksi,4322
4322.99,5,Juru Tata Usaha Produksi Lainnya,4322
4323,4,Juru Tata Usaha Transportasi,432
4323.01,5,Juru Tata Usaha Pengawasan Jasa Transportasi,4323
4323.02,5,Juru Tata Usaha Pemberangkatan Dispatch Jasa Transportasi,4323
4323.99,5,Juru Tata Usaha Transportasi Lainnya,4323
44,2,Tenaga Tata Usaha Lainnya,4
441,3,Tenaga Tata Usaha Lainnya,44
4411,4,Juru Tata Usaha Perpustakaan,441
4411.01,5,Tenaga Tata Usaha Perpustakaan,4411
4411.02,5,Tenaga Pengarsip Perpustakaan,4411
4411.99,5,Juru Tata Usaha Perpustakaan Lainnya,4411
4412,4,Juru Tata Usaha Pengiriman dan Penyortiran Surat,441
4412.01,5,Juru Tata Usaha Sortir Surat,4412
4412.02,5,Tukang Pos,4412
4412.99,5,Juru Tata Usaha Pengiriman dan Penyortiran Surat Lainnya,4412
4413,4,"Juru Kode, Juru Koreksi, dan YBDI",441
4413.01,5,Juru Kode,4413
4413.02,5,Juru Koreksi,4413
4413.99,5,"Juru Kode, Juru Koreksi, dan YBDI Lainnya",4413
4414,4,Juru Tulis dan YBDI,441
4414.01,5,Juru Tulis,4414
4414.99,5,Juru Tulis dan YBDI Lainnya,4414
4415,4,Juru Tata Usaha Pengarsipan dan Penggandaan,441
4415.01,5,Juru Tata Usaha Penggandaan,4415
4415.02,5,Juru Tata Usaha Pengarsipan,4415
4415.99,5,Juru Tata Usaha Pengarsipan dan Penggandaan Lainnya,4415
4416,4,Juru Tata Usaha Personalia,441
4416.01,5,Asisten Sumber Daya Manusia,4416
4416.02,5,Juru Tata Usaha Sumber Daya Manusia,4416
4416.99,5,Juru Tata Usaha Personalia Lainnya,4416
4419,4,Juru Tata Usaha YTDL,441
4419.01,5,Juru Tata Usaha Periklanan,4419
4419.02,5,Juru Tata Usaha Surat Menyurat,4419
4419.03,5,Juru Tata Usaha Publikasi,4419
4419.04,5,Clipper Berita,4419
4419.99,5,Juru Tata Usaha YTDL Lainnya,4419
5,1,Tenaga Usaha Jasa dan Tenaga Penjualan,
51,2,Tenaga Usaha Jasa Perorangan,5
511,3,"Tenaga Pelayanan Perjalanan, Kondektur, dan Pramuwisata",51
5111,4,Tenaga Pelayanan Perjalanan,511
5111.01,5,Petugas Bandar Udara,5111
5111.02,5,Pramugari/Pramugara,5111
5111.03,5,Pelayan Kapal Laut,5111
5111.99,5,Tenaga Pelayanan Perjalanan Lainnya,5111
5112,4,Kondektur Transportasi,511
5112.01,5,Kondektur Bus,5112
5112.02,5,Pemeriksa Tiket Transportasi,5112
5112.03,5,Kondektur Kereta,5112
5112.99,5,Kondektur Transportasi Lainnya,5112
5113,4,Pramuwisata,511
5113.01,5,Pemandu Wisata Buatan,5113
5113.02,5,Pemandu Wisata Alam,5113
5113.03,5,Pemandu Mancakrida,5113
5113.04,5,Pemandu Pendakian,5113
5113.99,5,Pramuwisata Lainnya,5113
512,3,Juru Masak,51
5120,4,Juru Masak,512
5120.00,5,Juru Masak,5120
513,3,Pramusaji dan Pramutama Bar/Bartender,51
5131,4,Pramusaji,513
5131.00,5,Pramusaji,5131
5132,4,Pramutama Bar/Bartender,513
5132.01,5,Barista,5132
5132.99,5,Pramutama Bar/Bartender Lainnya,5132
514,3,"Penata Rambut, Perawat Kecantikan/Beautician, dan YBDI",51
5141,4,Penata Rambut,514
5141.01,5,Tukang Cukur,5141
5141.02,5,Penata Rambut (Hairstylist/Hairdresser),5141
5141.03,5,Spesialis Perawatan Rambut,5141
5141.99,5,Penata Rambut Lainnya,5141
5142,4,Perawat Kecantikan/Beautician dan YBDI,514
5142.01,5,Ahli Kecantikan/Beautician,5142
5142.02,5,Pedikuris,5142
5142.03,5,Manikuris,5142
5142.04,5,Penata Rias,5142
5142.05,5,Konsultan Pelangsing Tubuh,5142
5142.99,5,Perawat Kecantikan/Beautician dan YBDI Lainnya,5142
515,3,Tenaga Pengawas Gedung dan Kerumahtanggaan,51
5151,4,"Pengawas Kebersihan dan Kerumahtanggaan di Kantor, Hotel, dan Bangunan Lainnya",515
5151.01,5,Pengurus Kerumahtanggaan/Housekeeping Hotel,5151
5151.02,5,Kepala Asrama,5151
5151.99,5,"Pengawas Kebersihan dan Kerumahtanggaan di Kantor, Hotel, dan Bangunan Lainnya Lainnya",5151
5152,4,Pengurus Kerumahtanggaan,515
5152.01,5,Pengurus Rumah Tangga,5152
5152.02,5,Kepala Pelayan,5152
5152.99,5,Pengurus Kerumahtanggaan Lainnya,5152
5153,4,Pengelola Gedung,515
5153.01,5,Pemelihara/Pengelola Gedung,5153
5153.02,5,Janitor (Petugas Kebersihan Gedung),5153
5153.03,5,"Concierge (Doorman, Doorkeeper, Porter, dan Attendant)",5153
5153.04,5,Pengurus Rumah Ibadah,5153
5153.99,5,Pengelola Gedung Lainnya,5153
516,3,Tenaga Usaha Jasa Perorangan Lainnya,51
5161,4,"Astrolog, Peramal, dan YBDI",516
5161.01,5,Astrolog/Peramal dengan Ilmu Perbintangan,5161
5161.02,5,Peramal Telapak Tangan,5161
5161.03,5,Fortune Teller (Peramal dengan Bola Kristal dan Sejenisnya),5161
5161.04,5,Numerolog (Peramal dengan Angka),5161
5161.99,5,"Astrolog, Peramal, dan YBDI Lainnya",5161
5162,4,Ajudan dan Pelayan Pribadi,516
5162.01,5,Ajudan,5162
5162.02,5,Pelayan Pribadi,5162
5162.99,5,Ajudan dan Pelayan Pribadi Lainnya,5162
5163,4,Pengurus Pembalseman dan Pemakaman Jenazah,516
5163.01,5,Pengurus Pembalseman Jenazah,5163
5163.02,5,Pengurus Pemakaman Jenazah,5163
5163.99,5,Pengurus Pembalseman dan Pemakaman Jenazah Lainnya,5163
5164,4,Pelatih dan Pekerja Perawatan Hewan,516
5164.01,5,Pelatih Anjing,5164
5164.02,5,Pembantu Dokter Hewan,5164
5164.03,5,Pemelihara Kebun Binatang dan Tempat Sejenis,5164
5164.04,5,Penjinak Kuda,5164
5164.05,5,Mahout,5164
5164.99,5,Pelatih dan Pekerja Perawatan Hewan Lainnya,5164
5165,4,Instruktur Mengemudi,516
5165.00,5,Instruktur Mengemudi,5165
5169,4,Tenaga Usaha Jasa Perorangan YTDL,516
5169.01,5,Social Escort,5169
5169.02,5,Pramuria,5169
5169.03,5,Pasangan Dansa,5169
5169.99,5,Tenaga Usaha Jasa Perorangan YTDL Lainnya,5169
52,2,Tenaga Penjualan,5
521,3,Pedagang Pasar dan Kaki Lima,52
5211,4,Pedagang di Kios dan Los Pasar,521
5211.01,5,Pedagang Kios,5211
5211.02,5,Pedagang Los Pasar,5211
5211.99,5,Pedagang di Kios dan Los Pasar Lainnya,5211
5212,4,Pedagang Makanan Kaki Lima,521
5212.01,5,Penjual Makanan Kaki Lima,5212
5212.02,5,Penjaja Makanan,5212
5212.99,5,Pedagang Makanan Kaki Lima Lainnya,5212
522,3,Pedagang Toko,52
5221,4,Pemilik Toko,522
5221.01,5,Pemilik Toko,5221
5221.02,5,Pengelola Toko,5221
5221.03,5,Agen Koran,5221
5221.99,5,Pemilik Toko Lainnya,5221
5222,4,Supervisor Toko,522
5222.01,5,Supervisor Kasir/Checkout Supervisor,5222
5222.02,5,Supervisor Supermarket,5222
5222.03,5,Supervisor Department Store,5222
5222.99,5,Supervisor Toko Lainnya,5222
5223,4,Asisten Penjualan Toko,522
5223.01,5,Tenaga Penjual Ritel,5223
5223.02,5,Tenaga Penjual Grosir,5223
5223.03,5,Pelayan Toko,5223
5223.99,5,Asisten Penjualan Toko Lainnya,5223
523,3,Kasir dan Petugas Tiket,52
5230,4,Kasir dan Petugas Tiket,523
5230.01,5,Kasir Toko,5230
5230.02,5,Petugas Tiket Hiburan dan Acara Olahraga,5230
5230.99,5,Kasir dan Petugas Tiket Lainnya,5230
524,3,Pekerja Penjualan Lainnya,52
5241,4,Model Fesyen dan Model Lainnya,524
5241.01,5,Model Iklan,5241
5241.02,5,Model Fesyen,5241
5241.99,5,Model Fesyen dan Model Lainnya YTDL,5241
5242,4,Peraga Penjualan,524
5242.01,5,Sales Merchandiser,5242
5242.02,5,Pramuniaga Promosi Penjualan,5242
5242.99,5,Peraga Penjualan Lainnya YTDL,5242
5243,4,Pedagang Rumah ke Rumah,524
5243.00,5,Pedagang Rumah ke Rumah,5243
5244,4,Pedagang Melalui Pusat Informasi,524
5244.01,5,Pedagang Melalui Telepon/Telemarketing,5244
5244.02,5,Pedagang Melalui Internet,5244
5244.03,5,Pedagang Melalui Call Centre,5244
5244.99,5,Pedagang Melalui Pusat Informasi Lainnya,5244
5245,4,Petugas Stasiun Pengisian Bahan Bakar,524
5245.01,5,Petugas Marina (Pengisian Bahan Bakar Kapal/Perahu),5245
5245.02,5,Pegawai Tempat Cuci Kendaraan,5245
5245.03,5,Petugas Stasiun Pengisian Bahan Bakar Umum (SPBU),5245
5245.04,5,Petugas Depo Pengisian Pesawat Udara (DPPU),5245
5245.99,5,Petugas Stasiun Pengisian Bahan Bakar Lainnya,5245
5246,4,Petugas Konter Layanan Makanan,524
5246.01,5,Petugas Konter Kafetaria,5246
5246.99,5,Petugas Konter Layanan Makanan Lainnya,5246
5249,4,Pekerja Penjualan YTDL,524
5249.01,5,Tenaga Penjualan di Rental,5249
5249.99,5,Pekerja Penjualan YTDL Lainnya,5249
53,2,Tenaga Perawatan Pribadi,5
531,3,Pekerja Perawatan Anak dan Asisten Pengajar,53
5311,4,Pekerja Perawatan Anak,531
5311.01,5,Baby Sitter,5311
5311.02,5,Pekerja Penitipan Anak,5311
5311.03,5,Pengasuh Anak,5311
5311.99,5,Pekerja Perawatan Anak Lainnya,5311
5312,4,Asisten Pengajar,531
5312.01,5,Guru Pendamping Prasekolah,5312
5312.02,5,Guru Pendamping Sekolah Dasar,5312
5312.99,5,Asisten Pengajar Lainnya,5312
532,3,Pekerja Perawatan Pribadi dalam Jasa Kesehatan,53
5321,4,Asisten Perawatan Kesehatan,532
5321.01,5,Asisten Kelahiran (Klinik atau Rumah Sakit),5321
5321.02,5,Asisten Perawatan (Klinik atau Rumah Sakit),5321
5321.99,5,Asisten Perawatan Kesehatan Lainnya,5321
5322,4,Pekerja Perawatan Pribadi di Rumah,532
5322.01,5,Asisten Perawatan di Rumah,5322
5322.02,5,Asisten Persalinan di Rumah,5322
5322.03,5,Pekerja Pengasuhan dan Pendampingan,5322
5322.04,5,Pekerja Perawatan dan Dukungan,5322
5322.99,5,Pekerja Perawatan Pribadi di Rumah Lainnya YTDL,5322
5329,4,Pekerja Perawatan Pribadi dalam Jasa Kesehatan YTDL,532
5329.01,5,Asisten Dokter Gigi,5329
5329.02,5,Petugas Pertolongan Pertama,5329
5329.03,5,Petugas Rumah Sakit,5329
5329.04,5,Asisten Rontgen Medik,5329
5329.05,5,Pembantu Apoteker,5329
5329.06,5,Phlebotomist,5329
5329.07,5,Asisten Sterilisasi,5329
5329.99,5,Pekerja Perawatan Pribadi dalam Jasa Kesehatan YTDL Lainnya,5329
54,2,Tenaga Usaha Jasa Perlindungan,5
541,3,Tenaga Usaha Jasa Perlindungan,54
5411,4,Petugas Pemadam Kebakaran,541
5411.01,5,Petugas Penyelamatan dan Pemadam Kebakaran,5411
5411.02,5,Petugas Pemadam Kebakaran Hutan,5411
5411.99,5,Petugas Pemadam Kebakaran Lainnya,5411
5413,4,Penjaga Lembaga Pemasyarakatan,541
5413.00,5,Penjaga Lembaga Pemasyarakatan,5413
5414,4,Penjaga Keamanan,541
5414.01,5,Petugas Keamanan,5414
5414.02,5,Pengawal Pribadi,5414
5414.03,5,Penjaga Museum,5414
5414.04,5,Petugas Patroli Keamanan,5414
5414.05,5,Polisi Kehutanan,5414
5414.99,5,Penjaga Keamanan Lainnya,5414
5419,4,Tenaga Usaha Jasa Perlindungan YTDL,541
5419.01,5,Petugas Patroli Pantai,5419
5419.02,5,Petugas Penyelamat Pantai,5419
5419.03,5,Petugas Pengawas Binatang,5419
5419.04,5,Petugas Penyeberangan Jalan,5419
5419.05,5,Inspektur Keselamatan Lalu Lintas dan Angkutan Jalan (LLAJ),5419
5419.06,5,Penjaga Mercusuar,5419
5419.07,5,Penjaga Kolam Renang,5419
5419.99,5,Tenaga Usaha Jasa Perlindungan YTDL Lainnya,5419
6,1,"Pekerja Terampil Pertanian, Kehutanan, dan Perikanan",
61,2,Pekerja Terampil Pertanian Berorientasi Pasar,6
611,3,Pekerja Pertanian dan Perkebunan,61
6111,4,Pekerja Pertanian Tanaman Pangan dan Tanaman Semusim,611
6111.01,5,Petani Padi,6111
6111.02,5,Petani Serealia Selain Padi,6111
6111.03,5,Petani Kapas,6111
6111.04,5,Petani Tebu,6111
6111.05,5,Petani Sayuran Semusim,6111
6111.06,5,Petani Buah Semusim,6111
6111.99,5,Pekerja Pertanian Tanaman Pangan dan Tanaman Semusim Lainnya,6111
6112,4,Pekerja Pertanian Tanaman Tahunan dan Tanaman Semak,611
6112.01,5,Petani Karet,6112
6112.02,5,Penyadap Karet,6112
6112.03,5,Petani Teh,6112
6112.04,5,Petani Anggur,6112
6112.05,5,Petani Buah Tahunan Selain Anggur,6112
6112.06,5,Petani Sayuran Tahunan,6112
6112.07,5,Penyadap Pinus,6112
6112.08,5,Petani Rotan Jernang,6112
6112.09,5,Petani Kelapa Sawit,6112
6112.10,5,Petani Kopi,6112
6112.99,5,Petani Tanaman Tahunan dan Tanaman Semak Lainnya,6112
6113,4,Pekerja Pertanian Tanaman Kebun Bibit dan Tanaman Taman,611
6113.01,5,Petani Kebun Bibit,6113
6113.02,5,Petani Tanaman Taman,6113
6113.03,5,Pembudidaya Jamur,6113
6113.99,5,Pekerja Pertanian Tanaman Kebun Bibit dan Tanaman Taman Lainnya,6113
6114,4,Pekerja Pertanian Tanaman Campuran (Tumpang Sari),611
6114.01,5,Petani Tanaman Campuran (Tumpang Sari),6114
6114.02,5,Pekerja Terampil Tanaman Campuran (Tumpang Sari),6114
6114.99,5,Pekerja Pertanian Tanaman Campuran (Tumpang Sari) Lainnya,6114
612,3,Pekerja Peternakan,61
6121,4,Pekerja Peternakan Hewan Besar dan Kecil Serta Penghasil Susu,612
6121.01,5,Peternak Sapi Potong,6121
6121.02,5,Peternak Kerbau,6121
6121.03,5,Peternak Kuda,6121
6121.04,5,Peternak Kambing,6121
6121.05,5,Peternak Domba,6121
6121.06,5,Peternak Babi,6121
6121.07,5,Peternak Penghasil Susu,6121
6121.08,5,Pembiak Anjing,6121
6121.09,5,Penggiring Ternak,6121
6121.10,5,Shearer (Petugas Pemangkas Bulu Ternak),6121
6121.99,5,Pekerja Peternakan Hewan Besar dan Kecil Serta Penghasil Susu,6121
6122,4,Pekerja Peternakan Unggas,612
6122.01,5,Pembiak Unggas,6122
6122.02,5,Peternak Unggas,6122
6122.99,5,Pekerja Peternakan Unggas Lainnya,6122
6123,4,Pekerja Peternakan Lebah dan Ulat Sutra,612
6123.01,5,Peternak Lebah,6123
6123.02,5,Peternak Ulat Sutra,6123
6123.99,5,Pekerja Peternakan Lebah dan Ulat Sutra Lainnya,6123
6129,4,Pekerja Peternakan YTDL,612
6129.01,5,Peternak Bulu Hewan (Non-Hewan Piaraan),6129
6129.02,5,Peternak Burung Hias,6129
6129.03,5,Peternak Burung Unta,6129
6129.99,5,Pekerja Peternakan YTDL Lainnya,6129
613,3,Pekerja Campuran Pertanian dan Peternakan,61
6130,4,Pekerja Campuran Pertanian dan Peternakan,613
6130.01,5,Petani Campuran (Pertanian dan Peternakan),6130
6130.02,5,Pekerja Terampil Pertanian Campuran (Pertanian dan Peternakan),6130
6130.99,5,Pekerja Campuran Pertanian dan Peternakan Lainnya,6130
62,2,"Pekerja Terampil Kehutanan, Perikanan, dan Perburuan Berorientasi Pasar",6
621,3,Pekerja Kehutanan dan YBDI,62
6210,4,Pekerja Kehutanan dan YBDI,621
6210.01,5,Pembuat Arang,6210
6210.02,5,Tukang Tebang Kayu,6210
6210.03,5,Penebang Pendaki,6210
6210.04,5,Pekerja Terampil Kehutanan,6210
6210.05,5,Pencari Kayu,6210
6210.06,5,Penebang Pohon dengan Alat Perkakas,6210
6210.99,5,Pekerja Kehutanan dan YBDI Lainnya,6210
622,3,"Pekerja Perikanan, Perburuan, dan Penangkapan Satwa Liar",62
6221,4,Pekerja Budidaya Perikanan,622
6221.01,5,Petani Budidaya Ganggang,6221
6221.02,5,Petani Budidaya Ikan,6221
6221.03,5,Petani Budidaya Tiram,6221
6221.04,5,Petani Budidaya Mutiara,6221
6221.05,5,Petani Budidaya Seafood,6221
6221.06,5,Pekerja Terampil Budidaya Perikanan,6221
6221.07,5,Pekerja Terampil Budidaya Ikan Laut,6221
6221.08,5,Pekerja Budidaya Buaya,6221
6221.09,5,Pekerja Budidaya Siput,6221
6221.99,5,Pekerja Budidaya Perikanan Lainnya,6221
6222,4,Pekerja Perikanan Tangkap di Perairan Umum dan Pesisir,622
6222.01,5,Kapten Kapal Nelayan,6222
6222.02,5,Nelayan (Perairan Pesisir),6222
6222.03,5,Nelayan (Perairan Umum),6222
6222.99,5,Pekerja Perikanan Tangkap di Perairan Umum dan Pesisir Lainnya,6222
6223,4,Pekerja Perikanan Tangkap di Laut Dalam,622
6223.01,5,Nelayan Laut Dalam,6223
6223.02,5,Kapten Kapal Pukat,6223
6223.99,5,Pekerja Perikanan Tangkap di Laut Dalam Lainnya,6223
6224,4,Pemburu dan Penangkapan Satwa Liar,622
6224.01,5,Penangkap Hewan Berbulu,6224
6224.02,5,Pemburu Anjing Laut,6224
6224.03,5,Pemburu Ikan Paus,6224
6224.99,5,Pemburu dan Penangkapan Satwa Liar Lainnya,6224
63,2,"Petani, Nelayan, Pemburu, dan Pengumpul Subsisten",6
631,3,Petani Subsisten,63
6310,4,Petani Subsisten,631
6310.00,5,Petani Subsisten,6310
632,3,Peternak Subsisten,63
6320,4,Peternak Subsisten,632
6320.00,5,Peternak Subsisten,6320
633,3,Petani dan Peternak (Campuran) Subsisten,63
6330,4,Petani dan Peternak (Campuran) Subsisten,633
6330.00,5,Petani dan Peternak (Campuran) Subsisten,6330
634,3,"Nelayan, Pemburu, Penangkap, dan Pengumpul Subsisten",63
6340,4,"Nelayan, Pemburu, Penangkap, dan Pengumpul Subsisten",634
6340.01,5,Nelayan Subsisten,6340
6340.02,5,Pemburu dan Penangkap Satwa Liar Subsisten,6340
6340.03,5,Pengumpul Subsisten,6340
6340.99,5,"Nelayan, Pemburu, Penangkap, dan Pengumpul Subsisten Lainnya",6340
7,1,"Pekerja Pengolahan, Kerajinan, dan YBDI",
71,2,"Pekerja Bangunan dan YBDI, selain Pekerja Kelistrikan",7
711,3,Pekerja Kerangka Bangunan dan YBDI,71
7111,4,Pekerja Bangunan Rumah,711
7111.00,5,Pekerja Bangunan Rumah,7111
7112,4,Tukang Tembok dan YBDI,711
7112.01,5,Tukang Tembok,7112
7112.02,5,Tukang Pasang Blok,7112
7112.99,5,Tukang Tembok dan YBDI Lainnya,7112
7113,4,"Pembelah, Pemotong, Pemecah, dan Pemahat Batu",711
7113.01,5,"Pembelah, Pemotong, dan Pemecah Batu",7113
7113.02,5,Pemahat Batu,7113
7113.99,5,"Pembelah, Pemotong, Pemecah, dan Pemahat Batu Lainnya",7113
7114,4,Tukang Beton dan YBDI,711
7114.01,5,Tukang Cor Beton,7114
7114.02,5,Tukang Pasang Beton,7114
7114.03,5,Tukang Teraso,7114
7114.99,5,Tukang Beton dan YBDI Lainnya,7114
7115,4,Tukang Kayu Bangunan,711
7115.01,5,Tukang Kayu,7115
7115.02,5,Tukang Kayu Penyempurna,7115
7115.03,5,Pembuat Kerangka Kayu,7115
7115.04,5,Pembuat Galangan Kapal,7115
7115.99,5,Tukang Kayu Bangunan Lainnya,7115
7119,4,Pekerja Kerangka Bangunan YTDL,711
7119.01,5,Pekerja Pembongkaran,7119
7119.02,5,Perancah (Operator Scaffolding),7119
7119.03,5,Pekerja Panjat Menara,7119
7119.04,5,Pekerja Penanganan Material Berbahaya,7119
7119.99,5,Pekerja Kerangka Bangunan YTDL Lainnya,7119
712,3,Pekerja Penyelesaian Bangunan dan YBDI,71
7121,4,Pekerja Atap Bangunan,712
7121.01,5,Pekerja Atap Genteng,7121
7121.02,5,Pekerja Atap Logam,7121
7121.03,5,Pekerja Atap Rumbia,7121
7121.99,5,Pekerja Atap Bangunan Lainnya,7121
7122,4,Pekerja Lantai dan Ubin,712
7122.01,5,Pemasang Parket,7122
7122.02,5,Pemasang Marmer,7122
7122.03,5,Pemasang Ubin,7122
7122.04,5,Pemasang Lapisan Karpet,7122
7122.99,5,Pekerja Lantai dan Ubin Lainnya,7122
7123,4,Pekerja Plester,712
7123.01,5,Pekerja Plesterboard,7123
7123.02,5,Pekerja Plester Gipsum,7123
7123.03,5,Pekerja Plester Stuko,7123
7123.04,5,Pekerja Plester Ornamen,7123
7123.05,5,Pekerja Plester Semen,7123
7123.99,5,Pekerja Plester Lainnya,7123
7124,4,Pekerja Isolasi,712
7124.01,5,Pekerja Isolasi Akustik,7124
7124.02,5,Pekerja Isolasi Boiler dan Pipa,7124
7124.03,5,Pekerja Isolasi Peralatan Pendingin dan Lemari,7124
7124.04,5,Pekerja Isolasi Bangunan,7124
7124.99,5,Pekerja Isolasi Lainnya,7124
7125,4,Pekerja Kaca,712
7125.01,5,Pekerja Kaca Otomatis,7125
7125.02,5,Pekerja Kaca Bangunan,7125
7125.03,5,Pekerja Kaca Atap,7125
7125.04,5,Pekerja Kaca Kendaraan,7125
7125.99,5,Pekerja Kaca Lainnya,7125
7126,4,Pekerja Perpipaan,712
7126.01,5,Pekerja Pipa,7126
7126.02,5,Pemasang Sambungan Pipa,7126
7126.03,5,Pekerja Saluran Pembuangan,7126
7126.99,5,Pekerja Perpipaan Lainnya,7126
7127,4,Mekanik Pendingin Udara dan Lemari Pendingin,712
7127.01,5,Mekanik Peralatan Pendingin Udara,7127
7127.02,5,Mekanik Mesin Refrigerasi,7127
7127.99,5,Mekanik Pendingin Udara dan Lemari Pendingin Lainnya,7127
713,3,"Pekerja Pengecatan, Pembersih Bangunan, dan YBDI",71
7131,4,Pekerja Pengecatan Bangunan dan YBDI,713
7131.01,5,Pengecat Bangunan,7131
7131.02,5,Pemasang Wallpaper,7131
7131.99,5,Pekerja Pengecatan Bangunan dan YBDI Lainnya,7131
7132,4,Pekerja Cat Semprot dan Vernis,713
7132.01,5,Pengecat Barang Industri,7132
7132.02,5,Pengecat Kendaraan,7132
7132.03,5,Pekerja Vernis,7132
7132.99,5,Pekerja Cat Semprot dan Vernis Lainnya,7132
7133,4,Pembersih Bangunan,713
7133.01,5,Pembersih Cerobong,7133
7133.02,5,Pembersih Eksterior Bangunan,7133
7133.03,5,Pekerja Sandblasting,7133
7133.99,5,Pembersih Bangunan Lainnya,7133
72,2,"Pekerja Logam, Permesinan, dan YBDI",7
721,3,"Pekerja Pencetak Struktur dan Lembaran Logam, Pelebur Logam, Tukang Las, dan YBDI",72
7211,4,Pelebur dan Pencetak Inti Logam,721
7211.01,5,Pekerja Inti Logam,7211
7211.02,5,Pekerja Logam Cetakan,7211
7211.99,5,Pelebur dan Pencetak Inti Logam Lainnya,7211
7212,4,Pekerja Pemotongan dan Pengelasan,721
7212.01,5,Pekerja Pengelasan,7212
7212.02,5,Pemotong Logam,7212
7212.03,5,Pengelas Bawah Air,7212
7212.99,5,Pekerja Pemotongan dan Pengelasan Lainnya,7212
7213,4,Pekerja Logam Lembaran,721
7213.01,5,Pekerja Logam Wadah Ketel Uap Air,7213
7213.02,5,Pekerja Logam Tembaga,7213
7213.03,5,Tukang Patri,7213
7213.99,5,Pekerja Logam Lembaran Lainnya,7213
7214,4,Pekerja Penyiapan dan Pemancangan Struktur Logam,721
7214.01,5,Pekerja Penyiapan Struktur Logam,7214
7214.02,5,Pekerja Pemancangan Struktur Logam,7214
7214.03,5,Pekerja Keling Paku Logam,7214
7214.99,5,Pekerja Penyiapan dan Pemancangan Struktur Logam Lainnya,7214
7215,4,Pemasang dan Penyambung Tali Kabel,721
7215.01,5,Pemasang Tali Kabel,7215
7215.02,5,Pemasang Tali Kabel Kapal,7215
7215.03,5,Penyambung Tali Kabel,7215
7215.04,5,Pemasang Tali Kabel Menara,7215
7215.05,5,Pemasang Tali Kabel Pementasan Teater,7215
7215.99,5,Pemasang dan Penyambung Tali Kabel Lainnya,7215
722,3,"Pandai Besi, Pembuat Perkakas, dan YBDI",72
7221,4,"Pandai Besi, Pekerja Tempa, dan Press Logam",722
7221.01,5,Pandai Besi,7221
7221.02,5,Pekerja Tempa,7221
7221.03,5,Pekerja Press Tempaan,7221
7221.99,5,"Pandai Besi, Pekerja Tempa, dan Press Logam Lainnya",7221
7222,4,Pembuat Perkakas dan YBDI,722
7222.01,5,"Pembuat Baut, Mur, dan Sejenisnya",7222
7222.02,5,Pembuat Senapan,7222
7222.03,5,Pembuat Kunci,7222
7222.99,5,Pembuat Perkakas dan YBDI Lainnya,7222
7223,4,Operator dan Penyetel Mesin Pengerjaan Logam,722
7223.01,5,Operator Mesin Bor,7223
7223.02,5,Operator Perkakas Mesin,7223
7223.03,5,Tukang Bubut,7223
7223.04,5,Penyetel Perkakas Mesin,7223
7223.05,5,Operator Penyetel Perkakas Mesin,7223
7223.06,5,Operator Mesin Potong dan Punch,7223
7223.99,5,Operator dan Penyetel Mesin Pengerjaan Logam Lainnya,7223
7224,4,"Pemoles Logam, Pengasah, dan Penajam Perkakas Logam",722
7224.01,5,Pekerja Penyelesaian (Finishing) Logam,7224
7224.02,5,Pengasah Perkakas,7224
7224.03,5,Pemoles Logam,7224
7224.04,5,Pengasah Pisau,7224
7224.99,5,"Pemoles Logam, Pengasah, dan Penajam Perkakas Logam Lainnya",7224
723,3,Mekanik dan Tukang Reparasi Mesin,72
7231,4,Mekanik dan Tukang Reparasi Kendaraan Bermotor,723
7231.01,5,Teknisi Perbaikan Sistem Rem Otomotif,7231
7231.02,5,Teknisi Perbaikan Sistem Bahan Bakar Otomotif,7231
7231.03,5,Mekanik dan Tukang Reparasi Mobil,7231
7231.04,5,Mekanik dan Tukang Reparasi Sepeda Motor,7231
7231.05,5,Penyetel Mesin Kendaraan Bermotor,7231
7231.06,5,Mekanik Bus dan Truk Diesel,7231
7231.07,5,Mekanik Pemeliharaan Alat Berat,7231
7231.99,5,Mekanik dan Tukang Reparasi Kendaraan Bermotor Lainnya,7231
7232,4,Mekanik dan Tukang Reparasi Mesin Pesawat,723
7232.01,5,Pemasang Mesin Pesawat,7232
7232.02,5,Mekanik Pesawat Udara,7232
7232.03,5,Mekanik Pesawat Helikopter,7232
7232.04,5,Mekanik Pesawat Jet,7232
7232.05,5,Mekanik Sistem Pneudraulic Pesawat,7232
7232.06,5,Mekanik Mesin Daya Pesawat,7232
7232.07,5,Mekanik Komponen Mesin Roket,7232
7232.99,5,Mekanik dan Tukang Reparasi Mesin Pesawat Lainnya,7232
7233,4,Mekanik dan Tukang Reparasi Mesin Pertanian dan Industri,723
7233.01,5,Mekanik dan Tukang Reparasi Mesin Konstruksi,7233
7233.02,5,Mekanik dan Tukang Reparasi Mesin Industri,7233
7233.03,5,Mekanik dan Tukang Reparasi Mesin Pertanian,7233
7233.04,5,Mekanik dan Tukang Reparasi Mesin Pertambangan,7233
7233.05,5,Mekanik dan Tukang Reparasi Mesin Kereta Api,7233
7233.99,5,Mekanik dan Tukang Reparasi Mesin Pertanian dan Industri Lainnya,7233
7234,4,Tukang Reparasi Sepeda dan YBDI,723
7234.01,5,Mekanik dan Tukang Reparasi Sepeda,7234
7234.02,5,Mekanik dan Tukang Reparasi Kursi Roda,7234
7234.99,5,Tukang Reparasi Sepeda dan YBDI Lainnya,7234
73,2,Pekerja Kerajinan dan Percetakan,7
731,3,Pekerja Kerajinan,73
7311,4,Pembuat dan Tukang Reparasi Peralatan Presisi,731
7311.01,5,Pembuat dan Tukang Reparasi Alat Meteorologi,7311
7311.02,5,Pembuat dan Tukang Reparasi Alat Ortopedi,7311
7311.03,5,Pembuat dan Tukang Reparasi Jam dan Jam Tangan,7311
7311.04,5,Pembuat dan Tukang Reparasi Alat Optik,7311
7311.05,5,Pembuat dan Tukang Reparasi Alat Ukur,7311
7311.99,5,Pembuat dan Tukang Reparasi Peralatan Presisi Lainnya,7311
7312,4,Pembuat dan Penyetem Alat Musik,731
7312.01,5,Pembuat dan Tukang Reparasi Alat Musik Tiup dari Kuningan,7312
7312.02,5,Pembuat dan Tukang Reparasi Alat Musik Piano,7312
7312.03,5,Penyetem Alat Musik Piano,7312
7312.04,5,Pembuat dan Tukang Reparasi Alat Musik Bersenar,7312
7312.05,5,Pembuat dan Tukang Reparasi Alat Musik Tiup Kayu,7312
7312.99,5,Pembuat dan Penyetem Alat Musik Lainnya,7312
7313,4,Pekerja Pembuat Perhiasan dan Barang dari Logam Mulia,731
7313.01,5,Pekerja Penyepuh Perhiasan,7313
7313.02,5,Pekerja Perhiasan Emas,7313
7313.03,5,Pekerja Perhiasan Batu Permata,7313
7313.04,5,Pekerja Pemasang Batu Mulia,7313
7313.05,5,Pekerja Pemotong dan Penggosok Batu Mulia,7313
7313.06,5,Pekerja Perhiasan Perak,7313
7313.99,5,Pekerja Pembuat Perhiasan dan Barang dari Logam Mulia Lainnya,7313
7314,4,Pembuat Tembikar dan YBDI,731
7314.01,5,Pembuat Tembikar dan Porselen,7314
7314.02,5,Pembuat Desain Tembikar dan Porselen,7314
7314.03,5,Penggosok Tembikar,7314
7314.99,5,Pembuat Tembikar dan YBDI Lainnya,7314
7315,4,"Pembuat, Pemotong, Pengasah, dan Penyelesai Kaca",731
7315.01,5,Tukang Tiup Kaca,7315
7315.02,5,Pemotong Kaca,7315
7315.03,5,Penyelesai Kaca,7315
7315.04,5,Pengasah Kaca,7315
7315.99,5,"Pembuat, Pemotong, Pengasah, dan Penyelesai Kaca Lainnya",7315
7316,4,"Pembuat Papan Tanda, Pelukis Dekoratif, Pengukir, dan Pengetsa",731
7316.01,5,Pengukir Kaca,7316
7316.02,5,Pengetsa Kaca,7316
7316.03,5,Pelapis Kaca,7316
7316.04,5,Pelukis Dekoratif,7316
7316.05,5,Pembuat Papan Tanda,7316
7316.99,5,"Pembuat Papan Tanda, Pelukis Dekoratif, Pengukir, dan Pengetsa",7316
7317,4,"Pembuat Kerajinan dari Kayu, Keranjang Anyaman, dan dari Bahan YBDI",731
7317.01,5,Pembuat Kerajinan dari Kayu,7317
7317.02,5,Pembuat Kerajinan Anyaman,7317
7317.03,5,Pembuat Kerajinan Keranjang Anyaman,7317
7317.04,5,Pembuat Kerajinan Furnitur Anyaman,7317
7317.05,5,Pembuat Kerajinan Sikat dan Sejenisnya,7317
7317.06,5,Pembuat Kerajinan dari Batu,7317
7317.99,5,"Pembuat Kerajinan dari Kayu, Keranjang Anyaman, dan dari Bahan",7317
7318,4,"Pembuat Kerajinan dari Tekstil, Kulit, dan Bahan YBDI",731
7318.01,5,Pembuat Kerajinan Barang dari Karpet,7318
7318.02,5,Pembuat Kerajinan Barang dari Kulit,7318
7318.03,5,Pembuat Kerajinan Barang dari Tekstil,7318
7318.04,5,"Pembuat Benang Tradisional (Drawer, Comber, Rover)",7318
7318.05,5,Pembuat Kerajinan Rajutan,7318
7318.06,5,Pemintal Benang,7318
7318.07,5,Pembuat Kerajinan Kain Tenun,7318
7318.99,5,"Pembuat Kerajinan dari Tekstil, Kulit, dan Bahan YBDI Lainnya",7318
7319,4,Pembuat Kerajinan YTDL,731
7319.01,5,Pembuat Kerajinan Logam,7319
7319.02,5,Pembuat Kerajinan Perhiasan Imitasi dari Logam,7319
7319.03,5,Perangkai Bunga,7319
7319.99,5,Pembuat Kerajinan YTDL Lainnya,7319
732,3,Pekerja Percetakan,73
7321,4,Pekerja Pracetak,732
7321.01,5,Pekerja Penyusun Huruf,7321
7321.02,5,Operator Desktop Publishing,7321
7321.03,5,Teknisi Elektronik Pracetak,7321
7321.04,5,Pembuat Master Cetak,7321
7321.99,5,Pekerja Pracetak Lainnya,7321
7322,4,Pekerja Pencetakan,732
7322.01,5,Pencetak dengan Blok,7322
7322.02,5,Operator Mesin Cetak Digital,7322
7322.03,5,Operator Feeder,7322
7322.04,5,Operator Mesin Cetak Flexography,7322
7322.05,5,Operator Mesin Cetak Gravure,7322
7322.06,5,Tukang Sablon,7322
7322.07,5,Operator Mesin Cetak Sablon,7322
7322.08,5,Operator Mesin Cetak Web,7322
7322.99,5,Pekerja Pencetakan Lainnya,7322
7323,4,Pekerja Penyelesaian dan Penjilidan Cetakan,732
7323.01,5,Penjilid Buku,7323
7323.02,5,Operator Mesin Penyusun Cetakan,7323
7323.03,5,Operator Mesin Pemotong,7323
7323.04,5,Operator Mesin Pelipat,7323
7323.05,5,Operator Mesin Penjilid,7323
7323.99,5,Pekerja Penyelesaian dan Penjilidan Cetakan Lainnya,7323
74,2,Pekerja Kelistrikan dan Elektronik,7
741,3,Pekerja Instalasi dan Reparasi Peralatan Listrik,74
7411,4,Pekerja Kelistrikan Bangunan dan YBDI,741
7411.01,5,Montir Listrik,7411
7411.02,5,Pekerja Reparasi Listrik Bangunan,7411
7411.99,5,Pekerja Kelistrikan Bangunan dan YBDI Lainnya,7411
7412,4,Mekanik dan Pemasang Peralatan Listrik,741
7412.01,5,Pembangun Angker Dinamo,7412
7412.02,5,Pemasang Generator Listrik,7412
7412.03,5,Mekanik Lift,7412
7412.99,5,Mekanik dan Pemasang Peralatan Listrik Lainnya,7412
7413,4,Pekerja Instalasi dan Reparasi Jaringan Listrik,741
7413.01,5,Pekerja Penyambung Kabel Listrik,7413
7413.02,5,Pekerja Jaringan Tenaga Listrik,7413
7413.99,5,Pekerja Instalasi dan Reparasi Jaringan Listrik Lainnya,7413
742,3,Pekerja Instalasi dan Reparasi Elektronik dan Telekomunikasi,74
7421,4,Pekerja Mekanik dan Servis Peralatan Elektronik,742
7421.01,5,Teknisi dan Pekerja Servis Avionik,7421
7421.02,5,Mekanik Mesin ATM,7421
7421.03,5,Teknisi Mesin Fotokopi,7421
7421.04,5,Mekanik dan Servis Peralatan Elektronik Rumah Tangga,7421
7421.99,5,Pekerja Mekanik dan Servis Peralatan Elektronik Lainnya,7421
7422,4,Pekerja Instalasi dan Servis Peralatan Teknologi Informasi dan Komunikasi,742
7422.01,5,Pekerja Instalasi dan Teknisi Jaringan Data dan Telekomunikasi,7422
7422.02,5,Pemasang Peralatan Komputer,7422
7422.03,5,Teknisi Peralatan Komunikasi,7422
7422.04,5,Teknisi Perangkat Keras,7422
7422.99,5,Pekerja Instalasi dan Servis Peralatan Teknologi Informasi dan Komunikasi Lainnya YTDL,7422
75,2,"Pekerja Pengolahan Makanan, Kayu, Garmen, dan YBDI",7
751,3,Pekerja Pengolahan Makanan dan YBDI,75
7511,4,"Pemotong Hewan, Penjual Ikan Segar, dan Pengolah Makanan YBDI",751
7511.01,5,Pemotong Daging,7511
7511.02,5,Penyembelih Hewan,7511
7511.03,5,Tukang Fillet Ikan,7511
7511.04,5,Penjual Ikan Segar,7511
7511.05,5,Pengawet Daging dan Ikan,7511
7511.99,5,"Pemotong Hewan, Penjual Ikan Segar, dan Pengolah Makanan YBDI",7511
7512,4,"Pembuat Roti, Kue, dan Kembang Gula",751
7512.01,5,Pembuat Roti,7512
7512.02,5,Pembuat Kembang Gula,7512
7512.03,5,Pembuat Cokelat,7512
7512.04,5,Pembuat Kue,7512
7512.99,5,"Pembuat Roti, Kue, dan Kembang Gula Lainnya",7512
7513,4,Pembuat Produk Susu,751
7513.01,5,Pembuat Yoghurt,7513
7513.02,5,Pembuat Mentega,7513
7513.03,5,Pembuat Keju,7513
7513.99,5,Pembuat Produk Susu Lainnya,7513
7514,4,"Pengawet Buah, Sayur, dan YBDI",751
7514.01,5,Pembuat Sari Buah,7514
7514.02,5,Pengawet Buah,7514
7514.03,5,Pembuat Selai,7514
7514.04,5,Pengekstrak Minyak,7514
7514.05,5,Pembuat Manisan Buah-Buahan,7514
7514.06,5,Pengawet Sayuran,7514
7514.99,5,"Pengawet Buah, Sayur, dan YBDI Lainnya",7514
7515,4,Ahli Pencicip dan Penilai Kualitas Makanan dan Minuman,751
7515.01,5,Penilai Kualitas Makanan,7515
7515.02,5,Penilai Kualitas Minuman,7515
7515.03,5,Ahli Pencicip Makanan,7515
7515.04,5,Ahli Pencicip Minuman Keras,7515
7515.05,5,Ahli Pencicip Minuman Teh,7515
7515.06,5,Ahli Pencicip Minuman Anggur,7515
7515.07,5,Ahli Pencicip Minuman Kopi,7515
7515.99,5,Ahli Pencicip dan Penilai Kualitas Makanan dan Minuman Lainnya,7515
7516,4,Pengolah Tembakau dan Pembuat Produk Tembakau,751
7516.01,5,Pembuat Cerutu,7516
7516.02,5,Pembuat Rokok,7516
7516.03,5,Penilai Kualitas Tembakau,7516
7516.04,5,Pengolah Daun Tembakau,7516
7516.99,5,Pengolah Tembakau dan Pembuat Produk Tembakau Lainnya,7516
752,3,"Pekerja Pengolahan Kayu, Pembuat Furnitur, dan YBDI",75
7521,4,Pekerja Pengawetan Kayu,752
7521.01,5,Operator Pengeringan Kayu,7521
7521.02,5,Pekerja Penjemuran Kayu,7521
7521.99,5,Pekerja Pengawetan Kayu Lainnya,7521
7522,4,Pembuat Furnitur dan YBDI,752
7522.01,5,Pembuat Lemari,7522
7522.02,5,Pembuat Furnitur,7522
7522.03,5,Pembuat Pedati,7522
7522.99,5,Pembuat Furnitur dan YBDI Lainnya,7522
7523,4,Penyetel dan Operator Mesin Perkakas Pengolahan Kayu,752
7523.01,5,Operator Mesin Perkakas Pengukir Kayu,7523
7523.02,5,Operator Mesin Perkakas Pembuatan Furnitur,7523
7523.03,5,Operator Mesin Perkakas Gergaji Kayu,7523
7523.04,5,Operator Mesin Perkakas Pembuatan Produk Kayu,7523
7523.05,5,Operator Mesin Perkakas Bubut Kayu,7523
7523.99,5,Penyetel dan Operator Mesin Pengolahan Kayu Lainnya,7523
753,3,Pekerja Garmen dan YBDI,75
7531,4,"Pembuat Pakaian, Pakaian dari Kulit, dan Penutup Kepala",753
7531.01,5,Pembuat Pakaian,7531
7531.02,5,Pembuat Pakaian dari Kulit,7531
7531.03,5,Pembuat Penutup Kepala,7531
7531.99,5,"Pembuat Pakaian, Pakaian dari Kulit, dan Penutup Kepala Lainnya",7531
7532,4,Pembuat dan Pemotong Pola Garmen dan YBDI,753
7532.01,5,Pemotong Garmen,7532
7532.02,5,Pemotong Sarung Tangan,7532
7532.03,5,Pembuat Pola Bahan Bulu,7532
7532.04,5,Pembuat Pola Garmen,7532
7532.99,5,Pembuat dan Pemotong Pola Garmen dan YBDI Lainnya,7532
7533,4,"Tukang Jahit, Penyulam, dan YBDI",753
7533.01,5,Penyulam,7533
7533.02,5,Tukang Jahit,7533
7533.03,5,Tukang Jahit Payung,7533
7533.99,5,"Penjahit, Penyulam, dan YBDI Lainnya",7533
7534,4,Pelapis Furnitur (Upholster) dan YBDI,753
7534.01,5,Pembuat Kasur,7534
7534.02,5,Pelapis Perabotan Rumah,7534
7534.03,5,Pelapis Furnitur Kendaraan,7534
7534.99,5,Pelapis Furnitur (Upholster) dan YBDI Lainnya,7534
7535,4,"Pembersih Kulit, Penyamak Kulit, dan Pewarna Kulit",753
7535.01,5,Pembersih Kulit,7535
7535.02,5,Penguji Kualitas Kulit,7535
7535.03,5,Penyamak Kulit,7535
7535.99,5,"Pembersih Kulit, Penyamak Kulit, dan Pewarna Kulit Lainnya",7535
7536,4,Pembuat Sepatu dan YBDI,753
7536.01,5,Pembuat Sepatu,7536
7536.02,5,Tukang Reparasi Sepatu,7536
7536.03,5,Pembuat Sepatu Ortopedik,7536
7536.04,5,Pembuat Pelana,7536
7536.99,5,Pembuat Sepatu dan YBDI Lainnya,7536
754,3,Pekerja Pengolahan Lainnya dan YBDI,75
7541,4,Pekerja Bawah Air,754
7541.01,5,Petugas Penyelamat Bawah Air,7541
7541.02,5,Pekerja Bawah Air Perkapalan,7541
7541.03,5,Pekerja Bawah Air Pertambangan,7541
7541.04,5,Pekerja Bawah Air Konstruksi,7541
7541.05,5,Pekerja Bawah Air Perikanan,7541
7541.99,5,Pekerja Bawah Air Lainnya,7541
7542,4,Juru Ledak dan Juru Tembak,754
7542.01,5,Pekerja Juru Ledak Tambang,7542
7542.02,5,Juru Ledak Seismik,7542
7542.99,5,Juru Ledak dan Juru Tembak Lainnya,7542
7543,4,Penguji dan Penilai Kualitas Produk (Selain Produk Makanan dan Minuman),754
7543.01,5,Penguji Kualitas Produk (Selain Produk Makanan dan Minuman),7543
7543.02,5,Penilai Kualitas Produk (Selain Produk Makanan dan Minuman),7543
7543.03,5,Penguji Kualitas Produk Jasa,7543
7543.99,5,Penguji dan Penilai Kualitas Produk (Selain Produk Makanan dan Minuman) Lainnya,7543
7544,4,Pengendali dan Pembasmi Hama dan Gulma,754
7544.01,5,Pekerja Pengasapan Desinfektan,7544
7544.02,5,Pengendali Hama,7544
7544.03,5,Pengendali Gulma,7544
7544.99,5,Pengendali dan Pembasmi Hama dan Gulma Lainnya,7544
7549,4,Pekerja Pengolahan Lainnya YTDL,754
7549.01,5,Pekerja Pembentuk Lensa Optik,7549
7549.02,5,Pekerja Penyelesaian Lensa Optik,7549
7549.99,5,Pekerja Pengolahan Lainnya YTDL,7549
8,1,Operator dan Perakit Mesin,
81,2,Operator Mesin Stasioner dan YBDI,8
811,3,Operator Mesin Pengolahan Bahan Tambang dan Mineral,81
8111,4,Pekerja Tambang dan Pekerja Penggalian,811
8111.01,5,Pekerja Tambang,8111
8111.02,5,Pekerja Penggalian,8111
8111.03,5,Operator Mesin Pertambangan,8111
8111.04,5,Operator Mesin Pertambangan Kontinu,8111
8111.05,5,Operator Bogger,8111
8111.06,5,Operator Dragline,8111
8111.07,5,Roof Bolter,8111
8111.08,5,Juru Ukur Tambang,8111
8111.09,5,Operator Ventilasi Tambang,8111
8111.10,5,Operator Penyaliran Tambang,8111
8111.99,5,Pekerja Tambang dan Pekerja Penggalian Lainnya,8111
8112,4,Operator Mesin Pengolahan Bijih Mineral dan Batu,811
8112.01,5,Operator Mesin Pemecah Mineral dan Batu,8112
8112.02,5,Pekerja Flotasi,8112
8112.03,5,Penambang Emas,8112
8112.04,5,Operator Mesin Pemotong dan Pengolah Batu,8112
8112.05,5,Operator Mesin Penggiling Mineral,8112
8112.99,5,Operator Mesin Pengolahan Bijih Mineral dan Batu Lainnya,8112
8113,4,Pekerja Pengeboran dan Penggalian Sumur YBDI,811
8113.01,5,Operator Peralatan Pengeboran,8113
8113.02,5,Pekerja Bor,8113
8113.03,5,Pekerja Derek,8113
8113.04,5,Operator Perawatan Sumur,8113
8113.05,5,Operator Pengujian Sumur,8113
8113.99,5,Pekerja Pengeboran dan Penggalian Sumur YBDI Lainnya,8113
8114,4,"Operator Mesin Pengolahan Semen, Batu, dan Mineral Lainnya",811
8114.01,5,Operator Mesin Produksi Beton,8114
8114.02,5,Operator Mesin Produksi Batu Cetak,8114
8114.03,5,Operator Mesin Industri Pemolesan Intan,8114
8114.04,5,Operator Kiln (Mesin Pembakaran) Produk Semen,8114
8114.05,5,Operator Mesin Pencampur Aspal,8114
8114.06,5,Operator Mesin Pemolesan Batu,8114
8114.99,5,"Operator Mesin Pengolahan Semen, Batu, dan Mineral Lainnya YTDL",8114
812,3,Operator Mesin Pengolahan Logam,81
8121,4,Operator Mesin Pengolahan Logam,812
8121.01,5,Operator Mesin Penuang (Ladle Pourer),8121
8121.02,5,Pekerja Penggulung Baja,8121
8121.03,5,Operator Mesin Pengolahan Panas Logam,8121
8121.04,5,Operator Mesin Pengekstrusi Logam,8121
8121.05,5,Operator Mesin Pemurnian Logam,8121
8121.99,5,Operator Mesin Pengolahan Logam Lainnya,8121
8122,4,"Operator Mesin Penyelesaian, Penyepuhan, dan Pelapisan Logam",812
8122.01,5,Operator Mesin Pelapis Logam/Sepuh (Listrik),8122
8122.02,5,Operator Mesin Pelapis Logam/Sepuh (Celup),8122
8122.03,5,Operator Mesin Pelapis Logam/Semprot Logam,8122
8122.99,5,"Operator Mesin Penyelesaian, Penyepuhan, dan Pelapisan Logam",8122
813,3,Operator Mesin Pengolahan Bahan Kimia dan Fotografi,81
8131,4,Operator Mesin Pengolahan Bahan Kimia,813
8131.01,5,Operator Mesin Blender,8131
8131.02,5,Operator Mesin Penyulingan Minyak Bumi dan Gas Alam,8131
8131.03,5,Operator Mesin Penyulingan Selain Minyak Bumi dan Gas Alam,8131
8131.04,5,Operator Mesin Farmasi dan Keperluan Kebersihan Pribadi,8131
8131.05,5,Operator Mesin Produksi Lilin,8131
8131.06,5,Operator Mesin Produksi Bahan Peledak,8131
8131.07,5,Operator Mesin Spinner Pengolahan Sampah,8131
8131.99,5,Operator Mesin Pengolahan Bahan Kimia Lainnya,8131
8132,4,Operator Mesin Pengolahan Produk Fotografi,813
8132.01,5,Teknisi Kamar Gelap,8132
8132.02,5,Juru Pemroses Fotografi,8132
8132.03,5,Operator Mesin Fotografi,8132
8132.04,5,Juru Pencetak Fotografi,8132
8132.05,5,Operator Mesin Pembuat Kertas dan Film Fotografi,8132
8132.99,5,Operator Mesin Pengolahan Produk Fotografi Lainnya,8132
814,3,"Operator Mesin Pengolahan Karet, Plastik, dan Kertas",81
8141,4,Operator Mesin Pengolahan Karet,814
8141.01,5,Operator Mesin Ekstrusi Karet,8141
8141.02,5,Operator Mesin Penggilingan Karet,8141
8141.03,5,Operator Mesin Pencetak Karet,8141
8141.04,5,Operator Mesin Produk Karet,8141
8141.05,5,Operator Mesin Pembuat Ban,8141
8141.06,5,Juru Vulkanisir Ban,8141
8141.99,5,Operator Mesin Pengolahan Karet Lainnya,8141
8142,4,Operator Mesin Pengolahan Plastik,814
8142.01,5,Operator Mesin Peniup Botol Plastik,8142
8142.02,5,Operator Mesin Pres Laminasi Plastik,8142
8142.03,5,Operator Mesin Ekstrusi Plastik,8142
8142.04,5,Operator Mesin Produk Plastik,8142
8142.05,5,Operator Mesin Penghancur Plastik,8142
8142.99,5,Operator Mesin Produk Plastik Lainnya,8142
8143,4,Operator Mesin Pengolahan Kertas,814
8143.01,5,Operator Mesin Produk Karton,8143
8143.02,5,Operator Mesin Produk Kotak Kertas,8143
8143.03,5,Operator Mesin Produk Amplop dan Kantong Kertas,8143
8143.04,5,Operator Mesin Produk Kertas,8143
8143.05,5,Penghancur Bubur Kertas,8143
8143.99,5,Operator Mesin Pengolahan Kertas Lainnya,8143
815,3,"Operator Mesin Pengolahan Tekstil, Kulit, dan Bulu",81
8151,4,"Operator Mesin Penyiapan, Pemintalan, dan Penggulungan Serat",815
8151.01,5,Operator Mesin Penyiapan Serat,8151
8151.02,5,Operator Mesin Pemintalan Benang,8151
8151.03,5,Operator Mesin Pemilinan Benang,8151
8151.04,5,Operator Mesin Penggulungan Benang,8151
8151.99,5,"Operator Mesin Penyiapan, Pemintalan, dan Penggulungan Serat",8151
8152,4,Operator Mesin Tenun dan Rajut,815
8152.01,5,Operator Mesin Rajut,8152
8152.02,5,Operator Mesin Produksi Jaring,8152
8152.03,5,Operator Mesin Tenun,8152
8152.99,5,Operator Mesin Tenun dan Rajut Lainnya,8152
8153,4,Operator Mesin Jahit,815
8153.01,5,Operator Mesin Obras,8153
8153.02,5,Operator Mesin Sulam atau Bordir,8153
8153.99,5,Operator Mesin Jahit Lainnya,8153
8154,4,"Operator Mesin Pemutihan, Pencelupan, dan Pembersihan Kain",815
8154.01,5,Operator Mesin Pemutihan Kain,8154
8154.02,5,Operator Mesin Pencelupan Tekstil,8154
8154.99,5,"Operator Mesin Pemutihan, Pencelupan, dan Pembersihan Kain",8154
8155,4,Operator Mesin Penyiapan Bulu dan Kulit,815
8155.01,5,Operator Mesin Pembersihan Bulu Jangat,8155
8155.02,5,Operator Mesin Pewarnaan Kulit,8155
8155.03,5,Operator Mesin Penyamakan Kulit,8155
8155.99,5,Operator Mesin Penyiapan Bulu dan Kulit Lainnya,8155
8156,4,Operator Mesin Pembuat Sepatu dan YBDI,815
8156.00,5,Operator Mesin Pembuat Sepatu dan YBDI,8156
8157,4,Operator Mesin Penatu,815
8157.01,5,Operator Mesin Cuci Kering,8157
8157.02,5,Operator Mesin Laundry,8157
8157.03,5,Operator Mesin Pres,8157
8157.99,5,Operator Mesin Penatu Lainnya,8157
8159,4,"Operator Mesin Pengolahan Tekstil, Bulu, dan Kulit YTDL",815
8159.01,5,Operator Mesin Pembuat Topi,8159
8159.02,5,Operator Mesin Pembuat Pola Tekstil,8159
8159.99,5,"Operator Mesin Pengolahan Tekstil, Bulu, dan Kulit YTDL Lainnya",8159
816,3,Operator Mesin Pengolahan Makanan dan YBDI,81
8160,4,Operator Mesin Pengolahan Makanan dan YBDI,816
8160.01,5,Operator Mesin Pembuatan Roti dan Kue,8160
8160.02,5,Operator Mesin Pembuatan Cokelat,8160
8160.03,5,Operator Mesin Pembuatan Produk Susu,8160
8160.04,5,Operator Mesin Pengolahan Ikan,8160
8160.05,5,Operator Mesin Pengolahan Daging,8160
8160.06,5,Operator Mesin Pengolahan Susu,8160
8160.07,5,Operator Mesin Produksi Rokok dan Cerutu,8160
8160.08,5,Operator Mesin Penyangrai Kopi,8160
8160.99,5,"Operator Mesin Pengolahan Makanan, Tembakau, dan YBDI Lainnya",8160
817,3,Operator Mesin Pengolahan Kayu dan Pembuatan Kertas,81
8171,4,Operator Mesin Pengolahan Bubur Kertas dan Pembuatan Kertas,817
8171.01,5,Pekerja Pembuatan Bubur Kertas,8171
8171.02,5,Operator Pemutihan Bubur Kertas,8171
8171.03,5,Operator Penyaring Bubur Kertas,8171
8171.04,5,Teknisi Mesin Bubur Kertas,8171
8171.05,5,Operator Mesin Produksi Kertas,8171
8171.99,5,Operator Mesin Pengolahan Bubur Kertas dan Pembuatan Kertas,8171
8172,4,Operator Mesin Pengolahan Kayu,817
8172.01,5,Operator Mesin Gergaji Sirkular,8172
8172.02,5,Operator Mesin Pemotongan Kayu Gelondongan,8172
8172.03,5,Operator Mesin Pres Kayu Lapis/Plywood,8172
8172.04,5,Operator Penggergajian Kayu,8172
8172.99,5,Operator Mesin Pengolahan Kayu Lainnya,8172
818,3,Operator Mesin Stasioner Lainnya,81
8181,4,Operator Mesin Pengolahan Kaca dan Keramik,818
8181.01,5,Operator Tungku Produksi Kaca,8181
8181.02,5,"Operator Kiln (Mesin Pembakaran) Batu Bata, Ubin, dan Genteng",8181
8181.03,5,Operator Kiln (Mesin Pembakaran) Tembikar dan Porselen,8181
8181.04,5,Operator Mesin Peniup Kaca,8181
8181.05,5,Operator Mesin Pencampur Tanah Liat,8181
8181.06,5,Operator Mesin Pencampur Bahan Kaca,8181
8181.99,5,Operator Mesin Pengolahan Kaca dan Keramik Lainnya,8181
8182,4,Operator Mesin Uap dan Ketel Uap,818
8182.01,5,Operator Ketel Uap,8182
8182.02,5,Operator Ketel Uap Kapal,8182
8182.03,5,Operator Mesin Uap,8182
8182.04,5,Juru Api,8182
8182.05,5,Operator Mesin Pembangkit Tenaga Panas,8182
8182.99,5,Operator Mesin Uap dan Ketel Uap Lainnya,8182
8183,4,"Operator Mesin Pengisian Botol, Pelabelan, dan Pengemasan",818
8183.01,5,Operator Mesin Pengisian Botol,8183
8183.02,5,Operator Mesin Pelabelan,8183
8183.03,5,Operator Mesin Pengemasan,8183
8183.04,5,Operator Mesin Pembungkusan,8183
8183.99,5,"Operator Mesin Pengisian Botol, Pelabelan, dan Pengemasan Lainnya",8183
8189,4,Operator Mesin Stasioner YTDL,818
8189.01,5,Operator Mesin Produksi Cip Silikon,8189
8189.02,5,Operator Mesin Penyambungan Kabel dan Tali Temali,8189
8189.99,5,Operator Mesin Stasioner YTDL Lainnya,8189
82,2,Perakit,8
821,3,Perakit,82
8211,4,Perakit Mesin Mekanik,821
8211.01,5,Perakit Gearbox,8211
8211.02,5,Perakit Mesin Penggerak,8211
8211.03,5,Pemasang/Penginstalasi Mesin Penggerak,8211
8211.04,5,Perakit Kendaraan,8211
8211.05,5,Bench Fitter,8211
8211.06,5,Perakit Pesawat Terbang,8211
8211.07,5,Perakit Turbin,8211
8211.99,5,Perakit Mesin Mekanik Lainnya,8211
8212,4,Perakit Peralatan Listrik dan Elektronik,821
8212.01,5,Perakit Peralatan Elektronik,8212
8212.02,5,Perakit Peralatan Listrik,8212
8212.03,5,Perakit Peralatan Elektro-Mekanik,8212
8212.99,5,Perakit Peralatan Listrik dan Elektronik Lainnya,8212
8219,4,Perakit YTDL,821
8219.01,5,Perakit Produk Logam (Kecuali Mesin Mekanik),8219
8219.02,5,Perakit Produk Plastik,8219
8219.03,5,Perakit Produk Karet,8219
8219.04,5,Perakit Produk Kayu,8219
8219.05,5,Perakit Pintu,8219
8219.06,5,Perakit Perhiasan,8219
8219.07,5,Perakit Produk dari Kulit,8219
8219.08,5,Perakit Produk dari Karton,8219
8219.09,5,Pembuat Payung,8219
8219.99,5,Perakit YTDL Lainnya,8219
83,2,Pengemudi dan Operator Mesin Bergerak,8
831,3,Masinis Mesin Lokomotif dan YBDI,83
8311,4,Masinis Mesin Lokomotif,831
8311.01,5,Masinis Lokomotif,8311
8311.02,5,Masinis Kereta Api,8311
8311.99,5,Masinis Mesin Lokomotif Lainnya,8311
8312,4,"Operator Rem, Sinyal, dan Langsir Kereta Api",831
8312.01,5,Operator/Juru Rem Kereta Api,8312
8312.02,5,Operator/Juru Langsir Kereta Api,8312
8312.03,5,Operator/Juru Sinyal Kereta Api,8312
8312.04,5,Yardmaster & Train Conductor,8312
8312.99,5,"Operator Rem, Sinyal, dan Langsir Kereta Api Lainnya",8312
832,3,"Pengemudi Mobil, Van, dan Sepeda Motor",83
8321,4,Pengemudi Sepeda Motor,832
8321.01,5,Pengemudi Sepeda Motor Pengiriman Barang/Pesanan,8321
8321.02,5,Pengemudi Becak Bermotor,8321
8321.03,5,Pengemudi Kendaraan Bermotor Roda Tiga,8321
8321.04,5,Pengemudi Sepeda Motor Roda Dua,8321
8321.99,5,Pengemudi Sepeda Motor Lainnya,8321
8322,4,"Pengemudi Mobil, Taksi, dan Van",832
8322.01,5,Pengemudi Mobil,8322
8322.02,5,Pengemudi Taksi,8322
8322.03,5,Pengemudi Van/Mobil Boks,8322
8322.99,5,"Pengemudi Mobil, Taksi, dan Van Lainnya",8322
833,3,Pengemudi Truk Berat dan Bus,83
8331,4,Pengemudi Bus dan Trem,833
8331.01,5,Pengemudi Bus,8331
8331.02,5,Pengemudi Bus Wisata,8331
8331.03,5,Pengemudi Trem,8331
8331.99,5,Pengemudi Bus dan Trem Lainnya,8331
8332,4,Pengemudi Truk Berat dan Truk Kontainer,833
8332.01,5,Pengemudi Truk Berat,8332
8332.02,5,Pengemudi Kendaraan Pencampur Beton,8332
8332.03,5,Pengemudi Truk Kontainer,8332
8332.99,5,Pengemudi Truk Berat dan Truk Kontainer Lainnya,8332
834,3,Operator Mesin Bergerak,83
8341,4,Operator Mesin Bergerak Pertanian dan Kehutanan,834
8341.01,5,Operator Mesin Pemanen,8341
8341.02,5,Operator Mesin Pemotong Kayu,8341
8341.03,5,Operator Pengangkut Hasil Hutan Kayu,8341
8341.04,5,Operator Traktor,8341
8341.05,5,Operator Mesin Penebang Pohon,8341
8341.99,5,Operator Mesin Bergerak Pertanian dan Kehutanan Lainnya,8341
8342,4,Operator Mesin Pengeruk Tanah dan YBDI,834
8342.01,5,Operator Buldozer,8342
8342.02,5,Operator Ekskavator,8342
8342.03,5,Operator Mesin Pemancang Tiang,8342
8342.04,5,Operator Mesin Penghalus Jalan,8342
8342.05,5,Operator Front-End Loader,8342
8342.06,5,Operator Trencher,8342
8342.07,5,Operator Mesin Pengikis,8342
8342.08,5,Operator Mesin Pelapis,8342
8342.09,5,"Operator Mesin Penebaran Pasir, Batu, dan Sejenisnya",8342
8342.10,5,Operator Dredger (Kapal Keruk),8342
8342.99,5,Operator Mesin Pengeruk Tanah dan YBDI Lainnya,8342
8343,4,"Operator Mesin Derek/Crane, Pengerek/Hoist, dan YBDI",834
8343.01,5,Operator Crane Stasioner,8343
8343.02,5,Operator Mesin Penggerek/Hoist,8343
8343.03,5,Operator Mesin Derek/Crane Bergerak,8343
8343.04,5,Operator Crane Menara,8343
8343.05,5,Operator Mesin Pemasangan Rel Kereta,8343
8343.99,5,"Operator Mesin Derek/Crane, Pengerek/Hoist, dan YBDI Lainnya",8343
8344,4,Operator Forklift,834
8344.00,5,Operator Forklift,8344
835,3,Awak Geladak Kapal dan YBDI,83
8350,4,Awak Geladak Kapal dan YBDI,835
8350.01,5,Kepala Kelasi (Boatswain),8350
8350.02,5,Pekerja Kapal Tunda,8350
8350.03,5,Anak Buah Kapal,8350
8350.99,5,Awak Geladak Kapal dan YBDI Lainnya,8350
9,1,Pekerja Kasar,
91,2,Tenaga Kebersihan dan Juru Bantu,9
911,3,"Tenaga Kebersihan dan Juru Bantu Rumah Tangga, Hotel, dan Kantor",91
9111,4,Tenaga Kebersihan dan Juru Bantu Rumah Tangga,911
9111.01,5,Asisten Rumah Tangga,9111
9111.02,5,Juru Bersih Rumah Tangga,9111
9111.99,5,Tenaga Kebersihan dan Juru Bantu Rumah Tangga Lainnya,9111
9112,4,"Tenaga Kebersihan dan Juru Bantu di Kantor, Hotel, dan Tempat Lainnya",911
9112.01,5,Tenaga Kebersihan Pesawat Terbang,9112
9112.02,5,Tenaga Kebersihan Hotel,9112
9112.03,5,Tenaga Kebersihan Kantor,9112
9112.04,5,Juru Bersih Toilet,9112
9112.99,5,"Tenaga Kebersihan dan Juru Bantu di Kantor, Hotel, dan Tempat",9112
912,3,"Tenaga Cuci Kendaraan, Jendela, Binatu, dan Tenaga Kebersihan dengan Tangan Lainnya",91
9121,4,Tenaga Cuci dan Setrika dengan Tangan,912
9121.01,5,Tenaga Cuci Kimia (Dry Cleaner) dengan Tangan,9121
9121.02,5,Tenaga Cuci dengan Tangan,9121
9121.03,5,Tenaga Setrika dengan Tangan,9121
9121.99,5,Tenaga Cuci dan Setrika dengan Tangan Lainnya,9121
9122,4,Tenaga Cuci Kendaraan,912
9122.01,5,Tenaga Cuci Kendaraan (dengan Tangan),9122
9122.02,5,Tenaga Cuci Detail Kendaraan,9122
9122.99,5,Tenaga Cuci Kendaraan Lainnya,9122
9123,4,Tenaga Pembersih Jendela,912
9123.00,5,Tenaga Pembersih Jendela,9123
9129,4,Tenaga Kebersihan Lainnya,912
9129.01,5,Pembersih Karpet,9129
9129.02,5,Pembersih Menara Pendingin,9129
9129.03,5,Pembersih Grafiti,9129
9129.04,5,Pembersih Kolam Renang,9129
9129.99,5,Tenaga Kebersihan Lainnya YTDL,9129
92,2,"Buruh Pertanian, Kehutanan, dan Perikanan",9
921,3,"Buruh Pertanian, Kehutanan, dan Perikanan",92
9211,4,Buruh Pertanian,921
9211.01,5,Buruh Tani Padi,9211
9211.02,5,Pemetik Sayuran,9211
9211.03,5,Pemetik Buah,9211
9211.04,5,Buruh Tanam Tebu,9211
9211.05,5,Buruh Perkebunan Kopi,9211
9211.06,5,Buruh Perkebunan Teh,9211
9211.07,5,Buruh Perkebunan Kelapa Sawit,9211
9211.99,5,Buruh Pertanian Lainnya,9211
9212,4,Buruh Peternakan,921
9212.00,5,Buruh Peternakan,9212
9213,4,Buruh Campuran Pertanian dan Peternakan,921
9213.00,5,Buruh Campuran Pertanian dan Peternakan,9213
9214,4,Buruh Kebun Bibit dan Taman,921
9214.01,5,Buruh Kebun Bibit,9214
9214.02,5,Buruh Taman,9214
9214.03,5,Pemotong Rumput,9214
9214.99,5,Buruh Kebun Bibit dan Taman Lainnya,9214
9215,4,Buruh Kehutanan,921
9215.01,5,Buruh Tanam Pohon,9215
9215.02,5,Penebang Pohon dengan Kapak,9215
9215.99,5,Buruh Kehutanan Lainnya,9215
9216,4,Buruh Penangkapan dan Budidaya Perikanan,921
9216.01,5,Buruh Penangkapan Ikan,9216
9216.02,5,Buruh Budidaya Ikan,9216
9216.99,5,Buruh Penangkapan dan Budidaya Perikanan Lainnya,9216
93,2,"Buruh Pertambangan, Konstruksi, Industri Pengolahan, dan Transportasi",9
931,3,Buruh Pertambangan dan Konstruksi,93
9311,4,Buruh Pertambangan dan Penggalian,931
9311.01,5,Buruh Pertambangan,9311
9311.02,5,Buruh Penggalian,9311
9311.99,5,Buruh Pertambangan dan Penggalian Lainnya,9311
9312,4,Buruh Teknik Sipil,931
9312.01,5,Buruh Konstruksi Bangunan Sipil,9312
9312.02,5,Buruh Pemeliharaan Bangunan Sipil,9312
9312.03,5,Buruh Pengerukan,9312
9312.04,5,Buruh Pekerjaan Survei Teknik Sipil,9312
9312.99,5,Buruh Teknik Sipil Lainnya,9312
9313,4,Buruh Bangunan,931
9313.01,5,Buruh Konstruksi Bangunan,9313
9313.02,5,Asisten Tukang Batu,9313
9313.03,5,Buruh Pembongkaran,9313
9313.04,5,Buruh Pengangkutan,9313
9313.99,5,Buruh Bangunan Lainnya,9313
932,3,Buruh Industri Pengolahan,93
9321,4,Buruh Pengemasan,932
9321.01,5,Buruh Pelabelan dengan Tangan,9321
9321.02,5,Buruh Pengepakan dengan Tangan,9321
9321.03,5,Buruh Pembungkus dengan Tangan,9321
9321.99,5,Buruh Pengemasan Lainnya,9321
9329,4,Buruh Industri Pengolahan YTDL,932
9329.01,5,Penyortir Botol,9329
9329.02,5,Buruh Produksi,9329
9329.03,5,Buruh Bongkar Muat Barang,9329
9329.99,5,Buruh Industri Pengolahan YTDL Lainnya,9329
933,3,Buruh Transportasi dan Pergudangan,93
9331,4,Pengemudi Becak dan Kendaraan Berpedal,933
9331.00,5,Pengemudi Becak dan Kendaraan Berpedal,9331
9332,4,Pengemudi Kendaraan dan Peralatan yang Ditarik Hewan,933
9332.01,5,Pengemudi Peralatan yang Ditarik Hewan,9332
9332.02,5,Sais Bendi,9332
9332.99,5,Pengemudi Kendaraan dan Peralatan yang Ditarik Hewan Lainnya,9332
9333,4,Pekerja Penanganan Kargo,933
9333.01,5,Buruh Angkat Barang,9333
9333.02,5,Pekerja Penanganan Bahan Bakar,9333
9333.99,5,Pekerja Penanganan Kargo Lainnya,9333
9334,4,Buruh Penata Barang,933
9334.01,5,Buruh Pengisi Barang,9334
9334.02,5,Buruh Pengontrol Barang,9334
9334.99,5,Buruh Penata Barang Lainnya,9334
94,2,Asisten Penyiapan Makanan,9
941,3,Asisten Penyiapan Makanan,94
9411,4,Asisten Juru Masak,941
9411.00,5,Asisten Juru Masak,9411
9412,4,Juru Bantu Dapur,941
9412.01,5,Asisten Dapur,9412
9412.02,5,Pencuci Piring,9412
9412.03,5,Juru Bersih Dapur,9412
9412.04,5,Porter Dapur (Kuli),9412
9412.05,5,Pelayan Dapur,9412
9412.99,5,Juru Bantu Dapur Lainnya,9412
95,2,Pedagang dan Pekerja Jasa Jalanan,9
951,3,Pekerja Jasa Jalanan dan YBDI,95
9510,4,Pekerja Jasa Jalanan dan YBDI,951
9510.01,5,Pesuruh,9510
9510.02,5,Penyemir Sepatu,9510
9510.03,5,Pembersih Kaca Mobil,9510
9510.04,5,Tukang Parkir Jalanan,9510
9510.99,5,Pekerja Jasa Jalanan dan YBDI Lainnya,9510
952,3,Pedagang Keliling dan Asongan (Selain Makanan),95
9520,4,Pedagang Keliling dan Asongan (Selain Makanan),952
9520.01,5,Pedagang Keliling (Selain Makanan),9520
9520.02,5,Pedagang Asongan (Selain Makanan),9520
9520.99,5,Pedagang Keliling dan Asongan (Selain Makanan) Lainnya,9520
96,2,Pekerja Sampah dan Pekerja Kasar Lainnya,9
961,3,Pekerja Sampah,96
9611,4,Pengangkut Sampah,961
9611.00,5,Pengangkut Sampah,9611
9612,4,Penyortir Sampah,961
9612.01,5,Pemilah Material Daur Ulang,9612
9612.02,5,Pengepul Material Daur Ulang,9612
9612.03,5,Pengumpul Material Daur Ulang,9612
9612.04,5,Pengolah Sampah Organik,9612
9612.05,5,Pembongkar Perangkat Elektronik Bekas,9612
9612.99,5,Pemilah Sampah Lainnya,9612
9613,4,Tukang Sapu dan YBDI,961
9613.01,5,Tukang Sapu Taman,9613
9613.02,5,Tukang Sapu Jalanan,9613
9613.99,5,Tukang Sapu dan YBDI Lainnya,9613
962,3,Pekerja Kasar Lainnya,96
9621,4,"Kurir, Pengantar Paket, dan Kuli Angkut Barang",962
9621.01,5,Loper/Pengantar Koran,9621
9621.02,5,Pembawa Pesan,9621
9621.03,5,Kuli Angkut Barang (Porter),9621
9621.04,5,Pesuruh Pos,9621
9621.99,5,"Kurir, Pengantar Paket, dan Kuli Angkut Barang Lainnya",9621
9622,4,Pekerja Serabutan,962
9622.01,5,Pekerja Pemeliharaan Fasilitas,9622
9622.02,5,Pekerja Serbaguna Hotel,9622
9622.99,5,Pekerja Serabutan Lainnya,9622
9623,4,Pembaca Meteran dan Pengumpul Mesin Vending,962
9623.01,5,Pengisi Mesin Penjual Otomatis,9623
9623.02,5,Pembaca Meteran,9623
9623.99,5,Pembaca Meteran dan Pengumpul Mesin Vending Lainnya,9623
9624,4,Pengumpul Air dan Kayu Bakar,962
9624.01,5,Pengumpul Kayu Bakar,9624
9624.02,5,Pengumpul Air,9624
9624.99,5,Pengumpul Air dan Kayu Bakar Lainnya,9624
9629,4,Pekerja Kasar YTDL,962
9629.01,5,Penjaga Pintu,9629
9629.02,5,Petugas Parkir,9629
9629.03,5,Petugas Ruang Pameran,9629
9629.04,5,Petugas Ruang Mantel,9629
9629.05,5,Pengumpul Tiket,9629
9629.06,5,Petugas Area Rekreasi dan Olahraga,9629
9629.99,5,Pekerja Kasar YTDL Lainnya,9629
