source_job_id,url,title,company_name,location_raw,salary_raw,salary_min,salary_max,salary_period,education_raw,experience_raw,employment_type,description,posted_days_ago,valid_days_ahead,extra_job_level
S00001,,Driver Pengiriman,PT Contoh Sinar Abadi,Semarang,Rp 4-5 jt,,,,S1,Tanpa pengalaman,Freelance,"PT Contoh Sinar Abadi membuka lowongan Driver Pengiriman. Tanggung jawab: mengantar barang ke pelanggan tepat waktu. Kualifikasi: menguasai SIM B1, mengenal rute; mampu bekerja dalam tim; teliti dan bertanggung jawab. Kirim CV ke rekrutmen91@example.com",17,43,Entry level
S00002,,Driver Pengiriman,PT Contoh Sinar Abadi,Semarang,Rp 4-5 jt,,,,S1,Tanpa pengalaman,Freelance,"PT Contoh Sinar Abadi kembali membuka lowongan Driver Pengiriman. Tanggung jawab: mengantar barang ke pelanggan tepat waktu. Kualifikasi: menguasai SIM B1, mengenal rute; mampu bekerja dalam tim; teliti dan bertanggung jawab. Kirim CV ke rekrutmen91@example.com",11,43,Entry level
S00003,,Barista,PT Ilustrasi Pangan Sejahtera,Palembang,Rp 3-3 jt,,,,S1,,Part Time,"PT Ilustrasi Pangan Sejahtera membuka lowongan Barista. Tanggung jawab: menyiapkan minuman kopi dan melayani pelanggan. Kualifikasi: menguasai pelayanan, kebersihan; mampu bekerja dalam tim; teliti dan bertanggung jawab. Kirim CV ke rekrutmen64@example.com",12,7,Manager
S00004,,Barista,PT Ilustrasi Pangan Sejahtera,Palembang,Rp 3-3 jt,,,,S1,,Part Time,"PT Ilustrasi Pangan Sejahtera kembali membuka lowongan Barista. Tanggung jawab: menyiapkan minuman kopi dan melayani pelanggan. Kualifikasi: menguasai pelayanan, kebersihan; mampu bekerja dalam tim; teliti dan bertanggung jawab. Kirim CV ke rekrutmen64@example.com",4,7,Manager
S00005,,Data Analyst,Klinik Contoh Sehat,Surabaya,"4,5 juta",,,,Sarjana / S1,Tanpa pengalaman,Full Time,"Klinik Contoh Sehat membuka lowongan Data Analyst. Tanggung jawab: mengolah data penjualan dan membuat dasbor. Kualifikasi: menguasai SQL, Excel, Tableau; mampu bekerja dalam tim; teliti dan bertanggung jawab. Lamar melalui https://wa.me/6281200097171",4,19,Manager
S00006,,Sales Executive,PT Demo Teknologi Nusantara,Jakarta Selatan,Rp 3-4 jt,,,,bachelor degree,3-5 tahun,Full Time,"PT Demo Teknologi Nusantara membuka lowongan Sales Executive. Tanggung jawab: mencari pelanggan baru dan mencapai target penjualan. Kualifikasi: menguasai negosiasi, komunikasi; mampu bekerja dalam tim; teliti dan bertanggung jawab. Lamar langsung melalui tombol apply.",49,13,Staff / Officer
S00007,,Admin Gudang,Bengkel Contoh Motor,Kota Bandung,,,,,S1,min. 2 tahun,Kontrak,"Bengkel Contoh Motor membuka lowongan Admin Gudang. Tanggung jawab: mencatat stok masuk dan keluar barang. Kualifikasi: menguasai Excel, ketelitian; mampu bekerja dalam tim; teliti dan bertanggung jawab. Hubungi Ibu Contoh via WA 0812-0000-6945",42,19,Entry level
S00008,,Mekanik Motor,CV Maju Bersama Contoh,Kab. Bandung,Dirahasiakan,,,,S1,Fresh graduate,Part Time,"CV Maju Bersama Contoh membuka lowongan Mekanik Motor. Tanggung jawab: memperbaiki dan merawat sepeda motor. Kualifikasi: menguasai mesin motor, diagnosa; mampu bekerja dalam tim; teliti dan bertanggung jawab. Lamar melalui https://wa.me/6281200040505",43,14,
S00009,,Cleaning Service,PT Contoh Sinar Abadi,Kota Tangerang Selatan,Rp 3-4 jt,,,,Minimal SMA/SMK/Sederajat,Fresh graduate,Part Time,"PT Contoh Sinar Abadi membuka lowongan Cleaning Service. Tanggung jawab: menjaga kebersihan area kerja. Kualifikasi: menguasai kebersihan, kerja tim; mampu bekerja dalam tim; teliti dan bertanggung jawab. Hubungi Ibu Contoh via WA 0812-0000-7832",4,30,Supervisor / Koordinator
S00010,,Staf Administrasi,PT Ilustrasi Pangan Sejahtera,Bogor,Rp163rb/hari,,,,D3,Minimal 1 tahun,Kontrak,"PT Ilustrasi Pangan Sejahtera membuka lowongan Staf Administrasi. Tanggung jawab: mengelola surat dan dokumen kantor. Kualifikasi: menguasai Microsoft Office, arsip; mampu bekerja dalam tim; teliti dan bertanggung jawab. Hubungi Ibu Contoh via WA 0812-0000-9329",51,19,Supervisor / Koordinator
S00011,,Operator Produksi,PT Ilustrasi Pangan Sejahtera,Solo,"3,8 juta",,,,S1,Minimal 1 tahun,Full Time,"PT Ilustrasi Pangan Sejahtera membuka lowongan Operator Produksi. Tanggung jawab: mengoperasikan mesin produksi sesuai SOP. Kualifikasi: menguasai K3, kerja shift; mampu bekerja dalam tim; teliti dan bertanggung jawab. Kirim CV ke rekrutmen9@example.com",2,22,
S00012,,Mekanik Motor,PT Contoh Farma,Kota Bandung,Rp163rb/hari,,,,Diploma/D1/D2/D3,Minimal 1 tahun,FULL_TIME,"PT Contoh Farma membuka lowongan Mekanik Motor. Tanggung jawab: memperbaiki dan merawat sepeda motor. Kualifikasi: menguasai mesin motor, diagnosa; mampu bekerja dalam tim; teliti dan bertanggung jawab. Lamar melalui https://wa.me/6281200089736",29,31,Manager
S00013,,Desainer Grafis,Bengkel Contoh Motor,Balikpapan,Rp200rb/hari,,,,SMP,12 bulan,FULL_TIME,"Bengkel Contoh Motor membuka lowongan Desainer Grafis. Tanggung jawab: membuat materi visual untuk media sosial. Kualifikasi: menguasai Figma, Adobe Illustrator; mampu bekerja dalam tim; teliti dan bertanggung jawab. Hubungi Ibu Contoh via WA 0812-0000-8580",38,28,Manager
S00014,,Digital Marketing Specialist,CV Maju Bersama Contoh,Kota Medan,Negotiable,,,,S1 semua jurusan,min. 2 tahun,Kontrak,"CV Maju Bersama Contoh membuka lowongan Digital Marketing Specialist. Tanggung jawab: mengelola iklan digital dan media sosial. Kualifikasi: menguasai Meta Ads, Google Ads; mampu bekerja dalam tim; teliti dan bertanggung jawab. Lamar langsung melalui tombol apply.",8,12,Supervisor / Koordinator
S00015,,HR Generalist,PT Contoh Farma,"Denpasar, Bali",Negotiable,,,,SMP,min. 2 tahun,Kontrak,"PT Contoh Farma membuka lowongan HR Generalist. Tanggung jawab: mengelola rekrutmen dan administrasi karyawan. Kualifikasi: menguasai rekrutmen, BPJS, payroll; mampu bekerja dalam tim; teliti dan bertanggung jawab. Lamar melalui https://wa.me/6281200032879",11,31,Staff / Officer
S00016,,HR Generalist,PT Contoh Farma,"Denpasar, Bali",Negotiable,,,,SMP,min. 2 tahun,Kontrak,"PT Contoh Farma kembali membuka lowongan HR Generalist. Tanggung jawab: mengelola rekrutmen dan administrasi karyawan. Kualifikasi: menguasai rekrutmen, BPJS, payroll; mampu bekerja dalam tim; teliti dan bertanggung jawab. Lamar melalui https://wa.me/6281200032879",4,31,Staff / Officer
S00017,,Perawat,PT Fiktif Manufaktur Jaya,Remote,,,,,Sarjana / S1,Fresh graduate,Freelance,"PT Fiktif Manufaktur Jaya membuka lowongan Perawat. Tanggung jawab: memberikan asuhan keperawatan kepada pasien. Kualifikasi: menguasai STR aktif, BTCLS; mampu bekerja dalam tim; teliti dan bertanggung jawab. Lamar melalui https://wa.me/6281200063068",51,45,
S00018,,Project Manager,Kedai Kopi Contoh,Malang,Rp436rb/hari,,,,,3-5 tahun,Part Time,"Kedai Kopi Contoh membuka lowongan Project Manager. Tanggung jawab: merencanakan dan mengawasi jalannya proyek. Kualifikasi: menguasai manajemen proyek, komunikasi; mampu bekerja dalam tim; teliti dan bertanggung jawab. Lamar langsung melalui tombol apply.",20,27,Entry level
S00019,,HR Generalist,PT Contoh Sinar Abadi,Solo,"3,6 juta",,,,Diploma/D1/D2/D3,,Magang,"PT Contoh Sinar Abadi membuka lowongan HR Generalist. Tanggung jawab: mengelola rekrutmen dan administrasi karyawan. Kualifikasi: menguasai rekrutmen, BPJS, payroll; mampu bekerja dalam tim; teliti dan bertanggung jawab. Hubungi Ibu Contoh via WA 0812-0000-1205",19,32,Supervisor / Koordinator
S00020,,HR Generalist,PT Contoh Sinar Abadi,Solo,"3,6 juta",,,,Diploma/D1/D2/D3,,Magang,"PT Contoh Sinar Abadi kembali membuka lowongan HR Generalist. Tanggung jawab: mengelola rekrutmen dan administrasi karyawan. Kualifikasi: menguasai rekrutmen, BPJS, payroll; mampu bekerja dalam tim; teliti dan bertanggung jawab. Hubungi Ibu Contoh via WA 0812-0000-1205",16,32,Supervisor / Koordinator
S00021,,Customer Service,CV Maju Bersama Contoh,Kab. Bandung,"3,5 juta",,,,SMA/SMK,Fresh graduate,Magang,"CV Maju Bersama Contoh membuka lowongan Customer Service. Tanggung jawab: melayani pertanyaan dan keluhan pelanggan. Kualifikasi: menguasai komunikasi, CRM; mampu bekerja dalam tim; teliti dan bertanggung jawab. Lamar langsung melalui tombol apply.",46,7,Staff / Officer
S00022,,Sales Executive,Hotel Contoh Nusantara,Jaksel,Rp204rb/hari,,,,S1 semua jurusan,12 bulan,FULL_TIME,"Hotel Contoh Nusantara membuka lowongan Sales Executive. Tanggung jawab: mencari pelanggan baru dan mencapai target penjualan. Kualifikasi: menguasai negosiasi, komunikasi; mampu bekerja dalam tim; teliti dan bertanggung jawab. Hubungi Ibu Contoh via WA 0812-0000-7155",27,25,Manager
S00023,,Sales Executive,Hotel Contoh Nusantara,Jaksel,Rp204rb/hari,,,,S1 semua jurusan,12 bulan,FULL_TIME,"Hotel Contoh Nusantara kembali membuka lowongan Sales Executive. Tanggung jawab: mencari pelanggan baru dan mencapai target penjualan. Kualifikasi: menguasai negosiasi, komunikasi; mampu bekerja dalam tim; teliti dan bertanggung jawab. Hubungi Ibu Contoh via WA 0812-0000-7155",26,25,Manager
S00024,,Mekanik Motor,Kedai Kopi Contoh,Depok,Dirahasiakan,,,,bachelor degree,,Part Time,"Kedai Kopi Contoh membuka lowongan Mekanik Motor. Tanggung jawab: memperbaiki dan merawat sepeda motor. Kualifikasi: menguasai mesin motor, diagnosa; mampu bekerja dalam tim; teliti dan bertanggung jawab. Lamar melalui https://wa.me/6281200085345",32,13,Supervisor / Koordinator
S00025,,Data Analyst,PT Fiktif Manufaktur Jaya,Balikpapan,"4,3 juta",,,,Diploma/D1/D2/D3,Minimal 1 tahun,Full Time,"PT Fiktif Manufaktur Jaya membuka lowongan Data Analyst. Tanggung jawab: mengolah data penjualan dan membuat dasbor. Kualifikasi: menguasai SQL, Excel, Tableau; mampu bekerja dalam tim; teliti dan bertanggung jawab. Lamar langsung melalui tombol apply.",47,45,Staff / Officer
S00026,,Operator Produksi,PT Demo Konstruksi Utama,Kota Yogyakarta,Dirahasiakan,,,,bachelor degree,12 bulan,Full Time,"PT Demo Konstruksi Utama membuka lowongan Operator Produksi. Tanggung jawab: mengoperasikan mesin produksi sesuai SOP. Kualifikasi: menguasai K3, kerja shift; mampu bekerja dalam tim; teliti dan bertanggung jawab. Hubungi Ibu Contoh via WA 0812-0000-3570",30,37,Supervisor / Koordinator
S00027,,Admin Gudang,PT Contoh Farma,Palembang,Negotiable,,,,SMA/SMK,3-5 tahun,Part Time,"PT Contoh Farma membuka lowongan Admin Gudang. Tanggung jawab: mencatat stok masuk dan keluar barang. Kualifikasi: menguasai Excel, ketelitian; mampu bekerja dalam tim; teliti dan bertanggung jawab. Lamar langsung melalui tombol apply.",19,13,Supervisor / Koordinator
S00028,,Kurir Motor,PT Fiktif Manufaktur Jaya,Tangerang,"3,0 juta",,,,Diploma/D1/D2/D3,,Freelance,"PT Fiktif Manufaktur Jaya membuka lowongan Kurir Motor. Tanggung jawab: mengantar paket di area kota. Kualifikasi: menguasai SIM C, motor pribadi; mampu bekerja dalam tim; teliti dan bertanggung jawab. Lamar melalui https://wa.me/6281200016340",45,42,Manager
S00029,,Kurir Motor,PT Fiktif Manufaktur Jaya,Tangerang,"3,0 juta",,,,Diploma/D1/D2/D3,,Freelance,"PT Fiktif Manufaktur Jaya kembali membuka lowongan Kurir Motor. Tanggung jawab: mengantar paket di area kota. Kualifikasi: menguasai SIM C, motor pribadi; mampu bekerja dalam tim; teliti dan bertanggung jawab. Lamar melalui https://wa.me/6281200016340",41,42,Manager
S00030,,Software Engineer Backend,Hotel Contoh Nusantara,Balikpapan,,,,,bachelor degree,3-5 tahun,FULL_TIME,"Hotel Contoh Nusantara membuka lowongan Software Engineer Backend. Tanggung jawab: membangun dan memelihara layanan API. Kualifikasi: menguasai Python, SQL, Docker; mampu bekerja dalam tim; teliti dan bertanggung jawab. Kirim CV ke rekrutmen88@example.com",48,7,Supervisor / Koordinator
S00031,,Kurir Motor,PT Contoh Ritel Indonesia,Kota Bandung,Dirahasiakan,,,,S1 semua jurusan,Tanpa pengalaman,Kontrak,"PT Contoh Ritel Indonesia membuka lowongan Kurir Motor. Tanggung jawab: mengantar paket di area kota. Kualifikasi: menguasai SIM C, motor pribadi; mampu bekerja dalam tim; teliti dan bertanggung jawab. Kirim CV ke rekrutmen66@example.com",16,7,Entry level
S00032,,Kurir Motor,PT Sampel Media Kreatif,Sleman,Negotiable,,,,S1,Fresh graduate,Full Time,"PT Sampel Media Kreatif membuka lowongan Kurir Motor. Tanggung jawab: mengantar paket di area kota. Kualifikasi: menguasai SIM C, motor pribadi; mampu bekerja dalam tim; teliti dan bertanggung jawab. Hubungi Ibu Contoh via WA 0812-0000-9998",33,30,Supervisor / Koordinator
S00033,,Admin Gudang,PT Ilustrasi Pangan Sejahtera,Semarang,Rp4.100.000 - Rp5.400.000,,,,Diploma/D1/D2/D3,Tanpa pengalaman,Part Time,"PT Ilustrasi Pangan Sejahtera membuka lowongan Admin Gudang. Tanggung jawab: mencatat stok masuk dan keluar barang. Kualifikasi: menguasai Excel, ketelitian; mampu bekerja dalam tim; teliti dan bertanggung jawab. Hubungi Ibu Contoh via WA 0812-0000-2212",9,22,Supervisor / Koordinator
S00034,,Mekanik Motor,PT Contoh Sinar Abadi,"Denpasar, Bali","3,7 juta",,,,D3,Minimal 1 tahun,Part Time,"PT Contoh Sinar Abadi membuka lowongan Mekanik Motor. Tanggung jawab: memperbaiki dan merawat sepeda motor. Kualifikasi: menguasai mesin motor, diagnosa; mampu bekerja dalam tim; teliti dan bertanggung jawab. Hubungi Ibu Contoh via WA 0812-0000-4990",29,11,Manager
S00035,,Cleaning Service,Sekolah Contoh Cendekia,Kota Bandung,Rp159rb/hari,,,,Minimal SMA/SMK/Sederajat,,FULL_TIME,"Sekolah Contoh Cendekia membuka lowongan Cleaning Service. Tanggung jawab: menjaga kebersihan area kerja. Kualifikasi: menguasai kebersihan, kerja tim; mampu bekerja dalam tim; teliti dan bertanggung jawab. Lamar melalui https://wa.me/6281200078230",16,36,Supervisor / Koordinator
S00036,,Marketing Manager,PT Sampel Media Kreatif,Kota Tangerang Selatan,,,,,D3,Tanpa pengalaman,Magang,"PT Sampel Media Kreatif membuka lowongan Marketing Manager. Tanggung jawab: menyusun strategi pemasaran dan memimpin tim. Kualifikasi: menguasai strategi pemasaran, kepemimpinan; mampu bekerja dalam tim; teliti dan bertanggung jawab. Kirim CV ke rekrutmen48@example.com",1,28,Supervisor / Koordinator
S00037,,Marketing Manager,PT Sampel Media Kreatif,Kota Tangerang Selatan,,,,,D3,Tanpa pengalaman,Magang,"PT Sampel Media Kreatif kembali membuka lowongan Marketing Manager. Tanggung jawab: menyusun strategi pemasaran dan memimpin tim. Kualifikasi: menguasai strategi pemasaran, kepemimpinan; mampu bekerja dalam tim; teliti dan bertanggung jawab. Kirim CV ke rekrutmen48@example.com",0,28,Supervisor / Koordinator
S00038,,Barista,PT Contoh Ritel Indonesia,Balikpapan,Rp 3-4 jt,,,,Minimal SMA/SMK/Sederajat,min. 2 tahun,FULL_TIME,"PT Contoh Ritel Indonesia membuka lowongan Barista. Tanggung jawab: menyiapkan minuman kopi dan melayani pelanggan. Kualifikasi: menguasai pelayanan, kebersihan; mampu bekerja dalam tim; teliti dan bertanggung jawab. Kirim CV ke rekrutmen30@example.com",43,15,Manager
S00039,,Frontend Developer,Bengkel Contoh Motor,Jakarta Selatan,Rp481rb/hari,,,,D3,12 bulan,Full Time,"Bengkel Contoh Motor membuka lowongan Frontend Developer. Tanggung jawab: mengembangkan antarmuka web yang responsif. Kualifikasi: menguasai JavaScript, React, CSS; mampu bekerja dalam tim; teliti dan bertanggung jawab. Hubungi Ibu Contoh via WA 0812-0000-2454",34,38,
S00040,,Staff Accounting,Kedai Kopi Contoh,Kota Medan,Negotiable,,,,Minimal SMA/SMK/Sederajat,Tanpa pengalaman,Kontrak,"Kedai Kopi Contoh membuka lowongan Staff Accounting. Tanggung jawab: mencatat jurnal dan menyusun laporan keuangan bulanan. Kualifikasi: menguasai Accurate, Excel, perpajakan; mampu bekerja dalam tim; teliti dan bertanggung jawab. Lamar langsung melalui tombol apply.",51,45,Staff / Officer
S00041,,HR Generalist,Klinik Contoh Sehat,Bekasi,Rp 4-5 jt,,,,SMA/SMK,Tanpa pengalaman,Magang,"Klinik Contoh Sehat membuka lowongan HR Generalist. Tanggung jawab: mengelola rekrutmen dan administrasi karyawan. Kualifikasi: menguasai rekrutmen, BPJS, payroll; mampu bekerja dalam tim; teliti dan bertanggung jawab. Lamar melalui https://wa.me/6281200086743",19,23,Staff / Officer
S00042,,Cleaning Service,PT Demo Konstruksi Utama,Makassar,,,,,SMP,min. 2 tahun,Part Time,"PT Demo Konstruksi Utama membuka lowongan Cleaning Service. Tanggung jawab: menjaga kebersihan area kerja. Kualifikasi: menguasai kebersihan, kerja tim; mampu bekerja dalam tim; teliti dan bertanggung jawab. Lamar langsung melalui tombol apply.",5,28,Manager
S00043,,Pramuniaga,CV Maju Bersama Contoh,Balikpapan,Dirahasiakan,,,,Sarjana / S1,12 bulan,Full Time,"CV Maju Bersama Contoh membuka lowongan Pramuniaga. Tanggung jawab: melayani pembeli dan merapikan barang. Kualifikasi: menguasai pelayanan, komunikasi; mampu bekerja dalam tim; teliti dan bertanggung jawab. Hubungi Ibu Contoh via WA 0812-0000-6632",29,30,
S00044,,Apoteker,PT Fiktif Manufaktur Jaya,Depok,,,,,bachelor degree,Fresh graduate,Kontrak,"PT Fiktif Manufaktur Jaya membuka lowongan Apoteker. Tanggung jawab: mengelola obat dan memberi informasi obat. Kualifikasi: menguasai STRA, farmasi klinis; mampu bekerja dalam tim; teliti dan bertanggung jawab. Lamar melalui https://wa.me/6281200010857",55,45,
S00045,,Staff Accounting,PT Contoh Ritel Indonesia,Jaksel,Rp213rb/hari,,,,S1 semua jurusan,Fresh graduate,Freelance,"PT Contoh Ritel Indonesia membuka lowongan Staff Accounting. Tanggung jawab: mencatat jurnal dan menyusun laporan keuangan bulanan. Kualifikasi: menguasai Accurate, Excel, perpajakan; mampu bekerja dalam tim; teliti dan bertanggung jawab. Hubungi Ibu Contoh via WA 0812-0000-1730",30,29,Supervisor / Koordinator
S00046,,Barista,PT Fiktif Manufaktur Jaya,Malang,Rp2.800.000 - Rp4.100.000,,,,S1,Tanpa pengalaman,Full Time,"PT Fiktif Manufaktur Jaya membuka lowongan Barista. Tanggung jawab: menyiapkan minuman kopi dan melayani pelanggan. Kualifikasi: menguasai pelayanan, kebersihan; mampu bekerja dalam tim; teliti dan bertanggung jawab. Lamar langsung melalui tombol apply.",55,42,
S00047,,Customer Service,PT Ilustrasi Pangan Sejahtera,Kota Tangerang Selatan,Rp4.000.000 - Rp4.900.000,,,,Minimal SMA/SMK/Sederajat,Fresh graduate,Magang,"PT Ilustrasi Pangan Sejahtera membuka lowongan Customer Service. Tanggung jawab: melayani pertanyaan dan keluhan pelanggan. Kualifikasi: menguasai komunikasi, CRM; mampu bekerja dalam tim; teliti dan bertanggung jawab. Hubungi Ibu Contoh via WA 0812-0000-1699",49,22,Manager
S00048,,Customer Service,PT Contoh Farma,Balikpapan,"3,6 juta",,,,D3,min. 2 tahun,Kontrak,"PT Contoh Farma membuka lowongan Customer Service. Tanggung jawab: melayani pertanyaan dan keluhan pelanggan. Kualifikasi: menguasai komunikasi, CRM; mampu bekerja dalam tim; teliti dan bertanggung jawab. Hubungi Ibu Contoh via WA 0812-0000-5560",26,9,Manager
S00049,,HR Generalist,PT Ilustrasi Pangan Sejahtera,Bogor,Rp 4-5 jt,,,,SMA/SMK,Fresh graduate,Freelance,"PT Ilustrasi Pangan Sejahtera membuka lowongan HR Generalist. Tanggung jawab: mengelola rekrutmen dan administrasi karyawan. Kualifikasi: menguasai rekrutmen, BPJS, payroll; mampu bekerja dalam tim; teliti dan bertanggung jawab. Lamar langsung melalui tombol apply.",4,13,Entry level
S00050,,HR Generalist,PT Ilustrasi Pangan Sejahtera,Bogor,Rp 4-5 jt,,,,SMA/SMK,Fresh graduate,Freelance,"PT Ilustrasi Pangan Sejahtera kembali membuka lowongan HR Generalist. Tanggung jawab: mengelola rekrutmen dan administrasi karyawan. Kualifikasi: menguasai rekrutmen, BPJS, payroll; mampu bekerja dalam tim; teliti dan bertanggung jawab. Lamar langsung melalui tombol apply.",0,13,Entry level
S00051,,Staff Accounting,Hotel Contoh Nusantara,Malang,Rp3.900.000 - Rp5.300.000,,,,Diploma/D1/D2/D3,3-5 tahun,FULL_TIME,"Hotel Contoh Nusantara membuka lowongan Staff Accounting. Tanggung jawab: mencatat jurnal dan menyusun laporan keuangan bulanan. Kualifikasi: menguasai Accurate, Excel, perpajakan; mampu bekerja dalam tim; teliti dan bertanggung jawab. Kirim CV ke rekrutmen63@example.com",11,41,Entry level
S00052,,Barista,PT Fiktif Manufaktur Jaya,Malang,"3,3 juta",,,,S1 semua jurusan,,Kontrak,"PT Fiktif Manufaktur Jaya membuka lowongan Barista. Tanggung jawab: menyiapkan minuman kopi dan melayani pelanggan. Kualifikasi: menguasai pelayanan, kebersihan; mampu bekerja dalam tim; teliti dan bertanggung jawab. Hubungi Ibu Contoh via WA 0812-0000-7738",28,15,Staff / Officer
S00053,,Perawat,Sekolah Contoh Cendekia,Jakarta Selatan,,,,,Minimal SMA/SMK/Sederajat,3-5 tahun,Part Time,"Sekolah Contoh Cendekia membuka lowongan Perawat. Tanggung jawab: memberikan asuhan keperawatan kepada pasien. Kualifikasi: menguasai STR aktif, BTCLS; mampu bekerja dalam tim; teliti dan bertanggung jawab. Lamar melalui https://wa.me/6281200093699",40,45,Staff / Officer
S00054,,Mekanik Motor,PT Contoh Ritel Indonesia,Solo,,,,,bachelor degree,min. 2 tahun,Magang,"PT Contoh Ritel Indonesia membuka lowongan Mekanik Motor. Tanggung jawab: memperbaiki dan merawat sepeda motor. Kualifikasi: menguasai mesin motor, diagnosa; mampu bekerja dalam tim; teliti dan bertanggung jawab. Hubungi Ibu Contoh via WA 0812-0000-6913",34,41,Entry level
S00055,,Quality Control,PT Contoh Sinar Abadi,Surabaya,Rp181rb/hari,,,,D3,min. 2 tahun,FULL_TIME,"PT Contoh Sinar Abadi membuka lowongan Quality Control. Tanggung jawab: memeriksa mutu produk sebelum dikirim. Kualifikasi: menguasai ISO 9001, ketelitian; mampu bekerja dalam tim; teliti dan bertanggung jawab. Lamar langsung melalui tombol apply.",10,41,Staff / Officer
S00056,,Guru Matematika SMP,Kedai Kopi Contoh,Kota Tangerang Selatan,,,,,bachelor degree,3-5 tahun,Full Time,"Kedai Kopi Contoh membuka lowongan Guru Matematika SMP. Tanggung jawab: mengajar matematika dan menyusun rencana pembelajaran. Kualifikasi: menguasai pedagogi, matematika; mampu bekerja dalam tim; teliti dan bertanggung jawab. Lamar melalui https://wa.me/6281200072489",24,13,Staff / Officer
S00057,,Guru Matematika SMP,Kedai Kopi Contoh,Kota Tangerang Selatan,,,,,bachelor degree,3-5 tahun,Full Time,"Kedai Kopi Contoh kembali membuka lowongan Guru Matematika SMP. Tanggung jawab: mengajar matematika dan menyusun rencana pembelajaran. Kualifikasi: menguasai pedagogi, matematika; mampu bekerja dalam tim; teliti dan bertanggung jawab. Lamar melalui https://wa.me/6281200072489",21,13,Staff / Officer
S00058,,Teknisi Listrik,PT Sampel Logistik Cepat,Depok,Rp186rb/hari,,,,SMP,Tanpa pengalaman,Full Time,"PT Sampel Logistik Cepat membuka lowongan Teknisi Listrik. Tanggung jawab: memasang dan merawat instalasi listrik gedung. Kualifikasi: menguasai instalasi listrik, K3; mampu bekerja dalam tim; teliti dan bertanggung jawab. Lamar langsung melalui tombol apply.",26,20,Entry level
S00059,,Digital Marketing Specialist,PT Contoh Ritel Indonesia,Surabaya,Rp4.500.000 - Rp6.000.000,,,,,,FULL_TIME,"PT Contoh Ritel Indonesia membuka lowongan Digital Marketing Specialist. Tanggung jawab: mengelola iklan digital dan media sosial. Kualifikasi: menguasai Meta Ads, Google Ads; mampu bekerja dalam tim; teliti dan bertanggung jawab. Hubungi Ibu Contoh via WA 0812-0000-7718",17,37,Manager
S00060,,Staff Accounting,PT Demo Teknologi Nusantara,Malang,Rp 3-5 jt,,,,Minimal SMA/SMK/Sederajat,3-5 tahun,Full Time,"PT Demo Teknologi Nusantara membuka lowongan Staff Accounting. Tanggung jawab: mencatat jurnal dan menyusun laporan keuangan bulanan. Kualifikasi: menguasai Accurate, Excel, perpajakan; mampu bekerja dalam tim; teliti dan bertanggung jawab. Lamar langsung melalui tombol apply.",38,25,Supervisor / Koordinator
S00061,,Staf Administrasi,PT Contoh Sinar Abadi,"Denpasar, Bali",Dirahasiakan,,,,Diploma/D1/D2/D3,min. 2 tahun,FULL_TIME,"PT Contoh Sinar Abadi membuka lowongan Staf Administrasi. Tanggung jawab: mengelola surat dan dokumen kantor. Kualifikasi: menguasai Microsoft Office, arsip; mampu bekerja dalam tim; teliti dan bertanggung jawab. Lamar langsung melalui tombol apply.",26,30,Supervisor / Koordinator
S00062,,Perawat,Klinik Contoh Sehat,Kota Bandung,,,,,S1 semua jurusan,min. 2 tahun,Kontrak,"Klinik Contoh Sehat membuka lowongan Perawat. Tanggung jawab: memberikan asuhan keperawatan kepada pasien. Kualifikasi: menguasai STR aktif, BTCLS; mampu bekerja dalam tim; teliti dan bertanggung jawab. Kirim CV ke rekrutmen54@example.com",24,31,Entry level
S00063,,Perawat,PT Contoh Ritel Indonesia,Kab. Bandung,"3,5 juta",,,,Diploma/D1/D2/D3,3-5 tahun,FULL_TIME,"PT Contoh Ritel Indonesia membuka lowongan Perawat. Tanggung jawab: memberikan asuhan keperawatan kepada pasien. Kualifikasi: menguasai STR aktif, BTCLS; mampu bekerja dalam tim; teliti dan bertanggung jawab. Hubungi Ibu Contoh via WA 0812-0000-6592",48,37,Manager
S00064,,Kasir,PT Ilustrasi Pangan Sejahtera,Kota Tangerang Selatan,Dirahasiakan,,,,Diploma/D1/D2/D3,min. 2 tahun,Part Time,"PT Ilustrasi Pangan Sejahtera membuka lowongan Kasir. Tanggung jawab: melayani transaksi pembayaran di toko. Kualifikasi: menguasai ketelitian, pelayanan; mampu bekerja dalam tim; teliti dan bertanggung jawab. Lamar langsung melalui tombol apply.",58,25,
S00065,,Sales Executive,Sekolah Contoh Cendekia,Semarang,Rp186rb/hari,,,,S1 semua jurusan,,Kontrak,"Sekolah Contoh Cendekia membuka lowongan Sales Executive. Tanggung jawab: mencari pelanggan baru dan mencapai target penjualan. Kualifikasi: menguasai negosiasi, komunikasi; mampu bekerja dalam tim; teliti dan bertanggung jawab. Lamar langsung melalui tombol apply.",20,30,Entry level
S00066,,Sales Executive,Sekolah Contoh Cendekia,Semarang,Rp186rb/hari,,,,S1 semua jurusan,,Kontrak,"Sekolah Contoh Cendekia kembali membuka lowongan Sales Executive. Tanggung jawab: mencari pelanggan baru dan mencapai target penjualan. Kualifikasi: menguasai negosiasi, komunikasi; mampu bekerja dalam tim; teliti dan bertanggung jawab. Lamar langsung melalui tombol apply.",19,30,Entry level
S00067,,Customer Service,Bengkel Contoh Motor,Malang,Negotiable,,,,S1 semua jurusan,Tanpa pengalaman,Freelance,"Bengkel Contoh Motor membuka lowongan Customer Service. Tanggung jawab: melayani pertanyaan dan keluhan pelanggan. Kualifikasi: menguasai komunikasi, CRM; mampu bekerja dalam tim; teliti dan bertanggung jawab. Kirim CV ke rekrutmen70@example.com",3,42,Manager
S00068,,Mekanik Motor,PT Demo Konstruksi Utama,Kab. Bandung,Rp 3-5 jt,,,,Diploma/D1/D2/D3,Fresh graduate,Magang,"PT Demo Konstruksi Utama membuka lowongan Mekanik Motor. Tanggung jawab: memperbaiki dan merawat sepeda motor. Kualifikasi: menguasai mesin motor, diagnosa; mampu bekerja dalam tim; teliti dan bertanggung jawab. Lamar langsung melalui tombol apply.",35,18,Entry level
S00069,,Barista,PT Fiktif Manufaktur Jaya,Kota Yogyakarta,Rp 3-4 jt,,,,Diploma/D1/D2/D3,3-5 tahun,Freelance,"PT Fiktif Manufaktur Jaya membuka lowongan Barista. Tanggung jawab: menyiapkan minuman kopi dan melayani pelanggan. Kualifikasi: menguasai pelayanan, kebersihan; mampu bekerja dalam tim; teliti dan bertanggung jawab. Kirim CV ke rekrutmen66@example.com",27,30,Staff / Officer
S00070,,HR Generalist,Bengkel Contoh Motor,Kota Bandung,,,,,SMP,,FULL_TIME,"Bengkel Contoh Motor membuka lowongan HR Generalist. Tanggung jawab: mengelola rekrutmen dan administrasi karyawan. Kualifikasi: menguasai rekrutmen, BPJS, payroll; mampu bekerja dalam tim; teliti dan bertanggung jawab. Hubungi Ibu Contoh via WA 0812-0000-3611",58,30,Staff / Officer
S00071,,HR Generalist,Bengkel Contoh Motor,Kota Bandung,,,,,SMP,,FULL_TIME,"Bengkel Contoh Motor kembali membuka lowongan HR Generalist. Tanggung jawab: mengelola rekrutmen dan administrasi karyawan. Kualifikasi: menguasai rekrutmen, BPJS, payroll; mampu bekerja dalam tim; teliti dan bertanggung jawab. Hubungi Ibu Contoh via WA 0812-0000-3611",51,30,Staff / Officer
S00072,,Staff Accounting,PT Sampel Logistik Cepat,Malang,"3,7 juta",,,,S1 semua jurusan,Minimal 1 tahun,Part Time,"PT Sampel Logistik Cepat membuka lowongan Staff Accounting. Tanggung jawab: mencatat jurnal dan menyusun laporan keuangan bulanan. Kualifikasi: menguasai Accurate, Excel, perpajakan; mampu bekerja dalam tim; teliti dan bertanggung jawab. Kirim CV ke rekrutmen6@example.com",12,17,Entry level
S00073,,Software Engineer Backend,PT Contoh Sinar Abadi,Bekasi,,,,,SMP,min. 2 tahun,FULL_TIME,"PT Contoh Sinar Abadi membuka lowongan Software Engineer Backend. Tanggung jawab: membangun dan memelihara layanan API. Kualifikasi: menguasai Python, SQL, Docker; mampu bekerja dalam tim; teliti dan bertanggung jawab. Lamar langsung melalui tombol apply.",12,8,Supervisor / Koordinator
S00074,,Digital Marketing Specialist,Hotel Contoh Nusantara,Remote,Negotiable,,,,D3,Tanpa pengalaman,Freelance,"Hotel Contoh Nusantara membuka lowongan Digital Marketing Specialist. Tanggung jawab: mengelola iklan digital dan media sosial. Kualifikasi: menguasai Meta Ads, Google Ads; mampu bekerja dalam tim; teliti dan bertanggung jawab. Lamar langsung melalui tombol apply.",6,31,Supervisor / Koordinator
S00075,,Driver Pengiriman,PT Demo Konstruksi Utama,Kab. Bandung,Rp3.900.000 - Rp4.400.000,,,,Diploma/D1/D2/D3,min. 2 tahun,Full Time,"PT Demo Konstruksi Utama membuka lowongan Driver Pengiriman. Tanggung jawab: mengantar barang ke pelanggan tepat waktu. Kualifikasi: menguasai SIM B1, mengenal rute; mampu bekerja dalam tim; teliti dan bertanggung jawab. Lamar langsung melalui tombol apply.",3,32,Supervisor / Koordinator
S00076,,Driver Pengiriman,PT Demo Konstruksi Utama,Kab. Bandung,Rp3.900.000 - Rp4.400.000,,,,Diploma/D1/D2/D3,min. 2 tahun,Full Time,"PT Demo Konstruksi Utama kembali membuka lowongan Driver Pengiriman. Tanggung jawab: mengantar barang ke pelanggan tepat waktu. Kualifikasi: menguasai SIM B1, mengenal rute; mampu bekerja dalam tim; teliti dan bertanggung jawab. Lamar langsung melalui tombol apply.",0,32,Supervisor / Koordinator
S00077,,Content Writer,Kedai Kopi Contoh,"Denpasar, Bali",Rp4.600.000 - Rp6.600.000,,,,D3,Fresh graduate,Part Time,"Kedai Kopi Contoh membuka lowongan Content Writer. Tanggung jawab: menulis artikel dan naskah konten. Kualifikasi: menguasai copywriting, SEO; mampu bekerja dalam tim; teliti dan bertanggung jawab. Lamar langsung melalui tombol apply.",51,40,
S00078,,Content Writer,Kedai Kopi Contoh,"Denpasar, Bali",Rp4.600.000 - Rp6.600.000,,,,D3,Fresh graduate,Part Time,"Kedai Kopi Contoh kembali membuka lowongan Content Writer. Tanggung jawab: menulis artikel dan naskah konten. Kualifikasi: menguasai copywriting, SEO; mampu bekerja dalam tim; teliti dan bertanggung jawab. Lamar langsung melalui tombol apply.",44,40,
S00079,,Frontend Developer,PT Demo Konstruksi Utama,Sleman,,,,,bachelor degree,min. 2 tahun,Kontrak,"PT Demo Konstruksi Utama membuka lowongan Frontend Developer. Tanggung jawab: mengembangkan antarmuka web yang responsif. Kualifikasi: menguasai JavaScript, React, CSS; mampu bekerja dalam tim; teliti dan bertanggung jawab. Lamar melalui https://wa.me/6281200058443",39,9,Staff / Officer
S00080,,Customer Service,PT Ilustrasi Pangan Sejahtera,Kota Bandung,Rp 3-4 jt,,,,,12 bulan,Kontrak,"PT Ilustrasi Pangan Sejahtera membuka lowongan Customer Service. Tanggung jawab: melayani pertanyaan dan keluhan pelanggan. Kualifikasi: menguasai komunikasi, CRM; mampu bekerja dalam tim; teliti dan bertanggung jawab. Kirim CV ke rekrutmen23@example.com",35,30,
S00081,,Customer Service,Hotel Contoh Nusantara,Jakarta Selatan,,,,,S1 semua jurusan,,Magang,"Hotel Contoh Nusantara membuka lowongan Customer Service. Tanggung jawab: melayani pertanyaan dan keluhan pelanggan. Kualifikasi: menguasai komunikasi, CRM; mampu bekerja dalam tim; teliti dan bertanggung jawab. Lamar melalui https://wa.me/6281200045873",21,26,Entry level
S00082,,Project Manager,Sekolah Contoh Cendekia,Solo,,,,,SMP,Tanpa pengalaman,FULL_TIME,"Sekolah Contoh Cendekia membuka lowongan Project Manager. Tanggung jawab: merencanakan dan mengawasi jalannya proyek. Kualifikasi: menguasai manajemen proyek, komunikasi; mampu bekerja dalam tim; teliti dan bertanggung jawab. Lamar langsung melalui tombol apply.",35,26,Staff / Officer
S00083,,Cook,PT Contoh Farma,Bogor,"4,5 juta",,,,SMA/SMK,Minimal 1 tahun,Full Time,"PT Contoh Farma membuka lowongan Cook. Tanggung jawab: memasak menu restoran sesuai standar. Kualifikasi: menguasai food safety, kerja cepat; mampu bekerja dalam tim; teliti dan bertanggung jawab. Hubungi Ibu Contoh via WA 0812-0000-9573",45,39,Staff / Officer
S00084,,Tukang Las,PT Ilustrasi Pangan Sejahtera,Palembang,Rp159rb/hari,,,,SMA/SMK,min. 2 tahun,Full Time,"PT Ilustrasi Pangan Sejahtera membuka lowongan Tukang Las. Tanggung jawab: mengelas konstruksi besi. Kualifikasi: menguasai las listrik, membaca gambar teknik; mampu bekerja dalam tim; teliti dan bertanggung jawab. Kirim CV ke rekrutmen71@example.com",13,35,
S00085,,Desainer Grafis,PT Sampel Logistik Cepat,Kota Yogyakarta,Negotiable,,,,Sarjana / S1,Fresh graduate,Part Time,"PT Sampel Logistik Cepat membuka lowongan Desainer Grafis. Tanggung jawab: membuat materi visual untuk media sosial. Kualifikasi: menguasai Figma, Adobe Illustrator; mampu bekerja dalam tim; teliti dan bertanggung jawab. Kirim CV ke rekrutmen8@example.com",50,21,Staff / Officer
S00086,,Desainer Grafis,Hotel Contoh Nusantara,Kab. Bandung,Rp4.200.000 - Rp5.300.000,,,,bachelor degree,3-5 tahun,FULL_TIME,"Hotel Contoh Nusantara membuka lowongan Desainer Grafis. Tanggung jawab: membuat materi visual untuk media sosial. Kualifikasi: menguasai Figma, Adobe Illustrator; mampu bekerja dalam tim; teliti dan bertanggung jawab. Hubungi Ibu Contoh via WA 0812-0000-6460",48,25,
S00087,,Staf Administrasi,Klinik Contoh Sehat,Tangerang,"4,1 juta",,,,bachelor degree,Minimal 1 tahun,Freelance,"Klinik Contoh Sehat membuka lowongan Staf Administrasi. Tanggung jawab: mengelola surat dan dokumen kantor. Kualifikasi: menguasai Microsoft Office, arsip; mampu bekerja dalam tim; teliti dan bertanggung jawab. Kirim CV ke rekrutmen84@example.com",23,40,Supervisor / Koordinator
S00088,,Staf Administrasi,Klinik Contoh Sehat,Tangerang,"4,1 juta",,,,bachelor degree,Minimal 1 tahun,Freelance,"Klinik Contoh Sehat kembali membuka lowongan Staf Administrasi. Tanggung jawab: mengelola surat dan dokumen kantor. Kualifikasi: menguasai Microsoft Office, arsip; mampu bekerja dalam tim; teliti dan bertanggung jawab. Kirim CV ke rekrutmen84@example.com",18,40,Supervisor / Koordinator
S00089,,Pramuniaga,Sekolah Contoh Cendekia,Remote,Rp 3-4 jt,,,,SMP,,Full Time,"Sekolah Contoh Cendekia membuka lowongan Pramuniaga. Tanggung jawab: melayani pembeli dan merapikan barang. Kualifikasi: menguasai pelayanan, komunikasi; mampu bekerja dalam tim; teliti dan bertanggung jawab. Lamar melalui https://wa.me/6281200012074",55,12,Entry level
S00090,,Cleaning Service,PT Contoh Farma,Tangerang,Dirahasiakan,,,,,Minimal 1 tahun,Kontrak,"PT Contoh Farma membuka lowongan Cleaning Service. Tanggung jawab: menjaga kebersihan area kerja. Kualifikasi: menguasai kebersihan, kerja tim; mampu bekerja dalam tim; teliti dan bertanggung jawab. Hubungi Ibu Contoh via WA 0812-0000-1466",41,26,
S00091,,Cleaning Service,PT Contoh Farma,Tangerang,Dirahasiakan,,,,,Minimal 1 tahun,Kontrak,"PT Contoh Farma kembali membuka lowongan Cleaning Service. Tanggung jawab: menjaga kebersihan area kerja. Kualifikasi: menguasai kebersihan, kerja tim; mampu bekerja dalam tim; teliti dan bertanggung jawab. Hubungi Ibu Contoh via WA 0812-0000-1466",35,26,
S00092,,HR Generalist,PT Demo Teknologi Nusantara,Remote,Rp 4-6 jt,,,,Sarjana / S1,,Freelance,"PT Demo Teknologi Nusantara membuka lowongan HR Generalist. Tanggung jawab: mengelola rekrutmen dan administrasi karyawan. Kualifikasi: menguasai rekrutmen, BPJS, payroll; mampu bekerja dalam tim; teliti dan bertanggung jawab. Hubungi Ibu Contoh via WA 0812-0000-2476",29,20,Supervisor / Koordinator
S00093,,Kasir,PT Contoh Ritel Indonesia,Remote,Rp159rb/hari,,,,Sarjana / S1,Fresh graduate,Part Time,"PT Contoh Ritel Indonesia membuka lowongan Kasir. Tanggung jawab: melayani transaksi pembayaran di toko. Kualifikasi: menguasai ketelitian, pelayanan; mampu bekerja dalam tim; teliti dan bertanggung jawab. Lamar melalui https://wa.me/6281200098995",34,19,Staff / Officer
S00094,,Cook,Kedai Kopi Contoh,Kota Medan,Rp186rb/hari,,,,Minimal SMA/SMK/Sederajat,Tanpa pengalaman,Full Time,"Kedai Kopi Contoh membuka lowongan Cook. Tanggung jawab: memasak menu restoran sesuai standar. Kualifikasi: menguasai food safety, kerja cepat; mampu bekerja dalam tim; teliti dan bertanggung jawab. Hubungi Ibu Contoh via WA 0812-0000-7005",50,32,Manager
S00095,,Guru Matematika SMP,PT Sampel Logistik Cepat,Jakarta Selatan,"3,4 juta",,,,D3,Fresh graduate,Magang,"PT Sampel Logistik Cepat membuka lowongan Guru Matematika SMP. Tanggung jawab: mengajar matematika dan menyusun rencana pembelajaran. Kualifikasi: menguasai pedagogi, matematika; mampu bekerja dalam tim; teliti dan bertanggung jawab. Kirim CV ke rekrutmen38@example.com",20,45,Manager
S00096,,Guru Matematika SMP,PT Demo Konstruksi Utama,Palembang,Rp177rb/hari,,,,S1,,Part Time,"PT Demo Konstruksi Utama membuka lowongan Guru Matematika SMP. Tanggung jawab: mengajar matematika dan menyusun rencana pembelajaran. Kualifikasi: menguasai pedagogi, matematika; mampu bekerja dalam tim; teliti dan bertanggung jawab. Kirim CV ke rekrutmen39@example.com",27,9,Staff / Officer
S00097,,Apoteker,Sekolah Contoh Cendekia,Kota Batam,"10,5 juta",,,,S1,,Freelance,"Sekolah Contoh Cendekia membuka lowongan Apoteker. Tanggung jawab: mengelola obat dan memberi informasi obat. Kualifikasi: menguasai STRA, farmasi klinis; mampu bekerja dalam tim; teliti dan bertanggung jawab. Hubungi Ibu Contoh via WA 0812-0000-3905",11,10,Entry level
S00098,,Apoteker,Sekolah Contoh Cendekia,Kota Batam,"10,5 juta",,,,S1,,Freelance,"Sekolah Contoh Cendekia kembali membuka lowongan Apoteker. Tanggung jawab: mengelola obat dan memberi informasi obat. Kualifikasi: menguasai STRA, farmasi klinis; mampu bekerja dalam tim; teliti dan bertanggung jawab. Hubungi Ibu Contoh via WA 0812-0000-3905",9,10,Entry level
S00099,,Cook,Kedai Kopi Contoh,Jaksel,Rp200rb/hari,,,,bachelor degree,Minimal 1 tahun,Kontrak,"Kedai Kopi Contoh membuka lowongan Cook. Tanggung jawab: memasak menu restoran sesuai standar. Kualifikasi: menguasai food safety, kerja cepat; mampu bekerja dalam tim; teliti dan bertanggung jawab. Kirim CV ke rekrutmen84@example.com",18,20,Manager
S00100,,Cleaning Service,Bengkel Contoh Motor,Jakarta Selatan,Dirahasiakan,,,,SMA/SMK,Minimal 1 tahun,Magang,"Bengkel Contoh Motor membuka lowongan Cleaning Service. Tanggung jawab: menjaga kebersihan area kerja. Kualifikasi: menguasai kebersihan, kerja tim; mampu bekerja dalam tim; teliti dan bertanggung jawab. Hubungi Ibu Contoh via WA 0812-0000-8737",0,25,Staff / Officer
S00101,,Driver Pengiriman,PT Ilustrasi Pangan Sejahtera,Kota Medan,,,,,S1 semua jurusan,Tanpa pengalaman,Freelance,"PT Ilustrasi Pangan Sejahtera membuka lowongan Driver Pengiriman. Tanggung jawab: mengantar barang ke pelanggan tepat waktu. Kualifikasi: menguasai SIM B1, mengenal rute; mampu bekerja dalam tim; teliti dan bertanggung jawab. Lamar melalui https://wa.me/6281200043361",9,24,Supervisor / Koordinator
S00102,,Quality Control,Bengkel Contoh Motor,Surabaya,Negotiable,,,,Minimal SMA/SMK/Sederajat,,Freelance,"Bengkel Contoh Motor membuka lowongan Quality Control. Tanggung jawab: memeriksa mutu produk sebelum dikirim. Kualifikasi: menguasai ISO 9001, ketelitian; mampu bekerja dalam tim; teliti dan bertanggung jawab. Lamar melalui https://wa.me/6281200019790",53,10,
S00103,,Staff Accounting,Hotel Contoh Nusantara,Depok,"3,9 juta",,,,bachelor degree,3-5 tahun,FULL_TIME,"Hotel Contoh Nusantara membuka lowongan Staff Accounting. Tanggung jawab: mencatat jurnal dan menyusun laporan keuangan bulanan. Kualifikasi: menguasai Accurate, Excel, perpajakan; mampu bekerja dalam tim; teliti dan bertanggung jawab. Lamar melalui https://wa.me/6281200033213",34,29,
S00104,,Marketing Manager,PT Ilustrasi Pangan Sejahtera,Tangerang,Negotiable,,,,,Tanpa pengalaman,Full Time,"PT Ilustrasi Pangan Sejahtera membuka lowongan Marketing Manager. Tanggung jawab: menyusun strategi pemasaran dan memimpin tim. Kualifikasi: menguasai strategi pemasaran, kepemimpinan; mampu bekerja dalam tim; teliti dan bertanggung jawab. Kirim CV ke rekrutmen21@example.com",15,29,Supervisor / Koordinator
S00105,,Customer Service,PT Contoh Sinar Abadi,Kab. Bandung,Dirahasiakan,,,,SMA/SMK,3-5 tahun,Freelance,"PT Contoh Sinar Abadi membuka lowongan Customer Service. Tanggung jawab: melayani pertanyaan dan keluhan pelanggan. Kualifikasi: menguasai komunikasi, CRM; mampu bekerja dalam tim; teliti dan bertanggung jawab. Lamar langsung melalui tombol apply.",2,44,Staff / Officer
S00106,,Desainer Grafis,Bengkel Contoh Motor,Tangerang,Rp4.600.000 - Rp5.400.000,,,,,Tanpa pengalaman,FULL_TIME,"Bengkel Contoh Motor membuka lowongan Desainer Grafis. Tanggung jawab: membuat materi visual untuk media sosial. Kualifikasi: menguasai Figma, Adobe Illustrator; mampu bekerja dalam tim; teliti dan bertanggung jawab. Lamar langsung melalui tombol apply.",58,38,Manager
S00107,,Security,PT Sampel Media Kreatif,Kota Bandung,"2,8 juta",,,,bachelor degree,min. 2 tahun,Full Time,"PT Sampel Media Kreatif membuka lowongan Security. Tanggung jawab: menjaga keamanan area kantor. Kualifikasi: menguasai Gada Pratama, disiplin; mampu bekerja dalam tim; teliti dan bertanggung jawab. Lamar melalui https://wa.me/6281200027487",14,35,Manager
S00108,,Security,PT Sampel Media Kreatif,Kota Bandung,"2,8 juta",,,,bachelor degree,min. 2 tahun,Full Time,"PT Sampel Media Kreatif kembali membuka lowongan Security. Tanggung jawab: menjaga keamanan area kantor. Kualifikasi: menguasai Gada Pratama, disiplin; mampu bekerja dalam tim; teliti dan bertanggung jawab. Lamar melalui https://wa.me/6281200027487",6,35,Manager
S00109,,Kurir Motor,Bengkel Contoh Motor,Remote,"3,5 juta",,,,bachelor degree,Minimal 1 tahun,Full Time,"Bengkel Contoh Motor membuka lowongan Kurir Motor. Tanggung jawab: mengantar paket di area kota. Kualifikasi: menguasai SIM C, motor pribadi; mampu bekerja dalam tim; teliti dan bertanggung jawab. Kirim CV ke rekrutmen80@example.com",38,37,Supervisor / Koordinator
S00110,,Kurir Motor,Bengkel Contoh Motor,Remote,"3,5 juta",,,,bachelor degree,Minimal 1 tahun,Full Time,"Bengkel Contoh Motor kembali membuka lowongan Kurir Motor. Tanggung jawab: mengantar paket di area kota. Kualifikasi: menguasai SIM C, motor pribadi; mampu bekerja dalam tim; teliti dan bertanggung jawab. Kirim CV ke rekrutmen80@example.com",36,37,Supervisor / Koordinator
S00111,,Staf Administrasi,PT Contoh Sinar Abadi,Bogor,Rp3.600.000 - Rp5.000.000,,,,Sarjana / S1,Minimal 1 tahun,Full Time,"PT Contoh Sinar Abadi membuka lowongan Staf Administrasi. Tanggung jawab: mengelola surat dan dokumen kantor. Kualifikasi: menguasai Microsoft Office, arsip; mampu bekerja dalam tim; teliti dan bertanggung jawab. Lamar langsung melalui tombol apply.",16,42,Manager
S00112,,Mekanik Motor,PT Fiktif Manufaktur Jaya,Remote,Negotiable,,,,Diploma/D1/D2/D3,min. 2 tahun,Kontrak,"PT Fiktif Manufaktur Jaya membuka lowongan Mekanik Motor. Tanggung jawab: memperbaiki dan merawat sepeda motor. Kualifikasi: menguasai mesin motor, diagnosa; mampu bekerja dalam tim; teliti dan bertanggung jawab. Lamar langsung melalui tombol apply.",46,12,Staff / Officer
S00113,,Quality Control,Sekolah Contoh Cendekia,Malang,Negotiable,,,,Diploma/D1/D2/D3,Tanpa pengalaman,Freelance,"Sekolah Contoh Cendekia membuka lowongan Quality Control. Tanggung jawab: memeriksa mutu produk sebelum dikirim. Kualifikasi: menguasai ISO 9001, ketelitian; mampu bekerja dalam tim; teliti dan bertanggung jawab. Lamar melalui https://wa.me/6281200014313",21,32,Supervisor / Koordinator
S00114,,Frontend Developer,PT Ilustrasi Pangan Sejahtera,Makassar,Negotiable,,,,S1,,Full Time,"PT Ilustrasi Pangan Sejahtera membuka lowongan Frontend Developer. Tanggung jawab: mengembangkan antarmuka web yang responsif. Kualifikasi: menguasai JavaScript, React, CSS; mampu bekerja dalam tim; teliti dan bertanggung jawab. Kirim CV ke rekrutmen30@example.com",29,33,
S00115,,Pramuniaga,PT Fiktif Manufaktur Jaya,"Denpasar, Bali",Rp159rb/hari,,,,S1,min. 2 tahun,Full Time,"PT Fiktif Manufaktur Jaya membuka lowongan Pramuniaga. Tanggung jawab: melayani pembeli dan merapikan barang. Kualifikasi: menguasai pelayanan, komunikasi; mampu bekerja dalam tim; teliti dan bertanggung jawab. Hubungi Ibu Contoh via WA 0812-0000-6418",45,20,Manager
S00116,,Digital Marketing Specialist,PT Contoh Farma,Bekasi,Negotiable,,,,Diploma/D1/D2/D3,3-5 tahun,Magang,"PT Contoh Farma membuka lowongan Digital Marketing Specialist. Tanggung jawab: mengelola iklan digital dan media sosial. Kualifikasi: menguasai Meta Ads, Google Ads; mampu bekerja dalam tim; teliti dan bertanggung jawab. Hubungi Ibu Contoh via WA 0812-0000-3483",9,42,Staff / Officer
S00117,,Project Manager,Sekolah Contoh Cendekia,Kab. Bandung,Rp 9-14 jt,,,,Sarjana / S1,min. 2 tahun,Part Time,"Sekolah Contoh Cendekia membuka lowongan Project Manager. Tanggung jawab: merencanakan dan mengawasi jalannya proyek. Kualifikasi: menguasai manajemen proyek, komunikasi; mampu bekerja dalam tim; teliti dan bertanggung jawab. Hubungi Ibu Contoh via WA 0812-0000-2610",8,17,
S00118,,Pramuniaga,PT Contoh Sinar Abadi,Malang,Rp 3-4 jt,,,,SMP,,FULL_TIME,"PT Contoh Sinar Abadi membuka lowongan Pramuniaga. Tanggung jawab: melayani pembeli dan merapikan barang. Kualifikasi: menguasai pelayanan, komunikasi; mampu bekerja dalam tim; teliti dan bertanggung jawab. Kirim CV ke rekrutmen21@example.com",46,34,Supervisor / Koordinator
S00119,,Driver Pengiriman,PT Ilustrasi Pangan Sejahtera,Bogor,,,,,SMP,3-5 tahun,Full Time,"PT Ilustrasi Pangan Sejahtera membuka lowongan Driver Pengiriman. Tanggung jawab: mengantar barang ke pelanggan tepat waktu. Kualifikasi: menguasai SIM B1, mengenal rute; mampu bekerja dalam tim; teliti dan bertanggung jawab. Kirim CV ke rekrutmen57@example.com",28,39,Supervisor / Koordinator
S00120,,Driver Pengiriman,PT Ilustrasi Pangan Sejahtera,Bogor,,,,,SMP,3-5 tahun,Full Time,"PT Ilustrasi Pangan Sejahtera kembali membuka lowongan Driver Pengiriman. Tanggung jawab: mengantar barang ke pelanggan tepat waktu. Kualifikasi: menguasai SIM B1, mengenal rute; mampu bekerja dalam tim; teliti dan bertanggung jawab. Kirim CV ke rekrutmen57@example.com",25,39,Supervisor / Koordinator
S00121,,Teknisi Listrik,Bengkel Contoh Motor,Semarang,Rp4.700.000 - Rp6.900.000,,,,S1 semua jurusan,min. 2 tahun,FULL_TIME,"Bengkel Contoh Motor membuka lowongan Teknisi Listrik. Tanggung jawab: memasang dan merawat instalasi listrik gedung. Kualifikasi: menguasai instalasi listrik, K3; mampu bekerja dalam tim; teliti dan bertanggung jawab. Lamar melalui https://wa.me/6281200016267",15,34,Entry level
S00122,,Admin Gudang,PT Ilustrasi Pangan Sejahtera,Kota Medan,Rp4.200.000 - Rp4.800.000,,,,SMP,min. 2 tahun,FULL_TIME,"PT Ilustrasi Pangan Sejahtera membuka lowongan Admin Gudang. Tanggung jawab: mencatat stok masuk dan keluar barang. Kualifikasi: menguasai Excel, ketelitian; mampu bekerja dalam tim; teliti dan bertanggung jawab. Kirim CV ke rekrutmen49@example.com",54,7,Staff / Officer
S00123,,Admin Gudang,PT Ilustrasi Pangan Sejahtera,Kota Medan,Rp4.200.000 - Rp4.800.000,,,,SMP,min. 2 tahun,FULL_TIME,"PT Ilustrasi Pangan Sejahtera kembali membuka lowongan Admin Gudang. Tanggung jawab: mencatat stok masuk dan keluar barang. Kualifikasi: menguasai Excel, ketelitian; mampu bekerja dalam tim; teliti dan bertanggung jawab. Kirim CV ke rekrutmen49@example.com",50,7,Staff / Officer
S00124,,Sales Executive,PT Demo Konstruksi Utama,Jaksel,"3,7 juta",,,,Minimal SMA/SMK/Sederajat,12 bulan,Part Time,"PT Demo Konstruksi Utama membuka lowongan Sales Executive. Tanggung jawab: mencari pelanggan baru dan mencapai target penjualan. Kualifikasi: menguasai negosiasi, komunikasi; mampu bekerja dalam tim; teliti dan bertanggung jawab. Lamar melalui https://wa.me/6281200080968",49,26,
S00125,,Marketing Manager,PT Sampel Logistik Cepat,Solo,Rp 8-11 jt,,,,bachelor degree,Tanpa pengalaman,Magang,"PT Sampel Logistik Cepat membuka lowongan Marketing Manager. Tanggung jawab: menyusun strategi pemasaran dan memimpin tim. Kualifikasi: menguasai strategi pemasaran, kepemimpinan; mampu bekerja dalam tim; teliti dan bertanggung jawab. Hubungi Ibu Contoh via WA 0812-0000-7165",50,26,Entry level
S00126,,Driver Pengiriman,PT Sampel Logistik Cepat,Kota Bandung,Rp3.600.000 - Rp4.700.000,,,,Minimal SMA/SMK/Sederajat,,Magang,"PT Sampel Logistik Cepat membuka lowongan Driver Pengiriman. Tanggung jawab: mengantar barang ke pelanggan tepat waktu. Kualifikasi: menguasai SIM B1, mengenal rute; mampu bekerja dalam tim; teliti dan bertanggung jawab. Hubungi Ibu Contoh via WA 0812-0000-8577",56,22,Manager
S00127,,Software Engineer Backend,CV Maju Bersama Contoh,Surabaya,"10,6 juta",,,,Minimal SMA/SMK/Sederajat,3-5 tahun,Magang,"CV Maju Bersama Contoh membuka lowongan Software Engineer Backend. Tanggung jawab: membangun dan memelihara layanan API. Kualifikasi: menguasai Python, SQL, Docker; mampu bekerja dalam tim; teliti dan bertanggung jawab. Kirim CV ke rekrutmen70@example.com",57,31,Manager
S00128,,Software Engineer Backend,CV Maju Bersama Contoh,Surabaya,"10,6 juta",,,,Minimal SMA/SMK/Sederajat,3-5 tahun,Magang,"CV Maju Bersama Contoh kembali membuka lowongan Software Engineer Backend. Tanggung jawab: membangun dan memelihara layanan API. Kualifikasi: menguasai Python, SQL, Docker; mampu bekerja dalam tim; teliti dan bertanggung jawab. Kirim CV ke rekrutmen70@example.com",52,31,Manager
S00129,,Frontend Developer,Kedai Kopi Contoh,Kota Bandung,Negotiable,,,,D3,,Full Time,"Kedai Kopi Contoh membuka lowongan Frontend Developer. Tanggung jawab: mengembangkan antarmuka web yang responsif. Kualifikasi: menguasai JavaScript, React, CSS; mampu bekerja dalam tim; teliti dan bertanggung jawab. Hubungi Ibu Contoh via WA 0812-0000-7665",18,42,Supervisor / Koordinator
S00130,,Frontend Developer,Kedai Kopi Contoh,Kota Bandung,Negotiable,,,,D3,,Full Time,"Kedai Kopi Contoh kembali membuka lowongan Frontend Developer. Tanggung jawab: mengembangkan antarmuka web yang responsif. Kualifikasi: menguasai JavaScript, React, CSS; mampu bekerja dalam tim; teliti dan bertanggung jawab. Hubungi Ibu Contoh via WA 0812-0000-7665",10,42,Supervisor / Koordinator
S00131,,Operator Produksi,PT Contoh Sinar Abadi,Balikpapan,,,,,S1 semua jurusan,3-5 tahun,Magang,"PT Contoh Sinar Abadi membuka lowongan Operator Produksi. Tanggung jawab: mengoperasikan mesin produksi sesuai SOP. Kualifikasi: menguasai K3, kerja shift; mampu bekerja dalam tim; teliti dan bertanggung jawab. Lamar langsung melalui tombol apply.",35,30,Staff / Officer
S00132,,Frontend Developer,Bengkel Contoh Motor,Balikpapan,Rp450rb/hari,,,,SMA/SMK,12 bulan,Kontrak,"Bengkel Contoh Motor membuka lowongan Frontend Developer. Tanggung jawab: mengembangkan antarmuka web yang responsif. Kualifikasi: menguasai JavaScript, React, CSS; mampu bekerja dalam tim; teliti dan bertanggung jawab. Lamar langsung melalui tombol apply.",1,15,Manager
S00133,,Software Engineer Backend,PT Demo Konstruksi Utama,Solo,Rp 10-15 jt,,,,Sarjana / S1,12 bulan,Freelance,"PT Demo Konstruksi Utama membuka lowongan Software Engineer Backend. Tanggung jawab: membangun dan memelihara layanan API. Kualifikasi: menguasai Python, SQL, Docker; mampu bekerja dalam tim; teliti dan bertanggung jawab. Kirim CV ke rekrutmen68@example.com",48,28,Staff / Officer
S00134,,Software Engineer Backend,PT Demo Konstruksi Utama,Solo,Rp 10-15 jt,,,,Sarjana / S1,12 bulan,Freelance,"PT Demo Konstruksi Utama kembali membuka lowongan Software Engineer Backend. Tanggung jawab: membangun dan memelihara layanan API. Kualifikasi: menguasai Python, SQL, Docker; mampu bekerja dalam tim; teliti dan bertanggung jawab. Kirim CV ke rekrutmen68@example.com",40,28,Staff / Officer
S00135,,Kasir,Klinik Contoh Sehat,Remote,"3,1 juta",,,,SMA/SMK,Tanpa pengalaman,Part Time,"Klinik Contoh Sehat membuka lowongan Kasir. Tanggung jawab: melayani transaksi pembayaran di toko. Kualifikasi: menguasai ketelitian, pelayanan; mampu bekerja dalam tim; teliti dan bertanggung jawab. Hubungi Ibu Contoh via WA 0812-0000-8529",15,43,Entry level
S00136,,Kasir,Klinik Contoh Sehat,Remote,"3,1 juta",,,,SMA/SMK,Tanpa pengalaman,Part Time,"Klinik Contoh Sehat kembali membuka lowongan Kasir. Tanggung jawab: melayani transaksi pembayaran di toko. Kualifikasi: menguasai ketelitian, pelayanan; mampu bekerja dalam tim; teliti dan bertanggung jawab. Hubungi Ibu Contoh via WA 0812-0000-8529",5,43,Entry level
S00137,,Apoteker,PT Fiktif Manufaktur Jaya,Depok,,,,,Minimal SMA/SMK/Sederajat,Fresh graduate,Freelance,"PT Fiktif Manufaktur Jaya membuka lowongan Apoteker. Tanggung jawab: mengelola obat dan memberi informasi obat. Kualifikasi: menguasai STRA, farmasi klinis; mampu bekerja dalam tim; teliti dan bertanggung jawab. Kirim CV ke rekrutmen92@example.com",52,23,
S00138,,Frontend Developer,PT Demo Teknologi Nusantara,Bogor,Rp 10-14 jt,,,,,Tanpa pengalaman,Kontrak,"PT Demo Teknologi Nusantara membuka lowongan Frontend Developer. Tanggung jawab: mengembangkan antarmuka web yang responsif. Kualifikasi: menguasai JavaScript, React, CSS; mampu bekerja dalam tim; teliti dan bertanggung jawab. Lamar langsung melalui tombol apply.",20,32,Supervisor / Koordinator
S00139,,Digital Marketing Specialist,CV Maju Bersama Contoh,"Denpasar, Bali",Rp3.500.000 - Rp4.100.000,,,,bachelor degree,,Part Time,"CV Maju Bersama Contoh membuka lowongan Digital Marketing Specialist. Tanggung jawab: mengelola iklan digital dan media sosial. Kualifikasi: menguasai Meta Ads, Google Ads; mampu bekerja dalam tim; teliti dan bertanggung jawab. Lamar langsung melalui tombol apply.",2,26,Staff / Officer
S00140,,Sales Executive,Sekolah Contoh Cendekia,Jakarta Selatan,Dirahasiakan,,,,Minimal SMA/SMK/Sederajat,,FULL_TIME,"Sekolah Contoh Cendekia membuka lowongan Sales Executive. Tanggung jawab: mencari pelanggan baru dan mencapai target penjualan. Kualifikasi: menguasai negosiasi, komunikasi; mampu bekerja dalam tim; teliti dan bertanggung jawab. Kirim CV ke rekrutmen3@example.com",47,35,Staff / Officer
S00141,,Security,Sekolah Contoh Cendekia,Kab. Bandung,Negotiable,,,,S1,,Magang,"Sekolah Contoh Cendekia membuka lowongan Security. Tanggung jawab: menjaga keamanan area kantor. Kualifikasi: menguasai Gada Pratama, disiplin; mampu bekerja dalam tim; teliti dan bertanggung jawab. Kirim CV ke rekrutmen7@example.com",15,33,Entry level
S00142,,Security,Sekolah Contoh Cendekia,Kab. Bandung,Negotiable,,,,S1,,Magang,"Sekolah Contoh Cendekia kembali membuka lowongan Security. Tanggung jawab: menjaga keamanan area kantor. Kualifikasi: menguasai Gada Pratama, disiplin; mampu bekerja dalam tim; teliti dan bertanggung jawab. Kirim CV ke rekrutmen7@example.com",8,33,Entry level
S00143,,Customer Service,PT Contoh Ritel Indonesia,Tangerang,Dirahasiakan,,,,SMA/SMK,12 bulan,Full Time,"PT Contoh Ritel Indonesia membuka lowongan Customer Service. Tanggung jawab: melayani pertanyaan dan keluhan pelanggan. Kualifikasi: menguasai komunikasi, CRM; mampu bekerja dalam tim; teliti dan bertanggung jawab. Hubungi Ibu Contoh via WA 0812-0000-2330",42,39,Staff / Officer
S00144,,Quality Control,Kedai Kopi Contoh,Palembang,"3,4 juta",,,,S1,min. 2 tahun,Freelance,"Kedai Kopi Contoh membuka lowongan Quality Control. Tanggung jawab: memeriksa mutu produk sebelum dikirim. Kualifikasi: menguasai ISO 9001, ketelitian; mampu bekerja dalam tim; teliti dan bertanggung jawab. Lamar melalui https://wa.me/6281200014904",17,44,Supervisor / Koordinator
S00145,,Sales Executive,PT Contoh Sinar Abadi,Kota Tangerang Selatan,Rp 3-4 jt,,,,SMA/SMK,12 bulan,Part Time,"PT Contoh Sinar Abadi membuka lowongan Sales Executive. Tanggung jawab: mencari pelanggan baru dan mencapai target penjualan. Kualifikasi: menguasai negosiasi, komunikasi; mampu bekerja dalam tim; teliti dan bertanggung jawab. Lamar melalui https://wa.me/6281200068252",22,16,Supervisor / Koordinator
S00146,,Operator Produksi,Hotel Contoh Nusantara,Kota Batam,,,,,Minimal SMA/SMK/Sederajat,Tanpa pengalaman,Magang,"Hotel Contoh Nusantara membuka lowongan Operator Produksi. Tanggung jawab: mengoperasikan mesin produksi sesuai SOP. Kualifikasi: menguasai K3, kerja shift; mampu bekerja dalam tim; teliti dan bertanggung jawab. Lamar melalui https://wa.me/6281200079534",46,27,
S00147,,Data Analyst,PT Fiktif Manufaktur Jaya,Kab. Bandung,Rp168rb/hari,,,,SMA/SMK,3-5 tahun,Full Time,"PT Fiktif Manufaktur Jaya membuka lowongan Data Analyst. Tanggung jawab: mengolah data penjualan dan membuat dasbor. Kualifikasi: menguasai SQL, Excel, Tableau; mampu bekerja dalam tim; teliti dan bertanggung jawab. Kirim CV ke rekrutmen35@example.com",47,30,Entry level
S00148,,Cleaning Service,PT Contoh Farma,Balikpapan,,,,,Diploma/D1/D2/D3,Tanpa pengalaman,Kontrak,"PT Contoh Farma membuka lowongan Cleaning Service. Tanggung jawab: menjaga kebersihan area kerja. Kualifikasi: menguasai kebersihan, kerja tim; mampu bekerja dalam tim; teliti dan bertanggung jawab. Lamar melalui https://wa.me/6281200028601",14,32,Manager
S00149,,Mekanik Motor,PT Contoh Ritel Indonesia,Malang,Rp4.000.000 - Rp5.100.000,,,,Minimal SMA/SMK/Sederajat,Tanpa pengalaman,Magang,"PT Contoh Ritel Indonesia membuka lowongan Mekanik Motor. Tanggung jawab: memperbaiki dan merawat sepeda motor. Kualifikasi: menguasai mesin motor, diagnosa; mampu bekerja dalam tim; teliti dan bertanggung jawab. Lamar melalui https://wa.me/6281200049879",37,22,
S00150,,Digital Marketing Specialist,Kedai Kopi Contoh,Kota Bandung,Negotiable,,,,SMP,min. 2 tahun,Full Time,"Kedai Kopi Contoh membuka lowongan Digital Marketing Specialist. Tanggung jawab: mengelola iklan digital dan media sosial. Kualifikasi: menguasai Meta Ads, Google Ads; mampu bekerja dalam tim; teliti dan bertanggung jawab. Lamar melalui https://wa.me/6281200010378",41,22,Supervisor / Koordinator
S00151,,Driver Pengiriman,Kedai Kopi Contoh,Tangerang,Rp3.600.000 - Rp4.500.000,,,,,,Freelance,"Kedai Kopi Contoh membuka lowongan Driver Pengiriman. Tanggung jawab: mengantar barang ke pelanggan tepat waktu. Kualifikasi: menguasai SIM B1, mengenal rute; mampu bekerja dalam tim; teliti dan bertanggung jawab. Kirim CV ke rekrutmen44@example.com",46,41,Staff / Officer
S00152,,Staff Accounting,Hotel Contoh Nusantara,Jaksel,Negotiable,,,,SMP,3-5 tahun,Magang,"Hotel Contoh Nusantara membuka lowongan Staff Accounting. Tanggung jawab: mencatat jurnal dan menyusun laporan keuangan bulanan. Kualifikasi: menguasai Accurate, Excel, perpajakan; mampu bekerja dalam tim; teliti dan bertanggung jawab. Hubungi Ibu Contoh via WA 0812-0000-6421",52,8,Staff / Officer
S00153,,Customer Service,PT Contoh Ritel Indonesia,Jaksel,Rp4.600.000 - Rp5.700.000,,,,,Tanpa pengalaman,Magang,"PT Contoh Ritel Indonesia membuka lowongan Customer Service. Tanggung jawab: melayani pertanyaan dan keluhan pelanggan. Kualifikasi: menguasai komunikasi, CRM; mampu bekerja dalam tim; teliti dan bertanggung jawab. Kirim CV ke rekrutmen15@example.com",13,16,Manager
S00154,,Staf Administrasi,Bengkel Contoh Motor,"Denpasar, Bali",Rp204rb/hari,,,,SMP,12 bulan,Part Time,"Bengkel Contoh Motor membuka lowongan Staf Administrasi. Tanggung jawab: mengelola surat dan dokumen kantor. Kualifikasi: menguasai Microsoft Office, arsip; mampu bekerja dalam tim; teliti dan bertanggung jawab. Hubungi Ibu Contoh via WA 0812-0000-1981",46,19,Supervisor / Koordinator
S00155,,Staf Administrasi,Bengkel Contoh Motor,"Denpasar, Bali",Rp204rb/hari,,,,SMP,12 bulan,Part Time,"Bengkel Contoh Motor kembali membuka lowongan Staf Administrasi. Tanggung jawab: mengelola surat dan dokumen kantor. Kualifikasi: menguasai Microsoft Office, arsip; mampu bekerja dalam tim; teliti dan bertanggung jawab. Hubungi Ibu Contoh via WA 0812-0000-1981",41,19,Supervisor / Koordinator
S00156,,Guru Matematika SMP,PT Fiktif Manufaktur Jaya,Malang,,,,,SMA/SMK,Tanpa pengalaman,FULL_TIME,"PT Fiktif Manufaktur Jaya membuka lowongan Guru Matematika SMP. Tanggung jawab: mengajar matematika dan menyusun rencana pembelajaran. Kualifikasi: menguasai pedagogi, matematika; mampu bekerja dalam tim; teliti dan bertanggung jawab. Kirim CV ke rekrutmen97@example.com",30,27,Staff / Officer
S00157,,Staf Administrasi,PT Contoh Sinar Abadi,Kota Yogyakarta,,,,,,min. 2 tahun,Freelance,"PT Contoh Sinar Abadi membuka lowongan Staf Administrasi. Tanggung jawab: mengelola surat dan dokumen kantor. Kualifikasi: menguasai Microsoft Office, arsip; mampu bekerja dalam tim; teliti dan bertanggung jawab. Kirim CV ke rekrutmen25@example.com",9,39,Entry level
S00158,,Sales Executive,Bengkel Contoh Motor,Jaksel,Rp4.300.000 - Rp5.700.000,,,,Sarjana / S1,Tanpa pengalaman,Part Time,"Bengkel Contoh Motor membuka lowongan Sales Executive. Tanggung jawab: mencari pelanggan baru dan mencapai target penjualan. Kualifikasi: menguasai negosiasi, komunikasi; mampu bekerja dalam tim; teliti dan bertanggung jawab. Lamar melalui https://wa.me/6281200042276",16,13,Entry level
S00159,,Data Analyst,PT Demo Teknologi Nusantara,Balikpapan,Rp4.100.000 - Rp5.400.000,,,,D3,min. 2 tahun,Kontrak,"PT Demo Teknologi Nusantara membuka lowongan Data Analyst. Tanggung jawab: mengolah data penjualan dan membuat dasbor. Kualifikasi: menguasai SQL, Excel, Tableau; mampu bekerja dalam tim; teliti dan bertanggung jawab. Hubungi Ibu Contoh via WA 0812-0000-6678",2,36,
S00160,,Driver Pengiriman,CV Maju Bersama Contoh,Makassar,,,,,Diploma/D1/D2/D3,min. 2 tahun,Freelance,"CV Maju Bersama Contoh membuka lowongan Driver Pengiriman. Tanggung jawab: mengantar barang ke pelanggan tepat waktu. Kualifikasi: menguasai SIM B1, mengenal rute; mampu bekerja dalam tim; teliti dan bertanggung jawab. Kirim CV ke rekrutmen2@example.com",5,9,Entry level
S00161,,Guru Matematika SMP,Hotel Contoh Nusantara,Balikpapan,Rp4.300.000 - Rp5.300.000,,,,bachelor degree,Minimal 1 tahun,Full Time,"Hotel Contoh Nusantara membuka lowongan Guru Matematika SMP. Tanggung jawab: mengajar matematika dan menyusun rencana pembelajaran. Kualifikasi: menguasai pedagogi, matematika; mampu bekerja dalam tim; teliti dan bertanggung jawab. Hubungi Ibu Contoh via WA 0812-0000-3159",38,14,
S00162,,Apoteker,Klinik Contoh Sehat,Bogor,Negotiable,,,,Sarjana / S1,3-5 tahun,Full Time,"Klinik Contoh Sehat membuka lowongan Apoteker. Tanggung jawab: mengelola obat dan memberi informasi obat. Kualifikasi: menguasai STRA, farmasi klinis; mampu bekerja dalam tim; teliti dan bertanggung jawab. Kirim CV ke rekrutmen20@example.com",23,23,Manager
S00163,,Apoteker,Klinik Contoh Sehat,Bogor,Negotiable,,,,Sarjana / S1,3-5 tahun,Full Time,"Klinik Contoh Sehat kembali membuka lowongan Apoteker. Tanggung jawab: mengelola obat dan memberi informasi obat. Kualifikasi: menguasai STRA, farmasi klinis; mampu bekerja dalam tim; teliti dan bertanggung jawab. Kirim CV ke rekrutmen20@example.com",18,23,Manager
S00164,,Sales Executive,PT Fiktif Manufaktur Jaya,"Denpasar, Bali",,,,,,,Freelance,"PT Fiktif Manufaktur Jaya membuka lowongan Sales Executive. Tanggung jawab: mencari pelanggan baru dan mencapai target penjualan. Kualifikasi: menguasai negosiasi, komunikasi; mampu bekerja dalam tim; teliti dan bertanggung jawab. Lamar melalui https://wa.me/6281200015795",38,28,Manager
S00165,,Perawat,PT Sampel Media Kreatif,Semarang,Rp 3-5 jt,,,,SMA/SMK,Fresh graduate,Full Time,"PT Sampel Media Kreatif membuka lowongan Perawat. Tanggung jawab: memberikan asuhan keperawatan kepada pasien. Kualifikasi: menguasai STR aktif, BTCLS; mampu bekerja dalam tim; teliti dan bertanggung jawab. Kirim CV ke rekrutmen40@example.com",56,32,
S00166,,Pramuniaga,Kedai Kopi Contoh,Kab. Bandung,Rp2.900.000 - Rp4.200.000,,,,Minimal SMA/SMK/Sederajat,Tanpa pengalaman,Kontrak,"Kedai Kopi Contoh membuka lowongan Pramuniaga. Tanggung jawab: melayani pembeli dan merapikan barang. Kualifikasi: menguasai pelayanan, komunikasi; mampu bekerja dalam tim; teliti dan bertanggung jawab. Lamar langsung melalui tombol apply.",3,22,Supervisor / Koordinator
S00167,,Pramuniaga,Kedai Kopi Contoh,Kab. Bandung,Rp2.900.000 - Rp4.200.000,,,,Minimal SMA/SMK/Sederajat,Tanpa pengalaman,Kontrak,"Kedai Kopi Contoh kembali membuka lowongan Pramuniaga. Tanggung jawab: melayani pembeli dan merapikan barang. Kualifikasi: menguasai pelayanan, komunikasi; mampu bekerja dalam tim; teliti dan bertanggung jawab. Lamar langsung melalui tombol apply.",0,22,Supervisor / Koordinator
S00168,,Digital Marketing Specialist,Sekolah Contoh Cendekia,Jaksel,Rp3.400.000 - Rp4.900.000,,,,Sarjana / S1,Minimal 1 tahun,Part Time,"Sekolah Contoh Cendekia membuka lowongan Digital Marketing Specialist. Tanggung jawab: mengelola iklan digital dan media sosial. Kualifikasi: menguasai Meta Ads, Google Ads; mampu bekerja dalam tim; teliti dan bertanggung jawab. Kirim CV ke rekrutmen77@example.com",25,24,Supervisor / Koordinator
S00169,,Data Analyst,PT Sampel Media Kreatif,Balikpapan,Dirahasiakan,,,,SMP,,Kontrak,"PT Sampel Media Kreatif membuka lowongan Data Analyst. Tanggung jawab: mengolah data penjualan dan membuat dasbor. Kualifikasi: menguasai SQL, Excel, Tableau; mampu bekerja dalam tim; teliti dan bertanggung jawab. Lamar langsung melalui tombol apply.",50,25,Supervisor / Koordinator
S00170,,Data Analyst,PT Sampel Media Kreatif,Balikpapan,Dirahasiakan,,,,SMP,,Kontrak,"PT Sampel Media Kreatif kembali membuka lowongan Data Analyst. Tanggung jawab: mengolah data penjualan dan membuat dasbor. Kualifikasi: menguasai SQL, Excel, Tableau; mampu bekerja dalam tim; teliti dan bertanggung jawab. Lamar langsung melalui tombol apply.",42,25,Supervisor / Koordinator
S00171,,Marketing Manager,Kedai Kopi Contoh,Jaksel,Rp445rb/hari,,,,Minimal SMA/SMK/Sederajat,min. 2 tahun,Magang,"Kedai Kopi Contoh membuka lowongan Marketing Manager. Tanggung jawab: menyusun strategi pemasaran dan memimpin tim. Kualifikasi: menguasai strategi pemasaran, kepemimpinan; mampu bekerja dalam tim; teliti dan bertanggung jawab. Kirim CV ke rekrutmen36@example.com",38,24,
S00172,,Marketing Manager,Kedai Kopi Contoh,Jaksel,Rp445rb/hari,,,,Minimal SMA/SMK/Sederajat,min. 2 tahun,Magang,"Kedai Kopi Contoh kembali membuka lowongan Marketing Manager. Tanggung jawab: menyusun strategi pemasaran dan memimpin tim. Kualifikasi: menguasai strategi pemasaran, kepemimpinan; mampu bekerja dalam tim; teliti dan bertanggung jawab. Kirim CV ke rekrutmen36@example.com",31,24,
S00173,,Apoteker,PT Contoh Farma,Bogor,Dirahasiakan,,,,SMA/SMK,Tanpa pengalaman,Freelance,"PT Contoh Farma membuka lowongan Apoteker. Tanggung jawab: mengelola obat dan memberi informasi obat. Kualifikasi: menguasai STRA, farmasi klinis; mampu bekerja dalam tim; teliti dan bertanggung jawab. Hubungi Ibu Contoh via WA 0812-0000-7636",28,23,Manager
S00174,,Staf Administrasi,CV Maju Bersama Contoh,Jaksel,Negotiable,,,,Sarjana / S1,Tanpa pengalaman,Part Time,"CV Maju Bersama Contoh membuka lowongan Staf Administrasi. Tanggung jawab: mengelola surat dan dokumen kantor. Kualifikasi: menguasai Microsoft Office, arsip; mampu bekerja dalam tim; teliti dan bertanggung jawab. Lamar melalui https://wa.me/6281200012549",34,16,Supervisor / Koordinator
S00175,,Kurir Motor,PT Contoh Farma,Solo,Negotiable,,,,Sarjana / S1,3-5 tahun,Full Time,"PT Contoh Farma membuka lowongan Kurir Motor. Tanggung jawab: mengantar paket di area kota. Kualifikasi: menguasai SIM C, motor pribadi; mampu bekerja dalam tim; teliti dan bertanggung jawab. Lamar langsung melalui tombol apply.",12,23,
S00176,,Digital Marketing Specialist,Hotel Contoh Nusantara,Bekasi,Dirahasiakan,,,,,3-5 tahun,FULL_TIME,"Hotel Contoh Nusantara membuka lowongan Digital Marketing Specialist. Tanggung jawab: mengelola iklan digital dan media sosial. Kualifikasi: menguasai Meta Ads, Google Ads; mampu bekerja dalam tim; teliti dan bertanggung jawab. Lamar langsung melalui tombol apply.",47,39,
S00177,,Operator Produksi,Sekolah Contoh Cendekia,Sleman,"3,4 juta",,,,Minimal SMA/SMK/Sederajat,Fresh graduate,Magang,"Sekolah Contoh Cendekia membuka lowongan Operator Produksi. Tanggung jawab: mengoperasikan mesin produksi sesuai SOP. Kualifikasi: menguasai K3, kerja shift; mampu bekerja dalam tim; teliti dan bertanggung jawab. Lamar langsung melalui tombol apply.",51,28,Entry level
S00178,,Desainer Grafis,PT Ilustrasi Pangan Sejahtera,Balikpapan,Rp 4-6 jt,,,,,min. 2 tahun,Freelance,"PT Ilustrasi Pangan Sejahtera membuka lowongan Desainer Grafis. Tanggung jawab: membuat materi visual untuk media sosial. Kualifikasi: menguasai Figma, Adobe Illustrator; mampu bekerja dalam tim; teliti dan bertanggung jawab. Hubungi Ibu Contoh via WA 0812-0000-1793",21,25,Staff / Officer
S00179,,Cook,PT Demo Konstruksi Utama,Semarang,Negotiable,,,,SMA/SMK,Tanpa pengalaman,Freelance,"PT Demo Konstruksi Utama membuka lowongan Cook. Tanggung jawab: memasak menu restoran sesuai standar. Kualifikasi: menguasai food safety, kerja cepat; mampu bekerja dalam tim; teliti dan bertanggung jawab. Lamar langsung melalui tombol apply.",18,26,Manager
S00180,,HR Generalist,Klinik Contoh Sehat,Kota Yogyakarta,"4,5 juta",,,,D3,,Part Time,"Klinik Contoh Sehat membuka lowongan HR Generalist. Tanggung jawab: mengelola rekrutmen dan administrasi karyawan. Kualifikasi: menguasai rekrutmen, BPJS, payroll; mampu bekerja dalam tim; teliti dan bertanggung jawab. Kirim CV ke rekrutmen68@example.com",13,45,Manager
S00181,,Guru Matematika SMP,PT Ilustrasi Pangan Sejahtera,Kota Bandung,Rp4.200.000 - Rp5.700.000,,,,D3,Fresh graduate,Freelance,"PT Ilustrasi Pangan Sejahtera membuka lowongan Guru Matematika SMP. Tanggung jawab: mengajar matematika dan menyusun rencana pembelajaran. Kualifikasi: menguasai pedagogi, matematika; mampu bekerja dalam tim; teliti dan bertanggung jawab. Hubungi Ibu Contoh via WA 0812-0000-1253",45,11,Manager
S00182,,Kurir Motor,Hotel Contoh Nusantara,Tangerang,Rp159rb/hari,,,,S1,,Freelance,"Hotel Contoh Nusantara membuka lowongan Kurir Motor. Tanggung jawab: mengantar paket di area kota. Kualifikasi: menguasai SIM C, motor pribadi; mampu bekerja dalam tim; teliti dan bertanggung jawab. Lamar melalui https://wa.me/6281200038153",46,31,Entry level
S00183,,Kurir Motor,Hotel Contoh Nusantara,Tangerang,Rp159rb/hari,,,,S1,,Freelance,"Hotel Contoh Nusantara kembali membuka lowongan Kurir Motor. Tanggung jawab: mengantar paket di area kota. Kualifikasi: menguasai SIM C, motor pribadi; mampu bekerja dalam tim; teliti dan bertanggung jawab. Lamar melalui https://wa.me/6281200038153",40,31,Entry level
S00184,,Sales Executive,PT Ilustrasi Pangan Sejahtera,Kota Yogyakarta,,,,,S1 semua jurusan,3-5 tahun,FULL_TIME,"PT Ilustrasi Pangan Sejahtera membuka lowongan Sales Executive. Tanggung jawab: mencari pelanggan baru dan mencapai target penjualan. Kualifikasi: menguasai negosiasi, komunikasi; mampu bekerja dalam tim; teliti dan bertanggung jawab. Lamar melalui https://wa.me/6281200017627",35,26,Supervisor / Koordinator
S00185,,Apoteker,PT Contoh Sinar Abadi,Kota Yogyakarta,Dirahasiakan,,,,,3-5 tahun,Magang,"PT Contoh Sinar Abadi membuka lowongan Apoteker. Tanggung jawab: mengelola obat dan memberi informasi obat. Kualifikasi: menguasai STRA, farmasi klinis; mampu bekerja dalam tim; teliti dan bertanggung jawab. Lamar langsung melalui tombol apply.",35,16,Manager
S00186,,HR Generalist,Bengkel Contoh Motor,Kab. Bandung,Rp4.100.000 - Rp5.200.000,,,,Diploma/D1/D2/D3,,Full Time,"Bengkel Contoh Motor membuka lowongan HR Generalist. Tanggung jawab: mengelola rekrutmen dan administrasi karyawan. Kualifikasi: menguasai rekrutmen, BPJS, payroll; mampu bekerja dalam tim; teliti dan bertanggung jawab. Lamar melalui https://wa.me/6281200058655",31,37,Entry level
S00187,,Apoteker,PT Demo Konstruksi Utama,Kota Yogyakarta,"8,6 juta",,,,SMA/SMK,Minimal 1 tahun,Magang,"PT Demo Konstruksi Utama membuka lowongan Apoteker. Tanggung jawab: mengelola obat dan memberi informasi obat. Kualifikasi: menguasai STRA, farmasi klinis; mampu bekerja dalam tim; teliti dan bertanggung jawab. Kirim CV ke rekrutmen74@example.com",50,26,Manager
S00188,,Frontend Developer,PT Demo Konstruksi Utama,Depok,,,,,S1,Fresh graduate,Full Time,"PT Demo Konstruksi Utama membuka lowongan Frontend Developer. Tanggung jawab: mengembangkan antarmuka web yang responsif. Kualifikasi: menguasai JavaScript, React, CSS; mampu bekerja dalam tim; teliti dan bertanggung jawab. Kirim CV ke rekrutmen67@example.com",19,38,Supervisor / Koordinator
S00189,,Frontend Developer,PT Demo Konstruksi Utama,Depok,,,,,S1,Fresh graduate,Full Time,"PT Demo Konstruksi Utama kembali membuka lowongan Frontend Developer. Tanggung jawab: mengembangkan antarmuka web yang responsif. Kualifikasi: menguasai JavaScript, React, CSS; mampu bekerja dalam tim; teliti dan bertanggung jawab. Kirim CV ke rekrutmen67@example.com",18,38,Supervisor / Koordinator
S00190,,Customer Service,PT Contoh Sinar Abadi,Kota Yogyakarta,"3,9 juta",,,,SMP,,Magang,"PT Contoh Sinar Abadi membuka lowongan Customer Service. Tanggung jawab: melayani pertanyaan dan keluhan pelanggan. Kualifikasi: menguasai komunikasi, CRM; mampu bekerja dalam tim; teliti dan bertanggung jawab. Lamar langsung melalui tombol apply.",53,10,Manager
S00191,,Kasir,PT Ilustrasi Pangan Sejahtera,Makassar,Rp154rb/hari,,,,D3,Minimal 1 tahun,FULL_TIME,"PT Ilustrasi Pangan Sejahtera membuka lowongan Kasir. Tanggung jawab: melayani transaksi pembayaran di toko. Kualifikasi: menguasai ketelitian, pelayanan; mampu bekerja dalam tim; teliti dan bertanggung jawab. Hubungi Ibu Contoh via WA 0812-0000-4905",17,22,Supervisor / Koordinator
S00192,,Guru Matematika SMP,Sekolah Contoh Cendekia,Bogor,Negotiable,,,,bachelor degree,12 bulan,Magang,"Sekolah Contoh Cendekia membuka lowongan Guru Matematika SMP. Tanggung jawab: mengajar matematika dan menyusun rencana pembelajaran. Kualifikasi: menguasai pedagogi, matematika; mampu bekerja dalam tim; teliti dan bertanggung jawab. Lamar langsung melalui tombol apply.",48,14,Staff / Officer
S00193,,Guru Matematika SMP,Sekolah Contoh Cendekia,Bogor,Negotiable,,,,bachelor degree,12 bulan,Magang,"Sekolah Contoh Cendekia kembali membuka lowongan Guru Matematika SMP. Tanggung jawab: mengajar matematika dan menyusun rencana pembelajaran. Kualifikasi: menguasai pedagogi, matematika; mampu bekerja dalam tim; teliti dan bertanggung jawab. Lamar langsung melalui tombol apply.",46,14,Staff / Officer
S00194,,Staf Administrasi,CV Maju Bersama Contoh,Kota Medan,Rp213rb/hari,,,,S1 semua jurusan,Minimal 1 tahun,Magang,"CV Maju Bersama Contoh membuka lowongan Staf Administrasi. Tanggung jawab: mengelola surat dan dokumen kantor. Kualifikasi: menguasai Microsoft Office, arsip; mampu bekerja dalam tim; teliti dan bertanggung jawab. Hubungi Ibu Contoh via WA 0812-0000-9452",8,12,Manager
S00195,,Tukang Las,PT Ilustrasi Pangan Sejahtera,Depok,Rp204rb/hari,,,,Diploma/D1/D2/D3,min. 2 tahun,FULL_TIME,"PT Ilustrasi Pangan Sejahtera membuka lowongan Tukang Las. Tanggung jawab: mengelas konstruksi besi. Kualifikasi: menguasai las listrik, membaca gambar teknik; mampu bekerja dalam tim; teliti dan bertanggung jawab. Kirim CV ke rekrutmen72@example.com",12,7,Staff / Officer
S00196,,Cleaning Service,PT Fiktif Manufaktur Jaya,Kota Batam,Rp3.600.000 - Rp5.000.000,,,,S1 semua jurusan,min. 2 tahun,Full Time,"PT Fiktif Manufaktur Jaya membuka lowongan Cleaning Service. Tanggung jawab: menjaga kebersihan area kerja. Kualifikasi: menguasai kebersihan, kerja tim; mampu bekerja dalam tim; teliti dan bertanggung jawab. Lamar melalui https://wa.me/6281200028258",36,19,
S00197,,Cleaning Service,PT Fiktif Manufaktur Jaya,Kota Batam,Rp3.600.000 - Rp5.000.000,,,,S1 semua jurusan,min. 2 tahun,Full Time,"PT Fiktif Manufaktur Jaya kembali membuka lowongan Cleaning Service. Tanggung jawab: menjaga kebersihan area kerja. Kualifikasi: menguasai kebersihan, kerja tim; mampu bekerja dalam tim; teliti dan bertanggung jawab. Lamar melalui https://wa.me/6281200028258",34,19,
S00198,,Digital Marketing Specialist,PT Contoh Sinar Abadi,Palembang,Rp4.300.000 - Rp5.900.000,,,,Sarjana / S1,min. 2 tahun,Freelance,"PT Contoh Sinar Abadi membuka lowongan Digital Marketing Specialist. Tanggung jawab: mengelola iklan digital dan media sosial. Kualifikasi: menguasai Meta Ads, Google Ads; mampu bekerja dalam tim; teliti dan bertanggung jawab. Kirim CV ke rekrutmen85@example.com",11,13,Manager
S00199,,Kasir,PT Demo Teknologi Nusantara,"Denpasar, Bali",Rp2.700.000 - Rp3.400.000,,,,S1 semua jurusan,Tanpa pengalaman,Kontrak,"PT Demo Teknologi Nusantara membuka lowongan Kasir. Tanggung jawab: melayani transaksi pembayaran di toko. Kualifikasi: menguasai ketelitian, pelayanan; mampu bekerja dalam tim; teliti dan bertanggung jawab. Kirim CV ke rekrutmen70@example.com",14,36,Manager
S00200,,Staff Accounting,Hotel Contoh Nusantara,Makassar,Rp4.700.000 - Rp6.200.000,,,,S1 semua jurusan,12 bulan,Part Time,"Hotel Contoh Nusantara membuka lowongan Staff Accounting. Tanggung jawab: mencatat jurnal dan menyusun laporan keuangan bulanan. Kualifikasi: menguasai Accurate, Excel, perpajakan; mampu bekerja dalam tim; teliti dan bertanggung jawab. Lamar langsung melalui tombol apply.",36,38,
S00201,,Content Writer,PT Fiktif Manufaktur Jaya,Kab. Bandung,Negotiable,,,,SMP,Minimal 1 tahun,Full Time,"PT Fiktif Manufaktur Jaya membuka lowongan Content Writer. Tanggung jawab: menulis artikel dan naskah konten. Kualifikasi: menguasai copywriting, SEO; mampu bekerja dalam tim; teliti dan bertanggung jawab. Kirim CV ke rekrutmen8@example.com",34,30,
S00202,,Content Writer,PT Demo Teknologi Nusantara,Kota Medan,Negotiable,,,,Minimal SMA/SMK/Sederajat,Fresh graduate,Full Time,"PT Demo Teknologi Nusantara membuka lowongan Content Writer. Tanggung jawab: menulis artikel dan naskah konten. Kualifikasi: menguasai copywriting, SEO; mampu bekerja dalam tim; teliti dan bertanggung jawab. Kirim CV ke rekrutmen98@example.com",27,23,Entry level
S00203,,Cook,Kedai Kopi Contoh,Depok,,,,,S1,12 bulan,Freelance,"Kedai Kopi Contoh membuka lowongan Cook. Tanggung jawab: memasak menu restoran sesuai standar. Kualifikasi: menguasai food safety, kerja cepat; mampu bekerja dalam tim; teliti dan bertanggung jawab. Lamar melalui https://wa.me/6281200080012",12,29,Staff / Officer
S00204,,Guru Matematika SMP,PT Contoh Farma,Kab. Bandung,Rp159rb/hari,,,,S1,,Full Time,"PT Contoh Farma membuka lowongan Guru Matematika SMP. Tanggung jawab: mengajar matematika dan menyusun rencana pembelajaran. Kualifikasi: menguasai pedagogi, matematika; mampu bekerja dalam tim; teliti dan bertanggung jawab. Lamar langsung melalui tombol apply.",58,13,Supervisor / Koordinator
S00205,,Guru Matematika SMP,PT Contoh Farma,Kab. Bandung,Rp159rb/hari,,,,S1,,Full Time,"PT Contoh Farma kembali membuka lowongan Guru Matematika SMP. Tanggung jawab: mengajar matematika dan menyusun rencana pembelajaran. Kualifikasi: menguasai pedagogi, matematika; mampu bekerja dalam tim; teliti dan bertanggung jawab. Lamar langsung melalui tombol apply.",50,13,Supervisor / Koordinator
S00206,,Content Writer,PT Ilustrasi Pangan Sejahtera,Bogor,Dirahasiakan,,,,SMP,Tanpa pengalaman,Freelance,"PT Ilustrasi Pangan Sejahtera membuka lowongan Content Writer. Tanggung jawab: menulis artikel dan naskah konten. Kualifikasi: menguasai copywriting, SEO; mampu bekerja dalam tim; teliti dan bertanggung jawab. Hubungi Ibu Contoh via WA 0812-0000-1080",9,20,Entry level
S00207,,Guru Matematika SMP,CV Maju Bersama Contoh,Depok,Rp163rb/hari,,,,Minimal SMA/SMK/Sederajat,12 bulan,Magang,"CV Maju Bersama Contoh membuka lowongan Guru Matematika SMP. Tanggung jawab: mengajar matematika dan menyusun rencana pembelajaran. Kualifikasi: menguasai pedagogi, matematika; mampu bekerja dalam tim; teliti dan bertanggung jawab. Lamar melalui https://wa.me/6281200097477",40,32,
S00208,,Security,PT Demo Teknologi Nusantara,"Denpasar, Bali",Rp3.000.000 - Rp3.900.000,,,,Diploma/D1/D2/D3,Minimal 1 tahun,Freelance,"PT Demo Teknologi Nusantara membuka lowongan Security. Tanggung jawab: menjaga keamanan area kantor. Kualifikasi: menguasai Gada Pratama, disiplin; mampu bekerja dalam tim; teliti dan bertanggung jawab. Lamar langsung melalui tombol apply.",5,18,Supervisor / Koordinator
S00209,,Cleaning Service,CV Maju Bersama Contoh,Remote,"2,8 juta",,,,,Fresh graduate,Magang,"CV Maju Bersama Contoh membuka lowongan Cleaning Service. Tanggung jawab: menjaga kebersihan area kerja. Kualifikasi: menguasai kebersihan, kerja tim; mampu bekerja dalam tim; teliti dan bertanggung jawab. Lamar melalui https://wa.me/6281200048791",40,24,Entry level
S00210,,Security,CV Maju Bersama Contoh,Makassar,"3,0 juta",,,,Diploma/D1/D2/D3,min. 2 tahun,Kontrak,"CV Maju Bersama Contoh membuka lowongan Security. Tanggung jawab: menjaga keamanan area kantor. Kualifikasi: menguasai Gada Pratama, disiplin; mampu bekerja dalam tim; teliti dan bertanggung jawab. Lamar langsung melalui tombol apply.",8,43,Supervisor / Koordinator
S00211,,Apoteker,Klinik Contoh Sehat,Semarang,Rp 8-9 jt,,,,bachelor degree,Tanpa pengalaman,Full Time,"Klinik Contoh Sehat membuka lowongan Apoteker. Tanggung jawab: mengelola obat dan memberi informasi obat. Kualifikasi: menguasai STRA, farmasi klinis; mampu bekerja dalam tim; teliti dan bertanggung jawab. Kirim CV ke rekrutmen36@example.com",58,31,Manager
S00212,,Apoteker,Klinik Contoh Sehat,Semarang,Rp 8-9 jt,,,,bachelor degree,Tanpa pengalaman,Full Time,"Klinik Contoh Sehat kembali membuka lowongan Apoteker. Tanggung jawab: mengelola obat dan memberi informasi obat. Kualifikasi: menguasai STRA, farmasi klinis; mampu bekerja dalam tim; teliti dan bertanggung jawab. Kirim CV ke rekrutmen36@example.com",51,31,Manager
S00213,,Software Engineer Backend,PT Contoh Farma,Kota Bandung,Rp8.800.000 - Rp12.200.000,,,,D3,Minimal 1 tahun,Full Time,"PT Contoh Farma membuka lowongan Software Engineer Backend. Tanggung jawab: membangun dan memelihara layanan API. Kualifikasi: menguasai Python, SQL, Docker; mampu bekerja dalam tim; teliti dan bertanggung jawab. Kirim CV ke rekrutmen21@example.com",23,26,
S00214,,Desainer Grafis,Kedai Kopi Contoh,Sleman,"4,6 juta",,,,S1,12 bulan,Magang,"Kedai Kopi Contoh membuka lowongan Desainer Grafis. Tanggung jawab: membuat materi visual untuk media sosial. Kualifikasi: menguasai Figma, Adobe Illustrator; mampu bekerja dalam tim; teliti dan bertanggung jawab. Lamar melalui https://wa.me/6281200093827",35,24,Manager
S00215,,Driver Pengiriman,PT Sampel Logistik Cepat,Kota Yogyakarta,Negotiable,,,,,12 bulan,FULL_TIME,"PT Sampel Logistik Cepat membuka lowongan Driver Pengiriman. Tanggung jawab: mengantar barang ke pelanggan tepat waktu. Kualifikasi: menguasai SIM B1, mengenal rute; mampu bekerja dalam tim; teliti dan bertanggung jawab. Lamar langsung melalui tombol apply.",40,19,Entry level
S00216,,Marketing Manager,Hotel Contoh Nusantara,Jaksel,Rp9.900.000 - Rp12.100.000,,,,bachelor degree,min. 2 tahun,Freelance,"Hotel Contoh Nusantara membuka lowongan Marketing Manager. Tanggung jawab: menyusun strategi pemasaran dan memimpin tim. Kualifikasi: menguasai strategi pemasaran, kepemimpinan; mampu bekerja dalam tim; teliti dan bertanggung jawab. Hubungi Ibu Contoh via WA 0812-0000-4016",34,23,Manager
S00217,,Frontend Developer,PT Sampel Media Kreatif,Solo,Negotiable,,,,,Tanpa pengalaman,FULL_TIME,"PT Sampel Media Kreatif membuka lowongan Frontend Developer. Tanggung jawab: mengembangkan antarmuka web yang responsif. Kualifikasi: menguasai JavaScript, React, CSS; mampu bekerja dalam tim; teliti dan bertanggung jawab. Lamar langsung melalui tombol apply.",43,38,Staff / Officer
S00218,,Operator Produksi,Kedai Kopi Contoh,Kota Tangerang Selatan,Rp4.300.000 - Rp5.800.000,,,,bachelor degree,3-5 tahun,Kontrak,"Kedai Kopi Contoh membuka lowongan Operator Produksi. Tanggung jawab: mengoperasikan mesin produksi sesuai SOP. Kualifikasi: menguasai K3, kerja shift; mampu bekerja dalam tim; teliti dan bertanggung jawab. Hubungi Ibu Contoh via WA 0812-0000-6017",23,33,Entry level
S00219,,Operator Produksi,Kedai Kopi Contoh,Kota Tangerang Selatan,Rp4.300.000 - Rp5.800.000,,,,bachelor degree,3-5 tahun,Kontrak,"Kedai Kopi Contoh kembali membuka lowongan Operator Produksi. Tanggung jawab: mengoperasikan mesin produksi sesuai SOP. Kualifikasi: menguasai K3, kerja shift; mampu bekerja dalam tim; teliti dan bertanggung jawab. Hubungi Ibu Contoh via WA 0812-0000-6017",18,33,Entry level
S00220,,Admin Gudang,Sekolah Contoh Cendekia,Jaksel,Dirahasiakan,,,,S1,Minimal 1 tahun,Kontrak,"Sekolah Contoh Cendekia membuka lowongan Admin Gudang. Tanggung jawab: mencatat stok masuk dan keluar barang. Kualifikasi: menguasai Excel, ketelitian; mampu bekerja dalam tim; teliti dan bertanggung jawab. Lamar melalui https://wa.me/6281200064870",1,38,Staff / Officer
S00221,,Tukang Las,PT Fiktif Manufaktur Jaya,Jakarta Selatan,Rp 4-5 jt,,,,bachelor degree,Fresh graduate,Kontrak,"PT Fiktif Manufaktur Jaya membuka lowongan Tukang Las. Tanggung jawab: mengelas konstruksi besi. Kualifikasi: menguasai las listrik, membaca gambar teknik; mampu bekerja dalam tim; teliti dan bertanggung jawab. Lamar langsung melalui tombol apply.",40,45,Supervisor / Koordinator
S00222,,HR Generalist,CV Maju Bersama Contoh,Kota Bandung,Negotiable,,,,,3-5 tahun,Part Time,"CV Maju Bersama Contoh membuka lowongan HR Generalist. Tanggung jawab: mengelola rekrutmen dan administrasi karyawan. Kualifikasi: menguasai rekrutmen, BPJS, payroll; mampu bekerja dalam tim; teliti dan bertanggung jawab. Kirim CV ke rekrutmen66@example.com",30,32,
S00223,,HR Generalist,CV Maju Bersama Contoh,Kota Bandung,Negotiable,,,,,3-5 tahun,Part Time,"CV Maju Bersama Contoh kembali membuka lowongan HR Generalist. Tanggung jawab: mengelola rekrutmen dan administrasi karyawan. Kualifikasi: menguasai rekrutmen, BPJS, payroll; mampu bekerja dalam tim; teliti dan bertanggung jawab. Kirim CV ke rekrutmen66@example.com",28,32,
S00224,,Content Writer,PT Sampel Logistik Cepat,Solo,Rp 4-6 jt,,,,S1 semua jurusan,Fresh graduate,Kontrak,"PT Sampel Logistik Cepat membuka lowongan Content Writer. Tanggung jawab: menulis artikel dan naskah konten. Kualifikasi: menguasai copywriting, SEO; mampu bekerja dalam tim; teliti dan bertanggung jawab. Lamar melalui https://wa.me/6281200066394",31,23,
S00225,,Content Writer,PT Sampel Logistik Cepat,Solo,Rp 4-6 jt,,,,S1 semua jurusan,Fresh graduate,Kontrak,"PT Sampel Logistik Cepat kembali membuka lowongan Content Writer. Tanggung jawab: menulis artikel dan naskah konten. Kualifikasi: menguasai copywriting, SEO; mampu bekerja dalam tim; teliti dan bertanggung jawab. Lamar melalui https://wa.me/6281200066394",22,23,
S00226,,Cook,PT Ilustrasi Pangan Sejahtera,Palembang,Rp 3-5 jt,,,,D3,12 bulan,Kontrak,"PT Ilustrasi Pangan Sejahtera membuka lowongan Cook. Tanggung jawab: memasak menu restoran sesuai standar. Kualifikasi: menguasai food safety, kerja cepat; mampu bekerja dalam tim; teliti dan bertanggung jawab. Lamar melalui https://wa.me/6281200082830",7,28,Staff / Officer
S00227,,Cook,PT Ilustrasi Pangan Sejahtera,Palembang,Rp 3-5 jt,,,,D3,12 bulan,Kontrak,"PT Ilustrasi Pangan Sejahtera kembali membuka lowongan Cook. Tanggung jawab: memasak menu restoran sesuai standar. Kualifikasi: menguasai food safety, kerja cepat; mampu bekerja dalam tim; teliti dan bertanggung jawab. Lamar melalui https://wa.me/6281200082830",5,28,Staff / Officer
S00228,,Staff Accounting,PT Sampel Logistik Cepat,Sleman,Rp3.600.000 - Rp4.400.000,,,,bachelor degree,12 bulan,Freelance,"PT Sampel Logistik Cepat membuka lowongan Staff Accounting. Tanggung jawab: mencatat jurnal dan menyusun laporan keuangan bulanan. Kualifikasi: menguasai Accurate, Excel, perpajakan; mampu bekerja dalam tim; teliti dan bertanggung jawab. Lamar melalui https://wa.me/6281200099398",13,22,
S00229,,Kurir Motor,PT Fiktif Manufaktur Jaya,Kota Medan,"3,4 juta",,,,S1,min. 2 tahun,Freelance,"PT Fiktif Manufaktur Jaya membuka lowongan Kurir Motor. Tanggung jawab: mengantar paket di area kota. Kualifikasi: menguasai SIM C, motor pribadi; mampu bekerja dalam tim; teliti dan bertanggung jawab. Lamar langsung melalui tombol apply.",53,39,Supervisor / Koordinator
S00230,,Staf Administrasi,PT Demo Konstruksi Utama,Semarang,"4,3 juta",,,,bachelor degree,12 bulan,Full Time,"PT Demo Konstruksi Utama membuka lowongan Staf Administrasi. Tanggung jawab: mengelola surat dan dokumen kantor. Kualifikasi: menguasai Microsoft Office, arsip; mampu bekerja dalam tim; teliti dan bertanggung jawab. Kirim CV ke rekrutmen58@example.com",6,12,Entry level
S00231,,Marketing Manager,Hotel Contoh Nusantara,Jakarta Selatan,,,,,SMA/SMK,Fresh graduate,Magang,"Hotel Contoh Nusantara membuka lowongan Marketing Manager. Tanggung jawab: menyusun strategi pemasaran dan memimpin tim. Kualifikasi: menguasai strategi pemasaran, kepemimpinan; mampu bekerja dalam tim; teliti dan bertanggung jawab. Hubungi Ibu Contoh via WA 0812-0000-7426",34,10,Entry level
S00232,,Marketing Manager,Hotel Contoh Nusantara,Jakarta Selatan,,,,,SMA/SMK,Fresh graduate,Magang,"Hotel Contoh Nusantara kembali membuka lowongan Marketing Manager. Tanggung jawab: menyusun strategi pemasaran dan memimpin tim. Kualifikasi: menguasai strategi pemasaran, kepemimpinan; mampu bekerja dalam tim; teliti dan bertanggung jawab. Hubungi Ibu Contoh via WA 0812-0000-7426",27,10,Entry level
S00233,,Digital Marketing Specialist,Bengkel Contoh Motor,Depok,"4,6 juta",,,,Diploma/D1/D2/D3,min. 2 tahun,Kontrak,"Bengkel Contoh Motor membuka lowongan Digital Marketing Specialist. Tanggung jawab: mengelola iklan digital dan media sosial. Kualifikasi: menguasai Meta Ads, Google Ads; mampu bekerja dalam tim; teliti dan bertanggung jawab. Lamar langsung melalui tombol apply.",42,39,Supervisor / Koordinator
S00234,,Digital Marketing Specialist,Bengkel Contoh Motor,Jakarta Selatan,Rp186rb/hari,,,,bachelor degree,Tanpa pengalaman,Freelance,"Bengkel Contoh Motor membuka lowongan Digital Marketing Specialist. Tanggung jawab: mengelola iklan digital dan media sosial. Kualifikasi: menguasai Meta Ads, Google Ads; mampu bekerja dalam tim; teliti dan bertanggung jawab. Lamar melalui https://wa.me/6281200036228",38,8,Staff / Officer
S00235,,Software Engineer Backend,Sekolah Contoh Cendekia,Kab. Bandung,,,,,S1,,Part Time,"Sekolah Contoh Cendekia membuka lowongan Software Engineer Backend. Tanggung jawab: membangun dan memelihara layanan API. Kualifikasi: menguasai Python, SQL, Docker; mampu bekerja dalam tim; teliti dan bertanggung jawab. Kirim CV ke rekrutmen67@example.com",37,30,
S00236,,Teknisi Listrik,PT Ilustrasi Pangan Sejahtera,Palembang,Rp 3-4 jt,,,,S1,min. 2 tahun,Kontrak,"PT Ilustrasi Pangan Sejahtera membuka lowongan Teknisi Listrik. Tanggung jawab: memasang dan merawat instalasi listrik gedung. Kualifikasi: menguasai instalasi listrik, K3; mampu bekerja dalam tim; teliti dan bertanggung jawab. Hubungi Ibu Contoh via WA 0812-0000-5750",31,36,Supervisor / Koordinator
S00237,,HR Generalist,PT Fiktif Manufaktur Jaya,Sleman,Dirahasiakan,,,,D3,3-5 tahun,Full Time,"PT Fiktif Manufaktur Jaya membuka lowongan HR Generalist. Tanggung jawab: mengelola rekrutmen dan administrasi karyawan. Kualifikasi: menguasai rekrutmen, BPJS, payroll; mampu bekerja dalam tim; teliti dan bertanggung jawab. Lamar melalui https://wa.me/6281200026610",50,41,Manager
S00238,,Frontend Developer,PT Ilustrasi Pangan Sejahtera,Kab. Bandung,Rp454rb/hari,,,,bachelor degree,Minimal 1 tahun,Kontrak,"PT Ilustrasi Pangan Sejahtera membuka lowongan Frontend Developer. Tanggung jawab: mengembangkan antarmuka web yang responsif. Kualifikasi: menguasai JavaScript, React, CSS; mampu bekerja dalam tim; teliti dan bertanggung jawab. Lamar melalui https://wa.me/6281200081794",19,35,
S00239,,Pramuniaga,Bengkel Contoh Motor,Kota Tangerang Selatan,Rp3.600.000 - Rp4.800.000,,,,bachelor degree,min. 2 tahun,Freelance,"Bengkel Contoh Motor membuka lowongan Pramuniaga. Tanggung jawab: melayani pembeli dan merapikan barang. Kualifikasi: menguasai pelayanan, komunikasi; mampu bekerja dalam tim; teliti dan bertanggung jawab. Hubungi Ibu Contoh via WA 0812-0000-2893",39,44,Staff / Officer
S00240,,Staf Administrasi,Bengkel Contoh Motor,Kota Tangerang Selatan,Rp186rb/hari,,,,Minimal SMA/SMK/Sederajat,Tanpa pengalaman,Full Time,"Bengkel Contoh Motor membuka lowongan Staf Administrasi. Tanggung jawab: mengelola surat dan dokumen kantor. Kualifikasi: menguasai Microsoft Office, arsip; mampu bekerja dalam tim; teliti dan bertanggung jawab. Kirim CV ke rekrutmen29@example.com",52,21,Entry level
S00241,,HR Generalist,Sekolah Contoh Cendekia,Depok,,,,,bachelor degree,,Full Time,"Sekolah Contoh Cendekia membuka lowongan HR Generalist. Tanggung jawab: mengelola rekrutmen dan administrasi karyawan. Kualifikasi: menguasai rekrutmen, BPJS, payroll; mampu bekerja dalam tim; teliti dan bertanggung jawab. Kirim CV ke rekrutmen32@example.com",57,15,Entry level
S00242,,Kurir Motor,PT Ilustrasi Pangan Sejahtera,Kab. Bandung,Rp122rb/hari,,,,S1 semua jurusan,,Part Time,"PT Ilustrasi Pangan Sejahtera membuka lowongan Kurir Motor. Tanggung jawab: mengantar paket di area kota. Kualifikasi: menguasai SIM C, motor pribadi; mampu bekerja dalam tim; teliti dan bertanggung jawab. Lamar langsung melalui tombol apply.",36,9,Manager
S00243,,Project Manager,PT Contoh Farma,Solo,Negotiable,,,,S1 semua jurusan,,Part Time,"PT Contoh Farma membuka lowongan Project Manager. Tanggung jawab: merencanakan dan mengawasi jalannya proyek. Kualifikasi: menguasai manajemen proyek, komunikasi; mampu bekerja dalam tim; teliti dan bertanggung jawab. Lamar melalui https://wa.me/6281200097934",11,39,Staff / Officer
S00244,,Project Manager,PT Contoh Farma,Solo,Negotiable,,,,S1 semua jurusan,,Part Time,"PT Contoh Farma kembali membuka lowongan Project Manager. Tanggung jawab: merencanakan dan mengawasi jalannya proyek. Kualifikasi: menguasai manajemen proyek, komunikasi; mampu bekerja dalam tim; teliti dan bertanggung jawab. Lamar melalui https://wa.me/6281200097934",2,39,Staff / Officer
S00245,,Desainer Grafis,Bengkel Contoh Motor,Malang,Rp4.200.000 - Rp5.300.000,,,,,Minimal 1 tahun,Part Time,"Bengkel Contoh Motor membuka lowongan Desainer Grafis. Tanggung jawab: membuat materi visual untuk media sosial. Kualifikasi: menguasai Figma, Adobe Illustrator; mampu bekerja dalam tim; teliti dan bertanggung jawab. Kirim CV ke rekrutmen26@example.com",39,45,Staff / Officer
S00246,,HR Generalist,PT Sampel Media Kreatif,Solo,,,,,SMP,3-5 tahun,Part Time,"PT Sampel Media Kreatif membuka lowongan HR Generalist. Tanggung jawab: mengelola rekrutmen dan administrasi karyawan. Kualifikasi: menguasai rekrutmen, BPJS, payroll; mampu bekerja dalam tim; teliti dan bertanggung jawab. Kirim CV ke rekrutmen84@example.com",48,20,
S00247,,Project Manager,PT Sampel Media Kreatif,Kota Yogyakarta,Rp 9-11 jt,,,,bachelor degree,Fresh graduate,Freelance,"PT Sampel Media Kreatif membuka lowongan Project Manager. Tanggung jawab: merencanakan dan mengawasi jalannya proyek. Kualifikasi: menguasai manajemen proyek, komunikasi; mampu bekerja dalam tim; teliti dan bertanggung jawab. Hubungi Ibu Contoh via WA 0812-0000-1403",17,17,Manager
S00248,,Marketing Manager,PT Contoh Sinar Abadi,Kota Medan,"8,8 juta",,,,SMP,Tanpa pengalaman,Part Time,"PT Contoh Sinar Abadi membuka lowongan Marketing Manager. Tanggung jawab: menyusun strategi pemasaran dan memimpin tim. Kualifikasi: menguasai strategi pemasaran, kepemimpinan; mampu bekerja dalam tim; teliti dan bertanggung jawab. Lamar langsung melalui tombol apply.",37,7,Entry level
S00249,,Barista,PT Fiktif Manufaktur Jaya,Kota Tangerang Selatan,Rp145rb/hari,,,,,Fresh graduate,Full Time,"PT Fiktif Manufaktur Jaya membuka lowongan Barista. Tanggung jawab: menyiapkan minuman kopi dan melayani pelanggan. Kualifikasi: menguasai pelayanan, kebersihan; mampu bekerja dalam tim; teliti dan bertanggung jawab. Kirim CV ke rekrutmen36@example.com",45,25,Manager
S00250,,Barista,Hotel Contoh Nusantara,Palembang,Dirahasiakan,,,,Diploma/D1/D2/D3,,Kontrak,"Hotel Contoh Nusantara membuka lowongan Barista. Tanggung jawab: menyiapkan minuman kopi dan melayani pelanggan. Kualifikasi: menguasai pelayanan, kebersihan; mampu bekerja dalam tim; teliti dan bertanggung jawab. Lamar langsung melalui tombol apply.",7,12,Staff / Officer
S00251,,Desainer Grafis,PT Ilustrasi Pangan Sejahtera,Depok,Dirahasiakan,,,,S1,12 bulan,Full Time,"PT Ilustrasi Pangan Sejahtera membuka lowongan Desainer Grafis. Tanggung jawab: membuat materi visual untuk media sosial. Kualifikasi: menguasai Figma, Adobe Illustrator; mampu bekerja dalam tim; teliti dan bertanggung jawab. Lamar melalui https://wa.me/6281200059909",48,29,
S00252,,Software Engineer Backend,PT Contoh Sinar Abadi,Kota Yogyakarta,Dirahasiakan,,,,Diploma/D1/D2/D3,,Part Time,"PT Contoh Sinar Abadi membuka lowongan Software Engineer Backend. Tanggung jawab: membangun dan memelihara layanan API. Kualifikasi: menguasai Python, SQL, Docker; mampu bekerja dalam tim; teliti dan bertanggung jawab. Kirim CV ke rekrutmen56@example.com",27,26,Staff / Officer
S00253,,Teknisi Listrik,CV Maju Bersama Contoh,Kota Medan,Dirahasiakan,,,,SMA/SMK,Minimal 1 tahun,Magang,"CV Maju Bersama Contoh membuka lowongan Teknisi Listrik. Tanggung jawab: memasang dan merawat instalasi listrik gedung. Kualifikasi: menguasai instalasi listrik, K3; mampu bekerja dalam tim; teliti dan bertanggung jawab. Lamar langsung melalui tombol apply.",7,14,Entry level
S00254,,Pramuniaga,Hotel Contoh Nusantara,Jakarta Selatan,Rp127rb/hari,,,,Minimal SMA/SMK/Sederajat,Fresh graduate,Freelance,"Hotel Contoh Nusantara membuka lowongan Pramuniaga. Tanggung jawab: melayani pembeli dan merapikan barang. Kualifikasi: menguasai pelayanan, komunikasi; mampu bekerja dalam tim; teliti dan bertanggung jawab. Kirim CV ke rekrutmen1@example.com",42,33,Manager
S00255,,Marketing Manager,Klinik Contoh Sehat,Jaksel,Rp363rb/hari,,,,D3,3-5 tahun,Freelance,"Klinik Contoh Sehat membuka lowongan Marketing Manager. Tanggung jawab: menyusun strategi pemasaran dan memimpin tim. Kualifikasi: menguasai strategi pemasaran, kepemimpinan; mampu bekerja dalam tim; teliti dan bertanggung jawab. Lamar langsung melalui tombol apply.",46,32,Staff / Officer
S00256,,Guru Matematika SMP,Kedai Kopi Contoh,Solo,,,,,D3,Fresh graduate,Full Time,"Kedai Kopi Contoh membuka lowongan Guru Matematika SMP. Tanggung jawab: mengajar matematika dan menyusun rencana pembelajaran. Kualifikasi: menguasai pedagogi, matematika; mampu bekerja dalam tim; teliti dan bertanggung jawab. Kirim CV ke rekrutmen63@example.com",47,8,Manager
S00257,,Guru Matematika SMP,Sekolah Contoh Cendekia,Bekasi,Rp4.300.000 - Rp5.200.000,,,,D3,12 bulan,Freelance,"Sekolah Contoh Cendekia membuka lowongan Guru Matematika SMP. Tanggung jawab: mengajar matematika dan menyusun rencana pembelajaran. Kualifikasi: menguasai pedagogi, matematika; mampu bekerja dalam tim; teliti dan bertanggung jawab. Lamar melalui https://wa.me/6281200079944",54,18,Supervisor / Koordinator
S00258,,Cleaning Service,PT Contoh Ritel Indonesia,Jakarta Selatan,Rp127rb/hari,,,,bachelor degree,3-5 tahun,Kontrak,"PT Contoh Ritel Indonesia membuka lowongan Cleaning Service. Tanggung jawab: menjaga kebersihan area kerja. Kualifikasi: menguasai kebersihan, kerja tim; mampu bekerja dalam tim; teliti dan bertanggung jawab. Lamar melalui https://wa.me/6281200063742",57,11,Supervisor / Koordinator
S00259,,Project Manager,PT Sampel Logistik Cepat,Balikpapan,Rp8.700.000 - Rp10.400.000,,,,Minimal SMA/SMK/Sederajat,3-5 tahun,Freelance,"PT Sampel Logistik Cepat membuka lowongan Project Manager. Tanggung jawab: merencanakan dan mengawasi jalannya proyek. Kualifikasi: menguasai manajemen proyek, komunikasi; mampu bekerja dalam tim; teliti dan bertanggung jawab. Lamar melalui https://wa.me/6281200059827",16,13,Supervisor / Koordinator
S00260,,Staff Accounting,Bengkel Contoh Motor,Tangerang,Negotiable,,,,SMP,3-5 tahun,Part Time,"Bengkel Contoh Motor membuka lowongan Staff Accounting. Tanggung jawab: mencatat jurnal dan menyusun laporan keuangan bulanan. Kualifikasi: menguasai Accurate, Excel, perpajakan; mampu bekerja dalam tim; teliti dan bertanggung jawab. Lamar langsung melalui tombol apply.",49,25,Supervisor / Koordinator
S00261,,Teknisi Listrik,PT Demo Konstruksi Utama,Kota Yogyakarta,Dirahasiakan,,,,Diploma/D1/D2/D3,Tanpa pengalaman,FULL_TIME,"PT Demo Konstruksi Utama membuka lowongan Teknisi Listrik. Tanggung jawab: memasang dan merawat instalasi listrik gedung. Kualifikasi: menguasai instalasi listrik, K3; mampu bekerja dalam tim; teliti dan bertanggung jawab. Hubungi Ibu Contoh via WA 0812-0000-7719",50,36,Supervisor / Koordinator
S00262,,Customer Service,PT Sampel Logistik Cepat,Jakarta Selatan,Negotiable,,,,S1,Fresh graduate,Freelance,"PT Sampel Logistik Cepat membuka lowongan Customer Service. Tanggung jawab: melayani pertanyaan dan keluhan pelanggan. Kualifikasi: menguasai komunikasi, CRM; mampu bekerja dalam tim; teliti dan bertanggung jawab. Kirim CV ke rekrutmen15@example.com",43,39,
S00263,,Customer Service,PT Sampel Logistik Cepat,Jakarta Selatan,Negotiable,,,,S1,Fresh graduate,Freelance,"PT Sampel Logistik Cepat kembali membuka lowongan Customer Service. Tanggung jawab: melayani pertanyaan dan keluhan pelanggan. Kualifikasi: menguasai komunikasi, CRM; mampu bekerja dalam tim; teliti dan bertanggung jawab. Kirim CV ke rekrutmen15@example.com",34,39,
S00264,,Sales Executive,PT Sampel Logistik Cepat,Malang,Rp200rb/hari,,,,D3,3-5 tahun,Full Time,"PT Sampel Logistik Cepat membuka lowongan Sales Executive. Tanggung jawab: mencari pelanggan baru dan mencapai target penjualan. Kualifikasi: menguasai negosiasi, komunikasi; mampu bekerja dalam tim; teliti dan bertanggung jawab. Kirim CV ke rekrutmen53@example.com",33,31,Supervisor / Koordinator
S00265,,Barista,Sekolah Contoh Cendekia,Semarang,,,,,S1 semua jurusan,Minimal 1 tahun,Full Time,"Sekolah Contoh Cendekia membuka lowongan Barista. Tanggung jawab: menyiapkan minuman kopi dan melayani pelanggan. Kualifikasi: menguasai pelayanan, kebersihan; mampu bekerja dalam tim; teliti dan bertanggung jawab. Lamar langsung melalui tombol apply.",12,13,Entry level
S00266,,Frontend Developer,PT Ilustrasi Pangan Sejahtera,Kota Bandung,Rp445rb/hari,,,,S1,Minimal 1 tahun,FULL_TIME,"PT Ilustrasi Pangan Sejahtera membuka lowongan Frontend Developer. Tanggung jawab: mengembangkan antarmuka web yang responsif. Kualifikasi: menguasai JavaScript, React, CSS; mampu bekerja dalam tim; teliti dan bertanggung jawab. Hubungi Ibu Contoh via WA 0812-0000-4167",8,31,
S00267,,Frontend Developer,PT Ilustrasi Pangan Sejahtera,Kota Bandung,Rp445rb/hari,,,,S1,Minimal 1 tahun,FULL_TIME,"PT Ilustrasi Pangan Sejahtera kembali membuka lowongan Frontend Developer. Tanggung jawab: mengembangkan antarmuka web yang responsif. Kualifikasi: menguasai JavaScript, React, CSS; mampu bekerja dalam tim; teliti dan bertanggung jawab. Hubungi Ibu Contoh via WA 0812-0000-4167",6,31,
S00268,,Guru Matematika SMP,Klinik Contoh Sehat,Remote,"4,0 juta",,,,SMP,12 bulan,Full Time,"Klinik Contoh Sehat membuka lowongan Guru Matematika SMP. Tanggung jawab: mengajar matematika dan menyusun rencana pembelajaran. Kualifikasi: menguasai pedagogi, matematika; mampu bekerja dalam tim; teliti dan bertanggung jawab. Kirim CV ke rekrutmen3@example.com",35,34,Supervisor / Koordinator
S00269,,Guru Matematika SMP,Klinik Contoh Sehat,Remote,"4,0 juta",,,,SMP,12 bulan,Full Time,"Klinik Contoh Sehat kembali membuka lowongan Guru Matematika SMP. Tanggung jawab: mengajar matematika dan menyusun rencana pembelajaran. Kualifikasi: menguasai pedagogi, matematika; mampu bekerja dalam tim; teliti dan bertanggung jawab. Kirim CV ke rekrutmen3@example.com",32,34,Supervisor / Koordinator
S00270,,Cleaning Service,PT Demo Teknologi Nusantara,Kota Medan,Negotiable,,,,D3,Fresh graduate,Full Time,"PT Demo Teknologi Nusantara membuka lowongan Cleaning Service. Tanggung jawab: menjaga kebersihan area kerja. Kualifikasi: menguasai kebersihan, kerja tim; mampu bekerja dalam tim; teliti dan bertanggung jawab. Kirim CV ke rekrutmen73@example.com",10,34,Manager
S00271,,Marketing Manager,Bengkel Contoh Motor,Jaksel,Rp422rb/hari,,,,S1 semua jurusan,Minimal 1 tahun,Part Time,"Bengkel Contoh Motor membuka lowongan Marketing Manager. Tanggung jawab: menyusun strategi pemasaran dan memimpin tim. Kualifikasi: menguasai strategi pemasaran, kepemimpinan; mampu bekerja dalam tim; teliti dan bertanggung jawab. Hubungi Ibu Contoh via WA 0812-0000-1756",46,12,Staff / Officer
S00272,,Quality Control,PT Fiktif Manufaktur Jaya,Depok,Rp 4-5 jt,,,,Sarjana / S1,Minimal 1 tahun,FULL_TIME,"PT Fiktif Manufaktur Jaya membuka lowongan Quality Control. Tanggung jawab: memeriksa mutu produk sebelum dikirim. Kualifikasi: menguasai ISO 9001, ketelitian; mampu bekerja dalam tim; teliti dan bertanggung jawab. Lamar langsung melalui tombol apply.",8,22,Staff / Officer
S00273,,Software Engineer Backend,Bengkel Contoh Motor,Kota Batam,Dirahasiakan,,,,SMP,Fresh graduate,Kontrak,"Bengkel Contoh Motor membuka lowongan Software Engineer Backend. Tanggung jawab: membangun dan memelihara layanan API. Kualifikasi: menguasai Python, SQL, Docker; mampu bekerja dalam tim; teliti dan bertanggung jawab. Hubungi Ibu Contoh via WA 0812-0000-9203",41,18,Entry level
S00274,,Project Manager,PT Demo Konstruksi Utama,Remote,Rp472rb/hari,,,,Minimal SMA/SMK/Sederajat,12 bulan,Magang,"PT Demo Konstruksi Utama membuka lowongan Project Manager. Tanggung jawab: merencanakan dan mengawasi jalannya proyek. Kualifikasi: menguasai manajemen proyek, komunikasi; mampu bekerja dalam tim; teliti dan bertanggung jawab. Hubungi Ibu Contoh via WA 0812-0000-6474",53,28,Staff / Officer
S00275,,Driver Pengiriman,CV Maju Bersama Contoh,Remote,Rp4.700.000 - Rp5.400.000,,,,Sarjana / S1,Minimal 1 tahun,Freelance,"CV Maju Bersama Contoh membuka lowongan Driver Pengiriman. Tanggung jawab: mengantar barang ke pelanggan tepat waktu. Kualifikasi: menguasai SIM B1, mengenal rute; mampu bekerja dalam tim; teliti dan bertanggung jawab. Kirim CV ke rekrutmen30@example.com",55,19,Supervisor / Koordinator
S00276,,Content Writer,PT Ilustrasi Pangan Sejahtera,Remote,,,,,,12 bulan,Part Time,"PT Ilustrasi Pangan Sejahtera membuka lowongan Content Writer. Tanggung jawab: menulis artikel dan naskah konten. Kualifikasi: menguasai copywriting, SEO; mampu bekerja dalam tim; teliti dan bertanggung jawab. Kirim CV ke rekrutmen70@example.com",28,8,Supervisor / Koordinator
S00277,,Pramuniaga,PT Demo Konstruksi Utama,Kota Medan,Negotiable,,,,SMP,,Full Time,"PT Demo Konstruksi Utama membuka lowongan Pramuniaga. Tanggung jawab: melayani pembeli dan merapikan barang. Kualifikasi: menguasai pelayanan, komunikasi; mampu bekerja dalam tim; teliti dan bertanggung jawab. Hubungi Ibu Contoh via WA 0812-0000-6667",38,21,
S00278,,Pramuniaga,PT Demo Konstruksi Utama,Kota Medan,Negotiable,,,,SMP,,Full Time,"PT Demo Konstruksi Utama kembali membuka lowongan Pramuniaga. Tanggung jawab: melayani pembeli dan merapikan barang. Kualifikasi: menguasai pelayanan, komunikasi; mampu bekerja dalam tim; teliti dan bertanggung jawab. Hubungi Ibu Contoh via WA 0812-0000-6667",32,21,
S00279,,HR Generalist,PT Sampel Logistik Cepat,Remote,Dirahasiakan,,,,,12 bulan,Full Time,"PT Sampel Logistik Cepat membuka lowongan HR Generalist. Tanggung jawab: mengelola rekrutmen dan administrasi karyawan. Kualifikasi: menguasai rekrutmen, BPJS, payroll; mampu bekerja dalam tim; teliti dan bertanggung jawab. Hubungi Ibu Contoh via WA 0812-0000-8005",46,44,Supervisor / Koordinator
S00280,,Admin Gudang,PT Contoh Ritel Indonesia,Jakarta Selatan,Dirahasiakan,,,,S1,12 bulan,Freelance,"PT Contoh Ritel Indonesia membuka lowongan Admin Gudang. Tanggung jawab: mencatat stok masuk dan keluar barang. Kualifikasi: menguasai Excel, ketelitian; mampu bekerja dalam tim; teliti dan bertanggung jawab. Lamar melalui https://wa.me/6281200024061",23,43,
S00281,,Admin Gudang,PT Contoh Ritel Indonesia,Jakarta Selatan,Dirahasiakan,,,,S1,12 bulan,Freelance,"PT Contoh Ritel Indonesia kembali membuka lowongan Admin Gudang. Tanggung jawab: mencatat stok masuk dan keluar barang. Kualifikasi: menguasai Excel, ketelitian; mampu bekerja dalam tim; teliti dan bertanggung jawab. Lamar melalui https://wa.me/6281200024061",13,43,
S00282,,Operator Produksi,PT Fiktif Manufaktur Jaya,Tangerang,,,,,Diploma/D1/D2/D3,Tanpa pengalaman,Kontrak,"PT Fiktif Manufaktur Jaya membuka lowongan Operator Produksi. Tanggung jawab: mengoperasikan mesin produksi sesuai SOP. Kualifikasi: menguasai K3, kerja shift; mampu bekerja dalam tim; teliti dan bertanggung jawab. Lamar langsung melalui tombol apply.",28,16,Manager
S00283,,Perawat,PT Sampel Logistik Cepat,Depok,Rp4.200.000 - Rp5.200.000,,,,S1,,Part Time,"PT Sampel Logistik Cepat membuka lowongan Perawat. Tanggung jawab: memberikan asuhan keperawatan kepada pasien. Kualifikasi: menguasai STR aktif, BTCLS; mampu bekerja dalam tim; teliti dan bertanggung jawab. Hubungi Ibu Contoh via WA 0812-0000-9174",32,20,Manager
S00284,,Content Writer,PT Ilustrasi Pangan Sejahtera,Kota Yogyakarta,"3,8 juta",,,,D3,,FULL_TIME,"PT Ilustrasi Pangan Sejahtera membuka lowongan Content Writer. Tanggung jawab: menulis artikel dan naskah konten. Kualifikasi: menguasai copywriting, SEO; mampu bekerja dalam tim; teliti dan bertanggung jawab. Lamar langsung melalui tombol apply.",36,22,Manager
S00285,,Desainer Grafis,PT Sampel Media Kreatif,Balikpapan,Rp 3-4 jt,,,,S1 semua jurusan,Fresh graduate,Part Time,"PT Sampel Media Kreatif membuka lowongan Desainer Grafis. Tanggung jawab: membuat materi visual untuk media sosial. Kualifikasi: menguasai Figma, Adobe Illustrator; mampu bekerja dalam tim; teliti dan bertanggung jawab. Lamar melalui https://wa.me/6281200099929",25,26,
S00286,,Guru Matematika SMP,PT Ilustrasi Pangan Sejahtera,Palembang,Rp 4-4 jt,,,,SMA/SMK,12 bulan,Part Time,"PT Ilustrasi Pangan Sejahtera membuka lowongan Guru Matematika SMP. Tanggung jawab: mengajar matematika dan menyusun rencana pembelajaran. Kualifikasi: menguasai pedagogi, matematika; mampu bekerja dalam tim; teliti dan bertanggung jawab. Lamar langsung melalui tombol apply.",15,32,Manager
S00287,,Project Manager,PT Contoh Ritel Indonesia,"Denpasar, Bali",Dirahasiakan,,,,Diploma/D1/D2/D3,Minimal 1 tahun,Full Time,"PT Contoh Ritel Indonesia membuka lowongan Project Manager. Tanggung jawab: merencanakan dan mengawasi jalannya proyek. Kualifikasi: menguasai manajemen proyek, komunikasi; mampu bekerja dalam tim; teliti dan bertanggung jawab. Hubungi Ibu Contoh via WA 0812-0000-3916",42,26,Manager
S00288,,Security,PT Sampel Media Kreatif,Bogor,Dirahasiakan,,,,Diploma/D1/D2/D3,3-5 tahun,FULL_TIME,"PT Sampel Media Kreatif membuka lowongan Security. Tanggung jawab: menjaga keamanan area kantor. Kualifikasi: menguasai Gada Pratama, disiplin; mampu bekerja dalam tim; teliti dan bertanggung jawab. Kirim CV ke rekrutmen88@example.com",6,27,Staff / Officer
S00289,,Cook,PT Ilustrasi Pangan Sejahtera,Semarang,Rp163rb/hari,,,,S1,Minimal 1 tahun,Full Time,"PT Ilustrasi Pangan Sejahtera membuka lowongan Cook. Tanggung jawab: memasak menu restoran sesuai standar. Kualifikasi: menguasai food safety, kerja cepat; mampu bekerja dalam tim; teliti dan bertanggung jawab. Hubungi Ibu Contoh via WA 0812-0000-5046",3,23,Supervisor / Koordinator
S00290,,Driver Pengiriman,Klinik Contoh Sehat,Malang,,,,,bachelor degree,3-5 tahun,Magang,"Klinik Contoh Sehat membuka lowongan Driver Pengiriman. Tanggung jawab: mengantar barang ke pelanggan tepat waktu. Kualifikasi: menguasai SIM B1, mengenal rute; mampu bekerja dalam tim; teliti dan bertanggung jawab. Hubungi Ibu Contoh via WA 0812-0000-1489",31,9,
S00291,,Operator Produksi,PT Sampel Media Kreatif,Depok,Rp 3-4 jt,,,,Minimal SMA/SMK/Sederajat,Tanpa pengalaman,Full Time,"PT Sampel Media Kreatif membuka lowongan Operator Produksi. Tanggung jawab: mengoperasikan mesin produksi sesuai SOP. Kualifikasi: menguasai K3, kerja shift; mampu bekerja dalam tim; teliti dan bertanggung jawab. Kirim CV ke rekrutmen50@example.com",9,19,Manager
S00292,,Cook,Klinik Contoh Sehat,Makassar,Rp3.900.000 - Rp5.200.000,,,,S1 semua jurusan,Tanpa pengalaman,Part Time,"Klinik Contoh Sehat membuka lowongan Cook. Tanggung jawab: memasak menu restoran sesuai standar. Kualifikasi: menguasai food safety, kerja cepat; mampu bekerja dalam tim; teliti dan bertanggung jawab. Kirim CV ke rekrutmen88@example.com",26,36,Entry level
S00293,,Desainer Grafis,PT Contoh Ritel Indonesia,Kota Bandung,Dirahasiakan,,,,Sarjana / S1,Fresh graduate,Kontrak,"PT Contoh Ritel Indonesia membuka lowongan Desainer Grafis. Tanggung jawab: membuat materi visual untuk media sosial. Kualifikasi: menguasai Figma, Adobe Illustrator; mampu bekerja dalam tim; teliti dan bertanggung jawab. Lamar langsung melalui tombol apply.",26,35,Staff / Officer
S00294,,Tukang Las,PT Ilustrasi Pangan Sejahtera,Depok,Rp 3-5 jt,,,,D3,12 bulan,Part Time,"PT Ilustrasi Pangan Sejahtera membuka lowongan Tukang Las. Tanggung jawab: mengelas konstruksi besi. Kualifikasi: menguasai las listrik, membaca gambar teknik; mampu bekerja dalam tim; teliti dan bertanggung jawab. Lamar melalui https://wa.me/6281200076323",33,9,Staff / Officer
S00295,,Desainer Grafis,PT Contoh Sinar Abadi,Kota Batam,Rp 4-5 jt,,,,SMA/SMK,Fresh graduate,Part Time,"PT Contoh Sinar Abadi membuka lowongan Desainer Grafis. Tanggung jawab: membuat materi visual untuk media sosial. Kualifikasi: menguasai Figma, Adobe Illustrator; mampu bekerja dalam tim; teliti dan bertanggung jawab. Lamar langsung melalui tombol apply.",5,38,Manager
S00296,,Marketing Manager,PT Contoh Sinar Abadi,Surabaya,Rp9.900.000 - Rp13.200.000,,,,,Tanpa pengalaman,FULL_TIME,"PT Contoh Sinar Abadi membuka lowongan Marketing Manager. Tanggung jawab: menyusun strategi pemasaran dan memimpin tim. Kualifikasi: menguasai strategi pemasaran, kepemimpinan; mampu bekerja dalam tim; teliti dan bertanggung jawab. Kirim CV ke rekrutmen46@example.com",3,42,Entry level
S00297,,Pramuniaga,Hotel Contoh Nusantara,Depok,,,,,bachelor degree,Minimal 1 tahun,Freelance,"Hotel Contoh Nusantara membuka lowongan Pramuniaga. Tanggung jawab: melayani pembeli dan merapikan barang. Kualifikasi: menguasai pelayanan, komunikasi; mampu bekerja dalam tim; teliti dan bertanggung jawab. Hubungi Ibu Contoh via WA 0812-0000-4069",39,22,
S00298,,Project Manager,Hotel Contoh Nusantara,Jakarta Selatan,"9,8 juta",,,,Diploma/D1/D2/D3,3-5 tahun,Kontrak,"Hotel Contoh Nusantara membuka lowongan Project Manager. Tanggung jawab: merencanakan dan mengawasi jalannya proyek. Kualifikasi: menguasai manajemen proyek, komunikasi; mampu bekerja dalam tim; teliti dan bertanggung jawab. Kirim CV ke rekrutmen77@example.com",32,28,Staff / Officer
S00299,,Frontend Developer,Klinik Contoh Sehat,Jaksel,"9,6 juta",,,,D3,3-5 tahun,Part Time,"Klinik Contoh Sehat membuka lowongan Frontend Developer. Tanggung jawab: mengembangkan antarmuka web yang responsif. Kualifikasi: menguasai JavaScript, React, CSS; mampu bekerja dalam tim; teliti dan bertanggung jawab. Kirim CV ke rekrutmen1@example.com",50,25,Manager
S00300,,Frontend Developer,Klinik Contoh Sehat,Jaksel,"9,6 juta",,,,D3,3-5 tahun,Part Time,"Klinik Contoh Sehat kembali membuka lowongan Frontend Developer. Tanggung jawab: mengembangkan antarmuka web yang responsif. Kualifikasi: menguasai JavaScript, React, CSS; mampu bekerja dalam tim; teliti dan bertanggung jawab. Kirim CV ke rekrutmen1@example.com",43,25,Manager
S00301,,Customer Service,PT Contoh Farma,Solo,Rp 3-4 jt,,,,S1,12 bulan,Magang,"PT Contoh Farma membuka lowongan Customer Service. Tanggung jawab: melayani pertanyaan dan keluhan pelanggan. Kualifikasi: menguasai komunikasi, CRM; mampu bekerja dalam tim; teliti dan bertanggung jawab. Hubungi Ibu Contoh via WA 0812-0000-9431",33,10,Staff / Officer
S00302,,Perawat,Klinik Contoh Sehat,Tangerang,Rp 4-6 jt,,,,Diploma/D1/D2/D3,12 bulan,Freelance,"Klinik Contoh Sehat membuka lowongan Perawat. Tanggung jawab: memberikan asuhan keperawatan kepada pasien. Kualifikasi: menguasai STR aktif, BTCLS; mampu bekerja dalam tim; teliti dan bertanggung jawab. Hubungi Ibu Contoh via WA 0812-0000-8319",55,9,
S00303,,Software Engineer Backend,Hotel Contoh Nusantara,"Denpasar, Bali",,,,,SMA/SMK,Minimal 1 tahun,Full Time,"Hotel Contoh Nusantara membuka lowongan Software Engineer Backend. Tanggung jawab: membangun dan memelihara layanan API. Kualifikasi: menguasai Python, SQL, Docker; mampu bekerja dalam tim; teliti dan bertanggung jawab. Hubungi Ibu Contoh via WA 0812-0000-8748",1,7,
S00304,,Kasir,PT Contoh Farma,Remote,Dirahasiakan,,,,S1,Fresh graduate,Freelance,"PT Contoh Farma membuka lowongan Kasir. Tanggung jawab: melayani transaksi pembayaran di toko. Kualifikasi: menguasai ketelitian, pelayanan; mampu bekerja dalam tim; teliti dan bertanggung jawab. Lamar melalui https://wa.me/6281200086662",18,12,Staff / Officer
S00305,,HR Generalist,Sekolah Contoh Cendekia,Depok,Dirahasiakan,,,,S1 semua jurusan,Minimal 1 tahun,Full Time,"Sekolah Contoh Cendekia membuka lowongan HR Generalist. Tanggung jawab: mengelola rekrutmen dan administrasi karyawan. Kualifikasi: menguasai rekrutmen, BPJS, payroll; mampu bekerja dalam tim; teliti dan bertanggung jawab. Hubungi Ibu Contoh via WA 0812-0000-8129",32,19,
S00306,,Kurir Motor,PT Contoh Farma,Remote,"3,1 juta",,,,Sarjana / S1,Minimal 1 tahun,Kontrak,"PT Contoh Farma membuka lowongan Kurir Motor. Tanggung jawab: mengantar paket di area kota. Kualifikasi: menguasai SIM C, motor pribadi; mampu bekerja dalam tim; teliti dan bertanggung jawab. Lamar langsung melalui tombol apply.",32,38,Manager
S00307,,HR Generalist,Hotel Contoh Nusantara,Kota Batam,"4,5 juta",,,,Minimal SMA/SMK/Sederajat,,Magang,"Hotel Contoh Nusantara membuka lowongan HR Generalist. Tanggung jawab: mengelola rekrutmen dan administrasi karyawan. Kualifikasi: menguasai rekrutmen, BPJS, payroll; mampu bekerja dalam tim; teliti dan bertanggung jawab. Lamar melalui https://wa.me/6281200060256",19,36,
S00308,,Cleaning Service,PT Contoh Sinar Abadi,Malang,Negotiable,,,,bachelor degree,12 bulan,Part Time,"PT Contoh Sinar Abadi membuka lowongan Cleaning Service. Tanggung jawab: menjaga kebersihan area kerja. Kualifikasi: menguasai kebersihan, kerja tim; mampu bekerja dalam tim; teliti dan bertanggung jawab. Lamar melalui https://wa.me/6281200072499",37,25,
S00309,,Cleaning Service,PT Contoh Sinar Abadi,Malang,Negotiable,,,,bachelor degree,12 bulan,Part Time,"PT Contoh Sinar Abadi kembali membuka lowongan Cleaning Service. Tanggung jawab: menjaga kebersihan area kerja. Kualifikasi: menguasai kebersihan, kerja tim; mampu bekerja dalam tim; teliti dan bertanggung jawab. Lamar melalui https://wa.me/6281200072499",36,25,
S00310,,Frontend Developer,PT Contoh Sinar Abadi,"Denpasar, Bali","8,6 juta",,,,Sarjana / S1,,FULL_TIME,"PT Contoh Sinar Abadi membuka lowongan Frontend Developer. Tanggung jawab: mengembangkan antarmuka web yang responsif. Kualifikasi: menguasai JavaScript, React, CSS; mampu bekerja dalam tim; teliti dan bertanggung jawab. Hubungi Ibu Contoh via WA 0812-0000-9225",48,19,Manager
S00311,,HR Generalist,PT Contoh Sinar Abadi,Tangerang,Dirahasiakan,,,,S1 semua jurusan,Tanpa pengalaman,FULL_TIME,"PT Contoh Sinar Abadi membuka lowongan HR Generalist. Tanggung jawab: mengelola rekrutmen dan administrasi karyawan. Kualifikasi: menguasai rekrutmen, BPJS, payroll; mampu bekerja dalam tim; teliti dan bertanggung jawab. Lamar melalui https://wa.me/6281200076244",18,44,
S00312,,Apoteker,PT Contoh Ritel Indonesia,Sleman,"8,2 juta",,,,S1,,Full Time,"PT Contoh Ritel Indonesia membuka lowongan Apoteker. Tanggung jawab: mengelola obat dan memberi informasi obat. Kualifikasi: menguasai STRA, farmasi klinis; mampu bekerja dalam tim; teliti dan bertanggung jawab. Kirim CV ke rekrutmen11@example.com",19,24,
S00313,,Apoteker,PT Contoh Ritel Indonesia,Sleman,"8,2 juta",,,,S1,,Full Time,"PT Contoh Ritel Indonesia kembali membuka lowongan Apoteker. Tanggung jawab: mengelola obat dan memberi informasi obat. Kualifikasi: menguasai STRA, farmasi klinis; mampu bekerja dalam tim; teliti dan bertanggung jawab. Kirim CV ke rekrutmen11@example.com",14,24,
S00314,,Marketing Manager,CV Maju Bersama Contoh,Sleman,Dirahasiakan,,,,Diploma/D1/D2/D3,12 bulan,Kontrak,"CV Maju Bersama Contoh membuka lowongan Marketing Manager. Tanggung jawab: menyusun strategi pemasaran dan memimpin tim. Kualifikasi: menguasai strategi pemasaran, kepemimpinan; mampu bekerja dalam tim; teliti dan bertanggung jawab. Hubungi Ibu Contoh via WA 0812-0000-8758",48,38,Manager
S00315,,Staff Accounting,Hotel Contoh Nusantara,Malang,Dirahasiakan,,,,D3,Tanpa pengalaman,Kontrak,"Hotel Contoh Nusantara membuka lowongan Staff Accounting. Tanggung jawab: mencatat jurnal dan menyusun laporan keuangan bulanan. Kualifikasi: menguasai Accurate, Excel, perpajakan; mampu bekerja dalam tim; teliti dan bertanggung jawab. Hubungi Ibu Contoh via WA 0812-0000-2576",4,17,Staff / Officer
S00316,,Apoteker,Hotel Contoh Nusantara,Solo,Rp8.100.000 - Rp10.500.000,,,,Diploma/D1/D2/D3,Tanpa pengalaman,FULL_TIME,"Hotel Contoh Nusantara membuka lowongan Apoteker. Tanggung jawab: mengelola obat dan memberi informasi obat. Kualifikasi: menguasai STRA, farmasi klinis; mampu bekerja dalam tim; teliti dan bertanggung jawab. Hubungi Ibu Contoh via WA 0812-0000-8134",51,10,
S00317,,Data Analyst,CV Maju Bersama Contoh,Semarang,Rp195rb/hari,,,,Diploma/D1/D2/D3,Minimal 1 tahun,FULL_TIME,"CV Maju Bersama Contoh membuka lowongan Data Analyst. Tanggung jawab: mengolah data penjualan dan membuat dasbor. Kualifikasi: menguasai SQL, Excel, Tableau; mampu bekerja dalam tim; teliti dan bertanggung jawab. Lamar melalui https://wa.me/6281200028584",28,16,Supervisor / Koordinator
S00318,,Sales Executive,PT Sampel Media Kreatif,Surabaya,Dirahasiakan,,,,,3-5 tahun,Magang,"PT Sampel Media Kreatif membuka lowongan Sales Executive. Tanggung jawab: mencari pelanggan baru dan mencapai target penjualan. Kualifikasi: menguasai negosiasi, komunikasi; mampu bekerja dalam tim; teliti dan bertanggung jawab. Hubungi Ibu Contoh via WA 0812-0000-6709",22,23,Manager
S00319,,Customer Service,PT Contoh Farma,Kota Medan,Rp177rb/hari,,,,Sarjana / S1,min. 2 tahun,Freelance,"PT Contoh Farma membuka lowongan Customer Service. Tanggung jawab: melayani pertanyaan dan keluhan pelanggan. Kualifikasi: menguasai komunikasi, CRM; mampu bekerja dalam tim; teliti dan bertanggung jawab. Kirim CV ke rekrutmen38@example.com",27,39,Supervisor / Koordinator
S00320,,Driver Pengiriman,PT Demo Konstruksi Utama,Sleman,Negotiable,,,,Diploma/D1/D2/D3,Fresh graduate,Kontrak,"PT Demo Konstruksi Utama membuka lowongan Driver Pengiriman. Tanggung jawab: mengantar barang ke pelanggan tepat waktu. Kualifikasi: menguasai SIM B1, mengenal rute; mampu bekerja dalam tim; teliti dan bertanggung jawab. Lamar melalui https://wa.me/6281200025738",34,13,
S00321,,Barista,Hotel Contoh Nusantara,Sleman,"3,3 juta",,,,D3,,Kontrak,"Hotel Contoh Nusantara membuka lowongan Barista. Tanggung jawab: menyiapkan minuman kopi dan melayani pelanggan. Kualifikasi: menguasai pelayanan, kebersihan; mampu bekerja dalam tim; teliti dan bertanggung jawab. Hubungi Ibu Contoh via WA 0812-0000-6522",4,40,Staff / Officer
S00322,,Kasir,PT Fiktif Manufaktur Jaya,Kota Batam,,,,,Minimal SMA/SMK/Sederajat,12 bulan,Full Time,"PT Fiktif Manufaktur Jaya membuka lowongan Kasir. Tanggung jawab: melayani transaksi pembayaran di toko. Kualifikasi: menguasai ketelitian, pelayanan; mampu bekerja dalam tim; teliti dan bertanggung jawab. Lamar langsung melalui tombol apply.",23,15,Supervisor / Koordinator
S00323,,Project Manager,Hotel Contoh Nusantara,Bekasi,"8,7 juta",,,,S1,3-5 tahun,Magang,"Hotel Contoh Nusantara membuka lowongan Project Manager. Tanggung jawab: merencanakan dan mengawasi jalannya proyek. Kualifikasi: menguasai manajemen proyek, komunikasi; mampu bekerja dalam tim; teliti dan bertanggung jawab. Lamar langsung melalui tombol apply.",2,13,
S00324,,Frontend Developer,Hotel Contoh Nusantara,Semarang,Dirahasiakan,,,,SMA/SMK,Fresh graduate,Freelance,"Hotel Contoh Nusantara membuka lowongan Frontend Developer. Tanggung jawab: mengembangkan antarmuka web yang responsif. Kualifikasi: menguasai JavaScript, React, CSS; mampu bekerja dalam tim; teliti dan bertanggung jawab. Hubungi Ibu Contoh via WA 0812-0000-4698",43,38,
S00325,,Kurir Motor,PT Contoh Ritel Indonesia,Kab. Bandung,Rp3.400.000 - Rp4.600.000,,,,S1,Minimal 1 tahun,Freelance,"PT Contoh Ritel Indonesia membuka lowongan Kurir Motor. Tanggung jawab: mengantar paket di area kota. Kualifikasi: menguasai SIM C, motor pribadi; mampu bekerja dalam tim; teliti dan bertanggung jawab. Hubungi Ibu Contoh via WA 0812-0000-6496",52,40,Supervisor / Koordinator
S00326,,Kurir Motor,PT Contoh Ritel Indonesia,Kab. Bandung,Rp3.400.000 - Rp4.600.000,,,,S1,Minimal 1 tahun,Freelance,"PT Contoh Ritel Indonesia kembali membuka lowongan Kurir Motor. Tanggung jawab: mengantar paket di area kota. Kualifikasi: menguasai SIM C, motor pribadi; mampu bekerja dalam tim; teliti dan bertanggung jawab. Hubungi Ibu Contoh via WA 0812-0000-6496",42,40,Supervisor / Koordinator
S00327,,HR Generalist,PT Demo Teknologi Nusantara,Kab. Bandung,"3,9 juta",,,,Sarjana / S1,Tanpa pengalaman,Kontrak,"PT Demo Teknologi Nusantara membuka lowongan HR Generalist. Tanggung jawab: mengelola rekrutmen dan administrasi karyawan. Kualifikasi: menguasai rekrutmen, BPJS, payroll; mampu bekerja dalam tim; teliti dan bertanggung jawab. Hubungi Ibu Contoh via WA 0812-0000-2312",54,39,Staff / Officer
S00328,,Cook,PT Demo Konstruksi Utama,Depok,Rp 3-4 jt,,,,D3,Minimal 1 tahun,Kontrak,"PT Demo Konstruksi Utama membuka lowongan Cook. Tanggung jawab: memasak menu restoran sesuai standar. Kualifikasi: menguasai food safety, kerja cepat; mampu bekerja dalam tim; teliti dan bertanggung jawab. Kirim CV ke rekrutmen30@example.com",45,15,
S00329,,Cook,PT Demo Konstruksi Utama,Depok,Rp 3-4 jt,,,,D3,Minimal 1 tahun,Kontrak,"PT Demo Konstruksi Utama kembali membuka lowongan Cook. Tanggung jawab: memasak menu restoran sesuai standar. Kualifikasi: menguasai food safety, kerja cepat; mampu bekerja dalam tim; teliti dan bertanggung jawab. Kirim CV ke rekrutmen30@example.com",37,15,
S00330,,Content Writer,Sekolah Contoh Cendekia,Kota Bandung,"4,5 juta",,,,bachelor degree,Tanpa pengalaman,Full Time,"Sekolah Contoh Cendekia membuka lowongan Content Writer. Tanggung jawab: menulis artikel dan naskah konten. Kualifikasi: menguasai copywriting, SEO; mampu bekerja dalam tim; teliti dan bertanggung jawab. Kirim CV ke rekrutmen71@example.com",25,14,
S00331,,Mekanik Motor,PT Contoh Farma,Jakarta Selatan,Rp4.400.000 - Rp5.600.000,,,,Sarjana / S1,Tanpa pengalaman,Freelance,"PT Contoh Farma membuka lowongan Mekanik Motor. Tanggung jawab: memperbaiki dan merawat sepeda motor. Kualifikasi: menguasai mesin motor, diagnosa; mampu bekerja dalam tim; teliti dan bertanggung jawab. Lamar melalui https://wa.me/6281200035764",21,26,Manager
S00332,,Digital Marketing Specialist,CV Maju Bersama Contoh,Remote,Rp 3-5 jt,,,,S1 semua jurusan,Minimal 1 tahun,FULL_TIME,"CV Maju Bersama Contoh membuka lowongan Digital Marketing Specialist. Tanggung jawab: mengelola iklan digital dan media sosial. Kualifikasi: menguasai Meta Ads, Google Ads; mampu bekerja dalam tim; teliti dan bertanggung jawab. Kirim CV ke rekrutmen32@example.com",16,26,
S00333,,Mekanik Motor,Kedai Kopi Contoh,Jakarta Selatan,Rp 4-5 jt,,,,bachelor degree,Tanpa pengalaman,Kontrak,"Kedai Kopi Contoh membuka lowongan Mekanik Motor. Tanggung jawab: memperbaiki dan merawat sepeda motor. Kualifikasi: menguasai mesin motor, diagnosa; mampu bekerja dalam tim; teliti dan bertanggung jawab. Lamar langsung melalui tombol apply.",52,11,Supervisor / Koordinator
S00334,,Digital Marketing Specialist,PT Demo Teknologi Nusantara,Kota Batam,,,,,SMP,Minimal 1 tahun,Part Time,"PT Demo Teknologi Nusantara membuka lowongan Digital Marketing Specialist. Tanggung jawab: mengelola iklan digital dan media sosial. Kualifikasi: menguasai Meta Ads, Google Ads; mampu bekerja dalam tim; teliti dan bertanggung jawab. Kirim CV ke rekrutmen61@example.com",27,39,
S00335,,Mekanik Motor,Hotel Contoh Nusantara,Bekasi,Dirahasiakan,,,,SMP,3-5 tahun,Kontrak,"Hotel Contoh Nusantara membuka lowongan Mekanik Motor. Tanggung jawab: memperbaiki dan merawat sepeda motor. Kualifikasi: menguasai mesin motor, diagnosa; mampu bekerja dalam tim; teliti dan bertanggung jawab. Lamar melalui https://wa.me/6281200021733",56,30,Manager
S00336,,Tukang Las,PT Demo Konstruksi Utama,Kota Medan,Dirahasiakan,,,,SMP,3-5 tahun,Part Time,"PT Demo Konstruksi Utama membuka lowongan Tukang Las. Tanggung jawab: mengelas konstruksi besi. Kualifikasi: menguasai las listrik, membaca gambar teknik; mampu bekerja dalam tim; teliti dan bertanggung jawab. Lamar langsung melalui tombol apply.",44,8,
S00337,,HR Generalist,PT Fiktif Manufaktur Jaya,Remote,Rp 3-4 jt,,,,Sarjana / S1,,FULL_TIME,"PT Fiktif Manufaktur Jaya membuka lowongan HR Generalist. Tanggung jawab: mengelola rekrutmen dan administrasi karyawan. Kualifikasi: menguasai rekrutmen, BPJS, payroll; mampu bekerja dalam tim; teliti dan bertanggung jawab. Kirim CV ke rekrutmen59@example.com",39,24,Manager
S00338,,Customer Service,PT Contoh Farma,Solo,Rp186rb/hari,,,,SMP,3-5 tahun,FULL_TIME,"PT Contoh Farma membuka lowongan Customer Service. Tanggung jawab: melayani pertanyaan dan keluhan pelanggan. Kualifikasi: menguasai komunikasi, CRM; mampu bekerja dalam tim; teliti dan bertanggung jawab. Lamar langsung melalui tombol apply.",8,21,Staff / Officer
S00339,,Desainer Grafis,PT Contoh Farma,Semarang,Rp 4-6 jt,,,,,Minimal 1 tahun,Kontrak,"PT Contoh Farma membuka lowongan Desainer Grafis. Tanggung jawab: membuat materi visual untuk media sosial. Kualifikasi: menguasai Figma, Adobe Illustrator; mampu bekerja dalam tim; teliti dan bertanggung jawab. Kirim CV ke rekrutmen72@example.com",29,10,Supervisor / Koordinator
S00340,,Kasir,Bengkel Contoh Motor,Kota Bandung,Rp159rb/hari,,,,,min. 2 tahun,Full Time,"Bengkel Contoh Motor membuka lowongan Kasir. Tanggung jawab: melayani transaksi pembayaran di toko. Kualifikasi: menguasai ketelitian, pelayanan; mampu bekerja dalam tim; teliti dan bertanggung jawab. Hubungi Ibu Contoh via WA 0812-0000-6795",43,37,
S00341,,Marketing Manager,Bengkel Contoh Motor,Balikpapan,Rp10.600.000 - Rp13.100.000,,,,,Tanpa pengalaman,Freelance,"Bengkel Contoh Motor membuka lowongan Marketing Manager. Tanggung jawab: menyusun strategi pemasaran dan memimpin tim. Kualifikasi: menguasai strategi pemasaran, kepemimpinan; mampu bekerja dalam tim; teliti dan bertanggung jawab. Hubungi Ibu Contoh via WA 0812-0000-8431",26,24,Entry level
S00342,,Marketing Manager,PT Ilustrasi Pangan Sejahtera,Kota Batam,Rp8.300.000 - Rp9.500.000,,,,Diploma/D1/D2/D3,min. 2 tahun,Magang,"PT Ilustrasi Pangan Sejahtera membuka lowongan Marketing Manager. Tanggung jawab: menyusun strategi pemasaran dan memimpin tim. Kualifikasi: menguasai strategi pemasaran, kepemimpinan; mampu bekerja dalam tim; teliti dan bertanggung jawab. Lamar langsung melalui tombol apply.",52,10,Manager
S00343,,Data Analyst,PT Sampel Logistik Cepat,Semarang,"3,7 juta",,,,Diploma/D1/D2/D3,Fresh graduate,Full Time,"PT Sampel Logistik Cepat membuka lowongan Data Analyst. Tanggung jawab: mengolah data penjualan dan membuat dasbor. Kualifikasi: menguasai SQL, Excel, Tableau; mampu bekerja dalam tim; teliti dan bertanggung jawab. Lamar melalui https://wa.me/6281200042037",48,38,Manager
S00344,,Staff Accounting,PT Sampel Media Kreatif,Malang,Negotiable,,,,D3,Minimal 1 tahun,Full Time,"PT Sampel Media Kreatif membuka lowongan Staff Accounting. Tanggung jawab: mencatat jurnal dan menyusun laporan keuangan bulanan. Kualifikasi: menguasai Accurate, Excel, perpajakan; mampu bekerja dalam tim; teliti dan bertanggung jawab. Hubungi Ibu Contoh via WA 0812-0000-8356",44,13,Entry level
S00345,,Cook,PT Fiktif Manufaktur Jaya,Kota Bandung,,,,,SMP,Tanpa pengalaman,Part Time,"PT Fiktif Manufaktur Jaya membuka lowongan Cook. Tanggung jawab: memasak menu restoran sesuai standar. Kualifikasi: menguasai food safety, kerja cepat; mampu bekerja dalam tim; teliti dan bertanggung jawab. Lamar melalui https://wa.me/6281200010768",8,44,Staff / Officer
S00346,,Cook,PT Fiktif Manufaktur Jaya,Kota Bandung,,,,,SMP,Tanpa pengalaman,Part Time,"PT Fiktif Manufaktur Jaya kembali membuka lowongan Cook. Tanggung jawab: memasak menu restoran sesuai standar. Kualifikasi: menguasai food safety, kerja cepat; mampu bekerja dalam tim; teliti dan bertanggung jawab. Lamar melalui https://wa.me/6281200010768",0,44,Staff / Officer
S00347,,Quality Control,PT Sampel Logistik Cepat,Tangerang,Rp 3-4 jt,,,,Diploma/D1/D2/D3,,FULL_TIME,"PT Sampel Logistik Cepat membuka lowongan Quality Control. Tanggung jawab: memeriksa mutu produk sebelum dikirim. Kualifikasi: menguasai ISO 9001, ketelitian; mampu bekerja dalam tim; teliti dan bertanggung jawab. Lamar langsung melalui tombol apply.",5,12,Entry level
S00348,,Staf Administrasi,PT Demo Konstruksi Utama,Kota Medan,Rp159rb/hari,,,,Minimal SMA/SMK/Sederajat,Tanpa pengalaman,Magang,"PT Demo Konstruksi Utama membuka lowongan Staf Administrasi. Tanggung jawab: mengelola surat dan dokumen kantor. Kualifikasi: menguasai Microsoft Office, arsip; mampu bekerja dalam tim; teliti dan bertanggung jawab. Kirim CV ke rekrutmen39@example.com",21,29,Manager
S00349,,Security,Kedai Kopi Contoh,Tangerang,Rp 3-4 jt,,,,S1,Fresh graduate,Part Time,"Kedai Kopi Contoh membuka lowongan Security. Tanggung jawab: menjaga keamanan area kantor. Kualifikasi: menguasai Gada Pratama, disiplin; mampu bekerja dalam tim; teliti dan bertanggung jawab. Kirim CV ke rekrutmen32@example.com",34,18,Staff / Officer
S00350,,Cleaning Service,PT Demo Teknologi Nusantara,Makassar,"3,7 juta",,,,Diploma/D1/D2/D3,3-5 tahun,Full Time,"PT Demo Teknologi Nusantara membuka lowongan Cleaning Service. Tanggung jawab: menjaga kebersihan area kerja. Kualifikasi: menguasai kebersihan, kerja tim; mampu bekerja dalam tim; teliti dan bertanggung jawab. Hubungi Ibu Contoh via WA 0812-0000-6383",24,20,
S00351,,Apoteker,PT Ilustrasi Pangan Sejahtera,Depok,,,,,,Minimal 1 tahun,Kontrak,"PT Ilustrasi Pangan Sejahtera membuka lowongan Apoteker. Tanggung jawab: mengelola obat dan memberi informasi obat. Kualifikasi: menguasai STRA, farmasi klinis; mampu bekerja dalam tim; teliti dan bertanggung jawab. Lamar melalui https://wa.me/6281200099230",46,15,Entry level
S00352,,Customer Service,PT Demo Konstruksi Utama,Jakarta Selatan,Rp4.300.000 - Rp5.700.000,,,,SMP,Fresh graduate,FULL_TIME,"PT Demo Konstruksi Utama membuka lowongan Customer Service. Tanggung jawab: melayani pertanyaan dan keluhan pelanggan. Kualifikasi: menguasai komunikasi, CRM; mampu bekerja dalam tim; teliti dan bertanggung jawab. Kirim CV ke rekrutmen47@example.com",51,36,
S00353,,Customer Service,Kedai Kopi Contoh,"Denpasar, Bali",Rp 3-5 jt,,,,Diploma/D1/D2/D3,3-5 tahun,Freelance,"Kedai Kopi Contoh membuka lowongan Customer Service. Tanggung jawab: melayani pertanyaan dan keluhan pelanggan. Kualifikasi: menguasai komunikasi, CRM; mampu bekerja dalam tim; teliti dan bertanggung jawab. Kirim CV ke rekrutmen86@example.com",1,8,Supervisor / Koordinator
S00354,,Cook,Kedai Kopi Contoh,Kota Bandung,Negotiable,,,,D3,3-5 tahun,Freelance,"Kedai Kopi Contoh membuka lowongan Cook. Tanggung jawab: memasak menu restoran sesuai standar. Kualifikasi: menguasai food safety, kerja cepat; mampu bekerja dalam tim; teliti dan bertanggung jawab. Lamar melalui https://wa.me/6281200046302",55,34,Manager
S00355,,Frontend Developer,Bengkel Contoh Motor,Tangerang,Negotiable,,,,S1 semua jurusan,12 bulan,Full Time,"Bengkel Contoh Motor membuka lowongan Frontend Developer. Tanggung jawab: mengembangkan antarmuka web yang responsif. Kualifikasi: menguasai JavaScript, React, CSS; mampu bekerja dalam tim; teliti dan bertanggung jawab. Lamar langsung melalui tombol apply.",22,45,
S00356,,Guru Matematika SMP,PT Demo Konstruksi Utama,Semarang,Negotiable,,,,Diploma/D1/D2/D3,,Full Time,"PT Demo Konstruksi Utama membuka lowongan Guru Matematika SMP. Tanggung jawab: mengajar matematika dan menyusun rencana pembelajaran. Kualifikasi: menguasai pedagogi, matematika; mampu bekerja dalam tim; teliti dan bertanggung jawab. Lamar melalui https://wa.me/6281200050507",32,14,Entry level
S00357,,Cook,PT Sampel Media Kreatif,Remote,Dirahasiakan,,,,Minimal SMA/SMK/Sederajat,min. 2 tahun,Freelance,"PT Sampel Media Kreatif membuka lowongan Cook. Tanggung jawab: memasak menu restoran sesuai standar. Kualifikasi: menguasai food safety, kerja cepat; mampu bekerja dalam tim; teliti dan bertanggung jawab. Lamar langsung melalui tombol apply.",42,29,Manager
S00358,,Quality Control,PT Demo Teknologi Nusantara,Palembang,Dirahasiakan,,,,S1,Tanpa pengalaman,Magang,"PT Demo Teknologi Nusantara membuka lowongan Quality Control. Tanggung jawab: memeriksa mutu produk sebelum dikirim. Kualifikasi: menguasai ISO 9001, ketelitian; mampu bekerja dalam tim; teliti dan bertanggung jawab. Kirim CV ke rekrutmen9@example.com",0,20,Manager
S00359,,Perawat,PT Ilustrasi Pangan Sejahtera,Kota Bandung,,,,,S1,3-5 tahun,Kontrak,"PT Ilustrasi Pangan Sejahtera membuka lowongan Perawat. Tanggung jawab: memberikan asuhan keperawatan kepada pasien. Kualifikasi: menguasai STR aktif, BTCLS; mampu bekerja dalam tim; teliti dan bertanggung jawab. Lamar melalui https://wa.me/6281200030607",20,31,
S00360,,Barista,PT Demo Konstruksi Utama,"Denpasar, Bali",Rp 3-3 jt,,,,D3,Fresh graduate,Part Time,"PT Demo Konstruksi Utama membuka lowongan Barista. Tanggung jawab: menyiapkan minuman kopi dan melayani pelanggan. Kualifikasi: menguasai pelayanan, kebersihan; mampu bekerja dalam tim; teliti dan bertanggung jawab. Hubungi Ibu Contoh via WA 0812-0000-1241",52,35,Entry level
S00361,,Apoteker,PT Contoh Farma,Surabaya,Rp422rb/hari,,,,D3,min. 2 tahun,FULL_TIME,"PT Contoh Farma membuka lowongan Apoteker. Tanggung jawab: mengelola obat dan memberi informasi obat. Kualifikasi: menguasai STRA, farmasi klinis; mampu bekerja dalam tim; teliti dan bertanggung jawab. Hubungi Ibu Contoh via WA 0812-0000-7213",51,41,Entry level
S00362,,Tukang Las,PT Sampel Logistik Cepat,Kota Tangerang Selatan,Rp 3-4 jt,,,,S1,Tanpa pengalaman,Kontrak,"PT Sampel Logistik Cepat membuka lowongan Tukang Las. Tanggung jawab: mengelas konstruksi besi. Kualifikasi: menguasai las listrik, membaca gambar teknik; mampu bekerja dalam tim; teliti dan bertanggung jawab. Lamar langsung melalui tombol apply.",16,8,Staff / Officer
S00363,,Cleaning Service,PT Demo Konstruksi Utama,Solo,,,,,S1 semua jurusan,Fresh graduate,Magang,"PT Demo Konstruksi Utama membuka lowongan Cleaning Service. Tanggung jawab: menjaga kebersihan area kerja. Kualifikasi: menguasai kebersihan, kerja tim; mampu bekerja dalam tim; teliti dan bertanggung jawab. Lamar langsung melalui tombol apply.",39,31,Supervisor / Koordinator
S00364,,Guru Matematika SMP,PT Demo Teknologi Nusantara,"Denpasar, Bali",Negotiable,,,,bachelor degree,Minimal 1 tahun,Kontrak,"PT Demo Teknologi Nusantara membuka lowongan Guru Matematika SMP. Tanggung jawab: mengajar matematika dan menyusun rencana pembelajaran. Kualifikasi: menguasai pedagogi, matematika; mampu bekerja dalam tim; teliti dan bertanggung jawab. Lamar langsung melalui tombol apply.",25,44,Entry level
S00365,,Admin Gudang,PT Sampel Logistik Cepat,Palembang,Rp186rb/hari,,,,D3,min. 2 tahun,Full Time,"PT Sampel Logistik Cepat membuka lowongan Admin Gudang. Tanggung jawab: mencatat stok masuk dan keluar barang. Kualifikasi: menguasai Excel, ketelitian; mampu bekerja dalam tim; teliti dan bertanggung jawab. Lamar melalui https://wa.me/6281200066686",56,7,Entry level
S00366,,Marketing Manager,Klinik Contoh Sehat,"Denpasar, Bali",Negotiable,,,,D3,Tanpa pengalaman,Part Time,"Klinik Contoh Sehat membuka lowongan Marketing Manager. Tanggung jawab: menyusun strategi pemasaran dan memimpin tim. Kualifikasi: menguasai strategi pemasaran, kepemimpinan; mampu bekerja dalam tim; teliti dan bertanggung jawab. Lamar langsung melalui tombol apply.",37,11,Manager
S00367,,Staf Administrasi,PT Contoh Ritel Indonesia,Kota Tangerang Selatan,Dirahasiakan,,,,bachelor degree,,Magang,"PT Contoh Ritel Indonesia membuka lowongan Staf Administrasi. Tanggung jawab: mengelola surat dan dokumen kantor. Kualifikasi: menguasai Microsoft Office, arsip; mampu bekerja dalam tim; teliti dan bertanggung jawab. Lamar melalui https://wa.me/6281200020851",21,38,Entry level
S00368,,Guru Matematika SMP,PT Sampel Logistik Cepat,Kab. Bandung,Rp 4-6 jt,,,,Diploma/D1/D2/D3,Tanpa pengalaman,Full Time,"PT Sampel Logistik Cepat membuka lowongan Guru Matematika SMP. Tanggung jawab: mengajar matematika dan menyusun rencana pembelajaran. Kualifikasi: menguasai pedagogi, matematika; mampu bekerja dalam tim; teliti dan bertanggung jawab. Hubungi Ibu Contoh via WA 0812-0000-5163",14,34,Supervisor / Koordinator
S00369,,Digital Marketing Specialist,PT Contoh Ritel Indonesia,Jaksel,"3,7 juta",,,,S1 semua jurusan,Minimal 1 tahun,Part Time,"PT Contoh Ritel Indonesia membuka lowongan Digital Marketing Specialist. Tanggung jawab: mengelola iklan digital dan media sosial. Kualifikasi: menguasai Meta Ads, Google Ads; mampu bekerja dalam tim; teliti dan bertanggung jawab. Lamar melalui https://wa.me/6281200023374",50,16,Entry level
S00370,,Apoteker,Sekolah Contoh Cendekia,Malang,Rp 8-12 jt,,,,,Minimal 1 tahun,Freelance,"Sekolah Contoh Cendekia membuka lowongan Apoteker. Tanggung jawab: mengelola obat dan memberi informasi obat. Kualifikasi: menguasai STRA, farmasi klinis; mampu bekerja dalam tim; teliti dan bertanggung jawab. Kirim CV ke rekrutmen52@example.com",37,30,
S00371,,Customer Service,PT Contoh Ritel Indonesia,Makassar,Rp4.000.000 - Rp5.700.000,,,,SMP,3-5 tahun,Part Time,"PT Contoh Ritel Indonesia membuka lowongan Customer Service. Tanggung jawab: melayani pertanyaan dan keluhan pelanggan. Kualifikasi: menguasai komunikasi, CRM; mampu bekerja dalam tim; teliti dan bertanggung jawab. Lamar melalui https://wa.me/6281200092251",29,39,Entry level
S00372,,Software Engineer Backend,Bengkel Contoh Motor,"Denpasar, Bali",,,,,SMA/SMK,Minimal 1 tahun,Full Time,"Bengkel Contoh Motor membuka lowongan Software Engineer Backend. Tanggung jawab: membangun dan memelihara layanan API. Kualifikasi: menguasai Python, SQL, Docker; mampu bekerja dalam tim; teliti dan bertanggung jawab. Kirim CV ke rekrutmen83@example.com",34,33,Entry level
S00373,,Cleaning Service,PT Sampel Logistik Cepat,"Denpasar, Bali",Dirahasiakan,,,,D3,3-5 tahun,Freelance,"PT Sampel Logistik Cepat membuka lowongan Cleaning Service. Tanggung jawab: menjaga kebersihan area kerja. Kualifikasi: menguasai kebersihan, kerja tim; mampu bekerja dalam tim; teliti dan bertanggung jawab. Lamar langsung melalui tombol apply.",44,18,Supervisor / Koordinator
S00374,,Content Writer,PT Ilustrasi Pangan Sejahtera,Kota Batam,Rp4.300.000 - Rp6.200.000,,,,Minimal SMA/SMK/Sederajat,,Freelance,"PT Ilustrasi Pangan Sejahtera membuka lowongan Content Writer. Tanggung jawab: menulis artikel dan naskah konten. Kualifikasi: menguasai copywriting, SEO; mampu bekerja dalam tim; teliti dan bertanggung jawab. Hubungi Ibu Contoh via WA 0812-0000-1773",55,21,Manager
S00375,,Kurir Motor,Klinik Contoh Sehat,Kota Batam,Dirahasiakan,,,,S1 semua jurusan,Minimal 1 tahun,Magang,"Klinik Contoh Sehat membuka lowongan Kurir Motor. Tanggung jawab: mengantar paket di area kota. Kualifikasi: menguasai SIM C, motor pribadi; mampu bekerja dalam tim; teliti dan bertanggung jawab. Hubungi Ibu Contoh via WA 0812-0000-7088",9,23,Entry level
S00376,,HR Generalist,CV Maju Bersama Contoh,Kota Tangerang Selatan,Rp3.600.000 - Rp4.100.000,,,,D3,min. 2 tahun,FULL_TIME,"CV Maju Bersama Contoh membuka lowongan HR Generalist. Tanggung jawab: mengelola rekrutmen dan administrasi karyawan. Kualifikasi: menguasai rekrutmen, BPJS, payroll; mampu bekerja dalam tim; teliti dan bertanggung jawab. Kirim CV ke rekrutmen3@example.com",25,27,Entry level
S00377,,Kasir,Kedai Kopi Contoh,Tangerang,Rp154rb/hari,,,,S1,Minimal 1 tahun,Kontrak,"Kedai Kopi Contoh membuka lowongan Kasir. Tanggung jawab: melayani transaksi pembayaran di toko. Kualifikasi: menguasai ketelitian, pelayanan; mampu bekerja dalam tim; teliti dan bertanggung jawab. Lamar langsung melalui tombol apply.",29,31,Staff / Officer
S00378,,Kasir,Kedai Kopi Contoh,Tangerang,Rp154rb/hari,,,,S1,Minimal 1 tahun,Kontrak,"Kedai Kopi Contoh kembali membuka lowongan Kasir. Tanggung jawab: melayani transaksi pembayaran di toko. Kualifikasi: menguasai ketelitian, pelayanan; mampu bekerja dalam tim; teliti dan bertanggung jawab. Lamar langsung melalui tombol apply.",28,31,Staff / Officer
S00379,,Frontend Developer,CV Maju Bersama Contoh,Balikpapan,"9,7 juta",,,,,Tanpa pengalaman,Part Time,"CV Maju Bersama Contoh membuka lowongan Frontend Developer. Tanggung jawab: mengembangkan antarmuka web yang responsif. Kualifikasi: menguasai JavaScript, React, CSS; mampu bekerja dalam tim; teliti dan bertanggung jawab. Lamar melalui https://wa.me/6281200015409",20,39,Manager
S00380,,Frontend Developer,CV Maju Bersama Contoh,Balikpapan,"9,7 juta",,,,,Tanpa pengalaman,Part Time,"CV Maju Bersama Contoh kembali membuka lowongan Frontend Developer. Tanggung jawab: mengembangkan antarmuka web yang responsif. Kualifikasi: menguasai JavaScript, React, CSS; mampu bekerja dalam tim; teliti dan bertanggung jawab. Lamar melalui https://wa.me/6281200015409",10,39,Manager
S00381,,Digital Marketing Specialist,Bengkel Contoh Motor,Kota Medan,Rp 3-4 jt,,,,Minimal SMA/SMK/Sederajat,Tanpa pengalaman,Freelance,"Bengkel Contoh Motor membuka lowongan Digital Marketing Specialist. Tanggung jawab: mengelola iklan digital dan media sosial. Kualifikasi: menguasai Meta Ads, Google Ads; mampu bekerja dalam tim; teliti dan bertanggung jawab. Hubungi Ibu Contoh via WA 0812-0000-8858",58,28,
S00382,,Cook,PT Demo Konstruksi Utama,Tangerang,Negotiable,,,,SMA/SMK,3-5 tahun,Full Time,"PT Demo Konstruksi Utama membuka lowongan Cook. Tanggung jawab: memasak menu restoran sesuai standar. Kualifikasi: menguasai food safety, kerja cepat; mampu bekerja dalam tim; teliti dan bertanggung jawab. Kirim CV ke rekrutmen17@example.com",58,13,Supervisor / Koordinator
S00383,,Desainer Grafis,Klinik Contoh Sehat,Jaksel,Rp4.600.000 - Rp6.100.000,,,,bachelor degree,Minimal 1 tahun,Freelance,"Klinik Contoh Sehat membuka lowongan Desainer Grafis. Tanggung jawab: membuat materi visual untuk media sosial. Kualifikasi: menguasai Figma, Adobe Illustrator; mampu bekerja dalam tim; teliti dan bertanggung jawab. Hubungi Ibu Contoh via WA 0812-0000-1141",18,12,
S00384,,Customer Service,PT Contoh Ritel Indonesia,Depok,Rp 3-5 jt,,,,SMA/SMK,Minimal 1 tahun,Kontrak,"PT Contoh Ritel Indonesia membuka lowongan Customer Service. Tanggung jawab: melayani pertanyaan dan keluhan pelanggan. Kualifikasi: menguasai komunikasi, CRM; mampu bekerja dalam tim; teliti dan bertanggung jawab. Lamar melalui https://wa.me/6281200015398",57,23,Entry level
S00385,,Security,Sekolah Contoh Cendekia,Makassar,"2,8 juta",,,,Diploma/D1/D2/D3,Minimal 1 tahun,FULL_TIME,"Sekolah Contoh Cendekia membuka lowongan Security. Tanggung jawab: menjaga keamanan area kantor. Kualifikasi: menguasai Gada Pratama, disiplin; mampu bekerja dalam tim; teliti dan bertanggung jawab. Lamar melalui https://wa.me/6281200087779",5,12,
S00386,,Teknisi Listrik,PT Contoh Farma,Kota Tangerang Selatan,"4,6 juta",,,,S1 semua jurusan,Tanpa pengalaman,Part Time,"PT Contoh Farma membuka lowongan Teknisi Listrik. Tanggung jawab: memasang dan merawat instalasi listrik gedung. Kualifikasi: menguasai instalasi listrik, K3; mampu bekerja dalam tim; teliti dan bertanggung jawab. Lamar langsung melalui tombol apply.",43,36,
S00387,,Apoteker,Hotel Contoh Nusantara,Kota Batam,Rp 7-9 jt,,,,Sarjana / S1,12 bulan,Part Time,"Hotel Contoh Nusantara membuka lowongan Apoteker. Tanggung jawab: mengelola obat dan memberi informasi obat. Kualifikasi: menguasai STRA, farmasi klinis; mampu bekerja dalam tim; teliti dan bertanggung jawab. Lamar langsung melalui tombol apply.",2,26,Entry level
S00388,,Apoteker,Hotel Contoh Nusantara,Kota Batam,Rp 7-9 jt,,,,Sarjana / S1,12 bulan,Part Time,"Hotel Contoh Nusantara kembali membuka lowongan Apoteker. Tanggung jawab: mengelola obat dan memberi informasi obat. Kualifikasi: menguasai STRA, farmasi klinis; mampu bekerja dalam tim; teliti dan bertanggung jawab. Lamar langsung melalui tombol apply.",0,26,Entry level
S00389,,Marketing Manager,PT Sampel Media Kreatif,Jakarta Selatan,Rp9.200.000 - Rp10.700.000,,,,S1,3-5 tahun,FULL_TIME,"PT Sampel Media Kreatif membuka lowongan Marketing Manager. Tanggung jawab: menyusun strategi pemasaran dan memimpin tim. Kualifikasi: menguasai strategi pemasaran, kepemimpinan; mampu bekerja dalam tim; teliti dan bertanggung jawab. Lamar melalui https://wa.me/6281200024195",22,24,Manager
S00390,,Marketing Manager,PT Sampel Media Kreatif,Jakarta Selatan,Rp9.200.000 - Rp10.700.000,,,,S1,3-5 tahun,FULL_TIME,"PT Sampel Media Kreatif kembali membuka lowongan Marketing Manager. Tanggung jawab: menyusun strategi pemasaran dan memimpin tim. Kualifikasi: menguasai strategi pemasaran, kepemimpinan; mampu bekerja dalam tim; teliti dan bertanggung jawab. Lamar melalui https://wa.me/6281200024195",16,24,Manager
S00391,,Cleaning Service,PT Contoh Farma,Jaksel,Rp 3-4 jt,,,,S1 semua jurusan,min. 2 tahun,Full Time,"PT Contoh Farma membuka lowongan Cleaning Service. Tanggung jawab: menjaga kebersihan area kerja. Kualifikasi: menguasai kebersihan, kerja tim; mampu bekerja dalam tim; teliti dan bertanggung jawab. Lamar langsung melalui tombol apply.",1,36,Staff / Officer
S00392,,Software Engineer Backend,PT Sampel Logistik Cepat,Makassar,Rp9.300.000 - Rp12.500.000,,,,Minimal SMA/SMK/Sederajat,Fresh graduate,FULL_TIME,"PT Sampel Logistik Cepat membuka lowongan Software Engineer Backend. Tanggung jawab: membangun dan memelihara layanan API. Kualifikasi: menguasai Python, SQL, Docker; mampu bekerja dalam tim; teliti dan bertanggung jawab. Hubungi Ibu Contoh via WA 0812-0000-9722",29,26,Supervisor / Koordinator
S00393,,Software Engineer Backend,PT Sampel Logistik Cepat,Makassar,Rp9.300.000 - Rp12.500.000,,,,Minimal SMA/SMK/Sederajat,Fresh graduate,FULL_TIME,"PT Sampel Logistik Cepat kembali membuka lowongan Software Engineer Backend. Tanggung jawab: membangun dan memelihara layanan API. Kualifikasi: menguasai Python, SQL, Docker; mampu bekerja dalam tim; teliti dan bertanggung jawab. Hubungi Ibu Contoh via WA 0812-0000-9722",23,26,Supervisor / Koordinator
S00394,,Pramuniaga,PT Contoh Farma,Kab. Bandung,Rp3.100.000 - Rp4.600.000,,,,,Tanpa pengalaman,Full Time,"PT Contoh Farma membuka lowongan Pramuniaga. Tanggung jawab: melayani pembeli dan merapikan barang. Kualifikasi: menguasai pelayanan, komunikasi; mampu bekerja dalam tim; teliti dan bertanggung jawab. Hubungi Ibu Contoh via WA 0812-0000-6761",29,20,
S00395,,Apoteker,Sekolah Contoh Cendekia,Kota Tangerang Selatan,Dirahasiakan,,,,SMP,,Part Time,"Sekolah Contoh Cendekia membuka lowongan Apoteker. Tanggung jawab: mengelola obat dan memberi informasi obat. Kualifikasi: menguasai STRA, farmasi klinis; mampu bekerja dalam tim; teliti dan bertanggung jawab. Hubungi Ibu Contoh via WA 0812-0000-8370",31,42,
S00396,,Admin Gudang,PT Contoh Sinar Abadi,Palembang,"4,5 juta",,,,SMP,12 bulan,Freelance,"PT Contoh Sinar Abadi membuka lowongan Admin Gudang. Tanggung jawab: mencatat stok masuk dan keluar barang. Kualifikasi: menguasai Excel, ketelitian; mampu bekerja dalam tim; teliti dan bertanggung jawab. Lamar langsung melalui tombol apply.",28,41,Entry level
S00397,,Admin Gudang,PT Contoh Sinar Abadi,Palembang,"4,5 juta",,,,SMP,12 bulan,Freelance,"PT Contoh Sinar Abadi kembali membuka lowongan Admin Gudang. Tanggung jawab: mencatat stok masuk dan keluar barang. Kualifikasi: menguasai Excel, ketelitian; mampu bekerja dalam tim; teliti dan bertanggung jawab. Lamar langsung melalui tombol apply.",24,41,Entry level
S00398,,Pramuniaga,PT Contoh Ritel Indonesia,Bekasi,Negotiable,,,,Minimal SMA/SMK/Sederajat,Tanpa pengalaman,Freelance,"PT Contoh Ritel Indonesia membuka lowongan Pramuniaga. Tanggung jawab: melayani pembeli dan merapikan barang. Kualifikasi: menguasai pelayanan, komunikasi; mampu bekerja dalam tim; teliti dan bertanggung jawab. Lamar langsung melalui tombol apply.",53,40,Staff / Officer
S00399,,Perawat,Sekolah Contoh Cendekia,Makassar,Rp3.600.000 - Rp4.700.000,,,,SMA/SMK,,Part Time,"Sekolah Contoh Cendekia membuka lowongan Perawat. Tanggung jawab: memberikan asuhan keperawatan kepada pasien. Kualifikasi: menguasai STR aktif, BTCLS; mampu bekerja dalam tim; teliti dan bertanggung jawab. Lamar langsung melalui tombol apply.",40,31,Entry level
S00400,,Cleaning Service,CV Maju Bersama Contoh,Balikpapan,"2,9 juta",,,,SMA/SMK,3-5 tahun,Full Time,"CV Maju Bersama Contoh membuka lowongan Cleaning Service. Tanggung jawab: menjaga kebersihan area kerja. Kualifikasi: menguasai kebersihan, kerja tim; mampu bekerja dalam tim; teliti dan bertanggung jawab. Hubungi Ibu Contoh via WA 0812-0000-6808",32,28,Entry level
S00401,,Software Engineer Backend,PT Ilustrasi Pangan Sejahtera,Depok,Dirahasiakan,,,,Diploma/D1/D2/D3,Minimal 1 tahun,Full Time,"PT Ilustrasi Pangan Sejahtera membuka lowongan Software Engineer Backend. Tanggung jawab: membangun dan memelihara layanan API. Kualifikasi: menguasai Python, SQL, Docker; mampu bekerja dalam tim; teliti dan bertanggung jawab. Lamar melalui https://wa.me/6281200061701",10,23,
S00402,,Software Engineer Backend,PT Ilustrasi Pangan Sejahtera,Depok,Dirahasiakan,,,,Diploma/D1/D2/D3,Minimal 1 tahun,Full Time,"PT Ilustrasi Pangan Sejahtera kembali membuka lowongan Software Engineer Backend. Tanggung jawab: membangun dan memelihara layanan API. Kualifikasi: menguasai Python, SQL, Docker; mampu bekerja dalam tim; teliti dan bertanggung jawab. Lamar melalui https://wa.me/6281200061701",7,23,
S00403,,Cook,PT Contoh Sinar Abadi,Kota Bandung,Rp159rb/hari,,,,D3,Minimal 1 tahun,Magang,"PT Contoh Sinar Abadi membuka lowongan Cook. Tanggung jawab: memasak menu restoran sesuai standar. Kualifikasi: menguasai food safety, kerja cepat; mampu bekerja dalam tim; teliti dan bertanggung jawab. Kirim CV ke rekrutmen91@example.com",49,20,Staff / Officer
S00404,,Admin Gudang,Sekolah Contoh Cendekia,Malang,"4,4 juta",,,,SMP,min. 2 tahun,Part Time,"Sekolah Contoh Cendekia membuka lowongan Admin Gudang. Tanggung jawab: mencatat stok masuk dan keluar barang. Kualifikasi: menguasai Excel, ketelitian; mampu bekerja dalam tim; teliti dan bertanggung jawab. Lamar langsung melalui tombol apply.",20,7,Staff / Officer
S00405,,Kasir,PT Demo Konstruksi Utama,Remote,Negotiable,,,,SMA/SMK,,Part Time,"PT Demo Konstruksi Utama membuka lowongan Kasir. Tanggung jawab: melayani transaksi pembayaran di toko. Kualifikasi: menguasai ketelitian, pelayanan; mampu bekerja dalam tim; teliti dan bertanggung jawab. Kirim CV ke rekrutmen85@example.com",17,9,Entry level
S00406,,Tukang Las,PT Fiktif Manufaktur Jaya,Kota Batam,Rp4.100.000 - Rp5.000.000,,,,Sarjana / S1,12 bulan,Full Time,"PT Fiktif Manufaktur Jaya membuka lowongan Tukang Las. Tanggung jawab: mengelas konstruksi besi. Kualifikasi: menguasai las listrik, membaca gambar teknik; mampu bekerja dalam tim; teliti dan bertanggung jawab. Hubungi Ibu Contoh via WA 0812-0000-3383",48,26,Entry level
S00407,,Barista,Kedai Kopi Contoh,Tangerang,Rp2.800.000 - Rp3.700.000,,,,Sarjana / S1,min. 2 tahun,Part Time,"Kedai Kopi Contoh membuka lowongan Barista. Tanggung jawab: menyiapkan minuman kopi dan melayani pelanggan. Kualifikasi: menguasai pelayanan, kebersihan; mampu bekerja dalam tim; teliti dan bertanggung jawab. Hubungi Ibu Contoh via WA 0812-0000-1685",5,35,Staff / Officer
S00408,,Customer Service,PT Contoh Farma,Malang,Dirahasiakan,,,,S1 semua jurusan,min. 2 tahun,Part Time,"PT Contoh Farma membuka lowongan Customer Service. Tanggung jawab: melayani pertanyaan dan keluhan pelanggan. Kualifikasi: menguasai komunikasi, CRM; mampu bekerja dalam tim; teliti dan bertanggung jawab. Kirim CV ke rekrutmen70@example.com",9,28,Supervisor / Koordinator
S00409,,Staf Administrasi,Klinik Contoh Sehat,Kota Tangerang Selatan,Rp4.200.000 - Rp5.900.000,,,,S1,Minimal 1 tahun,Freelance,"Klinik Contoh Sehat membuka lowongan Staf Administrasi. Tanggung jawab: mengelola surat dan dokumen kantor. Kualifikasi: menguasai Microsoft Office, arsip; mampu bekerja dalam tim; teliti dan bertanggung jawab. Lamar langsung melalui tombol apply.",51,38,
S00410,,Desainer Grafis,Sekolah Contoh Cendekia,Kota Tangerang Selatan,Dirahasiakan,,,,Sarjana / S1,3-5 tahun,Magang,"Sekolah Contoh Cendekia membuka lowongan Desainer Grafis. Tanggung jawab: membuat materi visual untuk media sosial. Kualifikasi: menguasai Figma, Adobe Illustrator; mampu bekerja dalam tim; teliti dan bertanggung jawab. Kirim CV ke rekrutmen22@example.com",7,29,Manager
S00411,,Driver Pengiriman,Sekolah Contoh Cendekia,Bekasi,Dirahasiakan,,,,bachelor degree,Tanpa pengalaman,Part Time,"Sekolah Contoh Cendekia membuka lowongan Driver Pengiriman. Tanggung jawab: mengantar barang ke pelanggan tepat waktu. Kualifikasi: menguasai SIM B1, mengenal rute; mampu bekerja dalam tim; teliti dan bertanggung jawab. Lamar langsung melalui tombol apply.",48,40,Supervisor / Koordinator
S00412,,Guru Matematika SMP,Sekolah Contoh Cendekia,Tangerang,Dirahasiakan,,,,SMP,12 bulan,Full Time,"Sekolah Contoh Cendekia membuka lowongan Guru Matematika SMP. Tanggung jawab: mengajar matematika dan menyusun rencana pembelajaran. Kualifikasi: menguasai pedagogi, matematika; mampu bekerja dalam tim; teliti dan bertanggung jawab. Hubungi Ibu Contoh via WA 0812-0000-1062",27,21,Entry level
S00413,,Kurir Motor,PT Contoh Sinar Abadi,Bekasi,Dirahasiakan,,,,Diploma/D1/D2/D3,3-5 tahun,Kontrak,"PT Contoh Sinar Abadi membuka lowongan Kurir Motor. Tanggung jawab: mengantar paket di area kota. Kualifikasi: menguasai SIM C, motor pribadi; mampu bekerja dalam tim; teliti dan bertanggung jawab. Lamar melalui https://wa.me/6281200034541",47,33,
S00414,,Kurir Motor,PT Contoh Sinar Abadi,Bekasi,Dirahasiakan,,,,Diploma/D1/D2/D3,3-5 tahun,Kontrak,"PT Contoh Sinar Abadi kembali membuka lowongan Kurir Motor. Tanggung jawab: mengantar paket di area kota. Kualifikasi: menguasai SIM C, motor pribadi; mampu bekerja dalam tim; teliti dan bertanggung jawab. Lamar melalui https://wa.me/6281200034541",41,33,
S00415,,Barista,PT Contoh Farma,Kab. Bandung,Negotiable,,,,Diploma/D1/D2/D3,Minimal 1 tahun,Kontrak,"PT Contoh Farma membuka lowongan Barista. Tanggung jawab: menyiapkan minuman kopi dan melayani pelanggan. Kualifikasi: menguasai pelayanan, kebersihan; mampu bekerja dalam tim; teliti dan bertanggung jawab. Kirim CV ke rekrutmen77@example.com",32,18,Manager
S00416,,Sales Executive,PT Demo Teknologi Nusantara,Depok,Rp163rb/hari,,,,S1,min. 2 tahun,Part Time,"PT Demo Teknologi Nusantara membuka lowongan Sales Executive. Tanggung jawab: mencari pelanggan baru dan mencapai target penjualan. Kualifikasi: menguasai negosiasi, komunikasi; mampu bekerja dalam tim; teliti dan bertanggung jawab. Kirim CV ke rekrutmen66@example.com",57,45,Supervisor / Koordinator
S00417,,Barista,PT Contoh Farma,Bekasi,Dirahasiakan,,,,S1 semua jurusan,min. 2 tahun,Magang,"PT Contoh Farma membuka lowongan Barista. Tanggung jawab: menyiapkan minuman kopi dan melayani pelanggan. Kualifikasi: menguasai pelayanan, kebersihan; mampu bekerja dalam tim; teliti dan bertanggung jawab. Lamar langsung melalui tombol apply.",26,19,
S00418,,Pramuniaga,CV Maju Bersama Contoh,Remote,Rp3.400.000 - Rp4.800.000,,,,Minimal SMA/SMK/Sederajat,Tanpa pengalaman,Kontrak,"CV Maju Bersama Contoh membuka lowongan Pramuniaga. Tanggung jawab: melayani pembeli dan merapikan barang. Kualifikasi: menguasai pelayanan, komunikasi; mampu bekerja dalam tim; teliti dan bertanggung jawab. Kirim CV ke rekrutmen68@example.com",7,14,Supervisor / Koordinator
S00419,,Pramuniaga,CV Maju Bersama Contoh,Remote,Rp3.400.000 - Rp4.800.000,,,,Minimal SMA/SMK/Sederajat,Tanpa pengalaman,Kontrak,"CV Maju Bersama Contoh kembali membuka lowongan Pramuniaga. Tanggung jawab: melayani pembeli dan merapikan barang. Kualifikasi: menguasai pelayanan, komunikasi; mampu bekerja dalam tim; teliti dan bertanggung jawab. Kirim CV ke rekrutmen68@example.com",3,14,Supervisor / Koordinator
S00420,,Software Engineer Backend,Hotel Contoh Nusantara,Depok,"9,3 juta",,,,Diploma/D1/D2/D3,Tanpa pengalaman,FULL_TIME,"Hotel Contoh Nusantara membuka lowongan Software Engineer Backend. Tanggung jawab: membangun dan memelihara layanan API. Kualifikasi: menguasai Python, SQL, Docker; mampu bekerja dalam tim; teliti dan bertanggung jawab. Lamar langsung melalui tombol apply.",45,7,Supervisor / Koordinator
S00421,,Cleaning Service,PT Sampel Logistik Cepat,Kota Batam,Rp2.700.000 - Rp3.600.000,,,,Minimal SMA/SMK/Sederajat,Tanpa pengalaman,Kontrak,"PT Sampel Logistik Cepat membuka lowongan Cleaning Service. Tanggung jawab: menjaga kebersihan area kerja. Kualifikasi: menguasai kebersihan, kerja tim; mampu bekerja dalam tim; teliti dan bertanggung jawab. Lamar langsung melalui tombol apply.",30,41,Manager
S00422,,Staff Accounting,Hotel Contoh Nusantara,Sleman,,,,,Diploma/D1/D2/D3,Minimal 1 tahun,Full Time,"Hotel Contoh Nusantara membuka lowongan Staff Accounting. Tanggung jawab: mencatat jurnal dan menyusun laporan keuangan bulanan. Kualifikasi: menguasai Accurate, Excel, perpajakan; mampu bekerja dalam tim; teliti dan bertanggung jawab. Lamar melalui https://wa.me/6281200049227",20,7,Entry level
S00423,,Perawat,Sekolah Contoh Cendekia,Semarang,Rp4.100.000 - Rp4.700.000,,,,bachelor degree,min. 2 tahun,Part Time,"Sekolah Contoh Cendekia membuka lowongan Perawat. Tanggung jawab: memberikan asuhan keperawatan kepada pasien. Kualifikasi: menguasai STR aktif, BTCLS; mampu bekerja dalam tim; teliti dan bertanggung jawab. Lamar melalui https://wa.me/6281200034678",8,45,Supervisor / Koordinator
S00424,,Software Engineer Backend,Bengkel Contoh Motor,Jakarta Selatan,"9,3 juta",,,,SMP,Tanpa pengalaman,Freelance,"Bengkel Contoh Motor membuka lowongan Software Engineer Backend. Tanggung jawab: membangun dan memelihara layanan API. Kualifikasi: menguasai Python, SQL, Docker; mampu bekerja dalam tim; teliti dan bertanggung jawab. Lamar melalui https://wa.me/6281200065060",36,32,Manager
S00425,,Software Engineer Backend,PT Contoh Sinar Abadi,Surabaya,Negotiable,,,,Minimal SMA/SMK/Sederajat,12 bulan,Freelance,"PT Contoh Sinar Abadi membuka lowongan Software Engineer Backend. Tanggung jawab: membangun dan memelihara layanan API. Kualifikasi: menguasai Python, SQL, Docker; mampu bekerja dalam tim; teliti dan bertanggung jawab. Kirim CV ke rekrutmen38@example.com",57,23,Entry level
S00426,,Software Engineer Backend,PT Contoh Sinar Abadi,Surabaya,Negotiable,,,,Minimal SMA/SMK/Sederajat,12 bulan,Freelance,"PT Contoh Sinar Abadi kembali membuka lowongan Software Engineer Backend. Tanggung jawab: membangun dan memelihara layanan API. Kualifikasi: menguasai Python, SQL, Docker; mampu bekerja dalam tim; teliti dan bertanggung jawab. Kirim CV ke rekrutmen38@example.com",52,23,Entry level
S00427,,Security,PT Ilustrasi Pangan Sejahtera,Palembang,Rp 3-4 jt,,,,Diploma/D1/D2/D3,Tanpa pengalaman,Freelance,"PT Ilustrasi Pangan Sejahtera membuka lowongan Security. Tanggung jawab: menjaga keamanan area kantor. Kualifikasi: menguasai Gada Pratama, disiplin; mampu bekerja dalam tim; teliti dan bertanggung jawab. Lamar langsung melalui tombol apply.",6,24,Supervisor / Koordinator
S00428,,Content Writer,PT Contoh Sinar Abadi,Jakarta Selatan,Dirahasiakan,,,,SMP,Fresh graduate,Freelance,"PT Contoh Sinar Abadi membuka lowongan Content Writer. Tanggung jawab: menulis artikel dan naskah konten. Kualifikasi: menguasai copywriting, SEO; mampu bekerja dalam tim; teliti dan bertanggung jawab. Hubungi Ibu Contoh via WA 0812-0000-5100",41,39,Supervisor / Koordinator
S00429,,Perawat,Kedai Kopi Contoh,Bekasi,Rp3.800.000 - Rp5.000.000,,,,,Minimal 1 tahun,FULL_TIME,"Kedai Kopi Contoh membuka lowongan Perawat. Tanggung jawab: memberikan asuhan keperawatan kepada pasien. Kualifikasi: menguasai STR aktif, BTCLS; mampu bekerja dalam tim; teliti dan bertanggung jawab. Kirim CV ke rekrutmen5@example.com",53,23,Manager
S00430,,Frontend Developer,Kedai Kopi Contoh,Balikpapan,Dirahasiakan,,,,bachelor degree,Minimal 1 tahun,Full Time,"Kedai Kopi Contoh membuka lowongan Frontend Developer. Tanggung jawab: mengembangkan antarmuka web yang responsif. Kualifikasi: menguasai JavaScript, React, CSS; mampu bekerja dalam tim; teliti dan bertanggung jawab. Lamar langsung melalui tombol apply.",9,30,
S00431,,Frontend Developer,PT Ilustrasi Pangan Sejahtera,Kota Medan,,,,,S1 semua jurusan,3-5 tahun,Full Time,"PT Ilustrasi Pangan Sejahtera membuka lowongan Frontend Developer. Tanggung jawab: mengembangkan antarmuka web yang responsif. Kualifikasi: menguasai JavaScript, React, CSS; mampu bekerja dalam tim; teliti dan bertanggung jawab. Kirim CV ke rekrutmen81@example.com",22,10,Entry level
S00432,,Quality Control,PT Demo Konstruksi Utama,Jaksel,Negotiable,,,,,Minimal 1 tahun,Part Time,"PT Demo Konstruksi Utama membuka lowongan Quality Control. Tanggung jawab: memeriksa mutu produk sebelum dikirim. Kualifikasi: menguasai ISO 9001, ketelitian; mampu bekerja dalam tim; teliti dan bertanggung jawab. Kirim CV ke rekrutmen9@example.com",10,14,Entry level
S00433,,Desainer Grafis,Sekolah Contoh Cendekia,Semarang,Rp 3-5 jt,,,,SMP,Fresh graduate,Magang,"Sekolah Contoh Cendekia membuka lowongan Desainer Grafis. Tanggung jawab: membuat materi visual untuk media sosial. Kualifikasi: menguasai Figma, Adobe Illustrator; mampu bekerja dalam tim; teliti dan bertanggung jawab. Lamar langsung melalui tombol apply.",30,12,Entry level
S00434,,Desainer Grafis,Sekolah Contoh Cendekia,Semarang,Rp 3-5 jt,,,,SMP,Fresh graduate,Magang,"Sekolah Contoh Cendekia kembali membuka lowongan Desainer Grafis. Tanggung jawab: membuat materi visual untuk media sosial. Kualifikasi: menguasai Figma, Adobe Illustrator; mampu bekerja dalam tim; teliti dan bertanggung jawab. Lamar langsung melalui tombol apply.",20,12,Entry level
S00435,,Quality Control,PT Demo Konstruksi Utama,Kota Yogyakarta,,,,,Sarjana / S1,3-5 tahun,Freelance,"PT Demo Konstruksi Utama membuka lowongan Quality Control. Tanggung jawab: memeriksa mutu produk sebelum dikirim. Kualifikasi: menguasai ISO 9001, ketelitian; mampu bekerja dalam tim; teliti dan bertanggung jawab. Lamar langsung melalui tombol apply.",53,25,Entry level
S00436,,Quality Control,PT Demo Konstruksi Utama,Kota Yogyakarta,,,,,Sarjana / S1,3-5 tahun,Freelance,"PT Demo Konstruksi Utama kembali membuka lowongan Quality Control. Tanggung jawab: memeriksa mutu produk sebelum dikirim. Kualifikasi: menguasai ISO 9001, ketelitian; mampu bekerja dalam tim; teliti dan bertanggung jawab. Lamar langsung melalui tombol apply.",48,25,Entry level
S00437,,Project Manager,CV Maju Bersama Contoh,Remote,Rp 8-10 jt,,,,Diploma/D1/D2/D3,3-5 tahun,Kontrak,"CV Maju Bersama Contoh membuka lowongan Project Manager. Tanggung jawab: merencanakan dan mengawasi jalannya proyek. Kualifikasi: menguasai manajemen proyek, komunikasi; mampu bekerja dalam tim; teliti dan bertanggung jawab. Lamar langsung melalui tombol apply.",58,35,Supervisor / Koordinator
S00438,,Customer Service,PT Fiktif Manufaktur Jaya,Balikpapan,Dirahasiakan,,,,SMP,Tanpa pengalaman,Kontrak,"PT Fiktif Manufaktur Jaya membuka lowongan Customer Service. Tanggung jawab: melayani pertanyaan dan keluhan pelanggan. Kualifikasi: menguasai komunikasi, CRM; mampu bekerja dalam tim; teliti dan bertanggung jawab. Kirim CV ke rekrutmen39@example.com",40,23,Supervisor / Koordinator
S00439,,Teknisi Listrik,Klinik Contoh Sehat,Surabaya,Rp177rb/hari,,,,SMA/SMK,Minimal 1 tahun,Magang,"Klinik Contoh Sehat membuka lowongan Teknisi Listrik. Tanggung jawab: memasang dan merawat instalasi listrik gedung. Kualifikasi: menguasai instalasi listrik, K3; mampu bekerja dalam tim; teliti dan bertanggung jawab. Lamar langsung melalui tombol apply.",18,30,Staff / Officer
S00440,,Teknisi Listrik,Klinik Contoh Sehat,Surabaya,Rp177rb/hari,,,,SMA/SMK,Minimal 1 tahun,Magang,"Klinik Contoh Sehat kembali membuka lowongan Teknisi Listrik. Tanggung jawab: memasang dan merawat instalasi listrik gedung. Kualifikasi: menguasai instalasi listrik, K3; mampu bekerja dalam tim; teliti dan bertanggung jawab. Lamar langsung melalui tombol apply.",14,30,Staff / Officer
S00441,,Marketing Manager,Sekolah Contoh Cendekia,Bogor,Rp 8-9 jt,,,,D3,Tanpa pengalaman,Freelance,"Sekolah Contoh Cendekia membuka lowongan Marketing Manager. Tanggung jawab: menyusun strategi pemasaran dan memimpin tim. Kualifikasi: menguasai strategi pemasaran, kepemimpinan; mampu bekerja dalam tim; teliti dan bertanggung jawab. Lamar melalui https://wa.me/6281200019580",6,34,Entry level
S00442,,Tukang Las,PT Ilustrasi Pangan Sejahtera,Surabaya,Rp3.900.000 - Rp4.600.000,,,,Minimal SMA/SMK/Sederajat,Tanpa pengalaman,Magang,"PT Ilustrasi Pangan Sejahtera membuka lowongan Tukang Las. Tanggung jawab: mengelas konstruksi besi. Kualifikasi: menguasai las listrik, membaca gambar teknik; mampu bekerja dalam tim; teliti dan bertanggung jawab. Hubungi Ibu Contoh via WA 0812-0000-7588",51,35,Manager
S00443,,Tukang Las,PT Ilustrasi Pangan Sejahtera,Surabaya,Rp3.900.000 - Rp4.600.000,,,,Minimal SMA/SMK/Sederajat,Tanpa pengalaman,Magang,"PT Ilustrasi Pangan Sejahtera kembali membuka lowongan Tukang Las. Tanggung jawab: mengelas konstruksi besi. Kualifikasi: menguasai las listrik, membaca gambar teknik; mampu bekerja dalam tim; teliti dan bertanggung jawab. Hubungi Ibu Contoh via WA 0812-0000-7588",49,35,Manager
S00444,,Barista,Kedai Kopi Contoh,Remote,Negotiable,,,,SMP,min. 2 tahun,Magang,"Kedai Kopi Contoh membuka lowongan Barista. Tanggung jawab: menyiapkan minuman kopi dan melayani pelanggan. Kualifikasi: menguasai pelayanan, kebersihan; mampu bekerja dalam tim; teliti dan bertanggung jawab. Lamar langsung melalui tombol apply.",35,27,Entry level
S00445,,Barista,Kedai Kopi Contoh,Remote,Negotiable,,,,SMP,min. 2 tahun,Magang,"Kedai Kopi Contoh kembali membuka lowongan Barista. Tanggung jawab: menyiapkan minuman kopi dan melayani pelanggan. Kualifikasi: menguasai pelayanan, kebersihan; mampu bekerja dalam tim; teliti dan bertanggung jawab. Lamar langsung melalui tombol apply.",25,27,Entry level
S00446,,Cook,PT Fiktif Manufaktur Jaya,Kab. Bandung,"4,6 juta",,,,D3,,FULL_TIME,"PT Fiktif Manufaktur Jaya membuka lowongan Cook. Tanggung jawab: memasak menu restoran sesuai standar. Kualifikasi: menguasai food safety, kerja cepat; mampu bekerja dalam tim; teliti dan bertanggung jawab. Hubungi Ibu Contoh via WA 0812-0000-9605",48,44,Entry level
S00447,,Driver Pengiriman,PT Contoh Ritel Indonesia,Kota Bandung,"3,4 juta",,,,bachelor degree,3-5 tahun,Part Time,"PT Contoh Ritel Indonesia membuka lowongan Driver Pengiriman. Tanggung jawab: mengantar barang ke pelanggan tepat waktu. Kualifikasi: menguasai SIM B1, mengenal rute; mampu bekerja dalam tim; teliti dan bertanggung jawab. Hubungi Ibu Contoh via WA 0812-0000-6778",26,13,
S00448,,Driver Pengiriman,PT Contoh Ritel Indonesia,Kota Bandung,"3,4 juta",,,,bachelor degree,3-5 tahun,Part Time,"PT Contoh Ritel Indonesia kembali membuka lowongan Driver Pengiriman. Tanggung jawab: mengantar barang ke pelanggan tepat waktu. Kualifikasi: menguasai SIM B1, mengenal rute; mampu bekerja dalam tim; teliti dan bertanggung jawab. Hubungi Ibu Contoh via WA 0812-0000-6778",23,13,
S00449,,Operator Produksi,PT Sampel Logistik Cepat,Kota Bandung,Rp 4-5 jt,,,,Diploma/D1/D2/D3,Fresh graduate,Full Time,"PT Sampel Logistik Cepat membuka lowongan Operator Produksi. Tanggung jawab: mengoperasikan mesin produksi sesuai SOP. Kualifikasi: menguasai K3, kerja shift; mampu bekerja dalam tim; teliti dan bertanggung jawab. Kirim CV ke rekrutmen81@example.com",20,42,Manager
S00450,,Tukang Las,PT Demo Konstruksi Utama,Depok,Rp213rb/hari,,,,Diploma/D1/D2/D3,12 bulan,Part Time,"PT Demo Konstruksi Utama membuka lowongan Tukang Las. Tanggung jawab: mengelas konstruksi besi. Kualifikasi: menguasai las listrik, membaca gambar teknik; mampu bekerja dalam tim; teliti dan bertanggung jawab. Lamar langsung melalui tombol apply.",38,32,Supervisor / Koordinator
S00451,,Guru Matematika SMP,PT Fiktif Manufaktur Jaya,Depok,Rp 3-5 jt,,,,Sarjana / S1,Minimal 1 tahun,Magang,"PT Fiktif Manufaktur Jaya membuka lowongan Guru Matematika SMP. Tanggung jawab: mengajar matematika dan menyusun rencana pembelajaran. Kualifikasi: menguasai pedagogi, matematika; mampu bekerja dalam tim; teliti dan bertanggung jawab. Kirim CV ke rekrutmen78@example.com",50,15,
S00452,,Cleaning Service,PT Sampel Logistik Cepat,Kota Yogyakarta,,,,,SMA/SMK,Tanpa pengalaman,Part Time,"PT Sampel Logistik Cepat membuka lowongan Cleaning Service. Tanggung jawab: menjaga kebersihan area kerja. Kualifikasi: menguasai kebersihan, kerja tim; mampu bekerja dalam tim; teliti dan bertanggung jawab. Lamar langsung melalui tombol apply.",34,40,Entry level
S00453,,Content Writer,PT Sampel Media Kreatif,Bekasi,,,,,bachelor degree,Fresh graduate,Part Time,"PT Sampel Media Kreatif membuka lowongan Content Writer. Tanggung jawab: menulis artikel dan naskah konten. Kualifikasi: menguasai copywriting, SEO; mampu bekerja dalam tim; teliti dan bertanggung jawab. Kirim CV ke rekrutmen92@example.com",43,13,
S00454,,Desainer Grafis,CV Maju Bersama Contoh,Tangerang,Dirahasiakan,,,,Minimal SMA/SMK/Sederajat,3-5 tahun,Kontrak,"CV Maju Bersama Contoh membuka lowongan Desainer Grafis. Tanggung jawab: membuat materi visual untuk media sosial. Kualifikasi: menguasai Figma, Adobe Illustrator; mampu bekerja dalam tim; teliti dan bertanggung jawab. Lamar langsung melalui tombol apply.",27,28,
S00455,,Data Analyst,PT Sampel Media Kreatif,Kota Tangerang Selatan,Negotiable,,,,S1 semua jurusan,Minimal 1 tahun,FULL_TIME,"PT Sampel Media Kreatif membuka lowongan Data Analyst. Tanggung jawab: mengolah data penjualan dan membuat dasbor. Kualifikasi: menguasai SQL, Excel, Tableau; mampu bekerja dalam tim; teliti dan bertanggung jawab. Lamar langsung melalui tombol apply.",46,45,Supervisor / Koordinator
S00456,,Marketing Manager,Hotel Contoh Nusantara,Kab. Bandung,Rp8.000.000 - Rp9.300.000,,,,,min. 2 tahun,Freelance,"Hotel Contoh Nusantara membuka lowongan Marketing Manager. Tanggung jawab: menyusun strategi pemasaran dan memimpin tim. Kualifikasi: menguasai strategi pemasaran, kepemimpinan; mampu bekerja dalam tim; teliti dan bertanggung jawab. Lamar langsung melalui tombol apply.",42,36,Supervisor / Koordinator
S00457,,Marketing Manager,PT Contoh Ritel Indonesia,Kota Bandung,Rp10.100.000 - Rp11.700.000,,,,Sarjana / S1,Fresh graduate,Magang,"PT Contoh Ritel Indonesia membuka lowongan Marketing Manager. Tanggung jawab: menyusun strategi pemasaran dan memimpin tim. Kualifikasi: menguasai strategi pemasaran, kepemimpinan; mampu bekerja dalam tim; teliti dan bertanggung jawab. Kirim CV ke rekrutmen68@example.com",21,28,Supervisor / Koordinator
S00458,,Tukang Las,Sekolah Contoh Cendekia,Makassar,Rp163rb/hari,,,,SMP,Fresh graduate,Full Time,"Sekolah Contoh Cendekia membuka lowongan Tukang Las. Tanggung jawab: mengelas konstruksi besi. Kualifikasi: menguasai las listrik, membaca gambar teknik; mampu bekerja dalam tim; teliti dan bertanggung jawab. Kirim CV ke rekrutmen31@example.com",17,43,Manager
S00459,,Tukang Las,PT Contoh Sinar Abadi,Bekasi,Rp 3-4 jt,,,,S1,Minimal 1 tahun,FULL_TIME,"PT Contoh Sinar Abadi membuka lowongan Tukang Las. Tanggung jawab: mengelas konstruksi besi. Kualifikasi: menguasai las listrik, membaca gambar teknik; mampu bekerja dalam tim; teliti dan bertanggung jawab. Lamar langsung melalui tombol apply.",43,44,Entry level
S00460,,Tukang Las,PT Sampel Logistik Cepat,Depok,Negotiable,,,,Sarjana / S1,,Kontrak,"PT Sampel Logistik Cepat membuka lowongan Tukang Las. Tanggung jawab: mengelas konstruksi besi. Kualifikasi: menguasai las listrik, membaca gambar teknik; mampu bekerja dalam tim; teliti dan bertanggung jawab. Kirim CV ke rekrutmen94@example.com",25,28,Supervisor / Koordinator
S00461,,Mekanik Motor,Bengkel Contoh Motor,Kota Bandung,Dirahasiakan,,,,Sarjana / S1,Minimal 1 tahun,Freelance,"Bengkel Contoh Motor membuka lowongan Mekanik Motor. Tanggung jawab: memperbaiki dan merawat sepeda motor. Kualifikasi: menguasai mesin motor, diagnosa; mampu bekerja dalam tim; teliti dan bertanggung jawab. Lamar langsung melalui tombol apply.",8,26,Staff / Officer
S00462,,Pramuniaga,PT Demo Konstruksi Utama,Bekasi,Negotiable,,,,SMP,3-5 tahun,FULL_TIME,"PT Demo Konstruksi Utama membuka lowongan Pramuniaga. Tanggung jawab: melayani pembeli dan merapikan barang. Kualifikasi: menguasai pelayanan, komunikasi; mampu bekerja dalam tim; teliti dan bertanggung jawab. Kirim CV ke rekrutmen99@example.com",48,38,Supervisor / Koordinator
S00463,,Cook,Kedai Kopi Contoh,Makassar,Negotiable,,,,SMP,12 bulan,FULL_TIME,"Kedai Kopi Contoh membuka lowongan Cook. Tanggung jawab: memasak menu restoran sesuai standar. Kualifikasi: menguasai food safety, kerja cepat; mampu bekerja dalam tim; teliti dan bertanggung jawab. Hubungi Ibu Contoh via WA 0812-0000-5344",16,9,Entry level
S00464,,Cook,Kedai Kopi Contoh,Makassar,Negotiable,,,,SMP,12 bulan,FULL_TIME,"Kedai Kopi Contoh kembali membuka lowongan Cook. Tanggung jawab: memasak menu restoran sesuai standar. Kualifikasi: menguasai food safety, kerja cepat; mampu bekerja dalam tim; teliti dan bertanggung jawab. Hubungi Ibu Contoh via WA 0812-0000-5344",9,9,Entry level
S00465,,Content Writer,PT Fiktif Manufaktur Jaya,Bogor,Rp181rb/hari,,,,D3,3-5 tahun,FULL_TIME,"PT Fiktif Manufaktur Jaya membuka lowongan Content Writer. Tanggung jawab: menulis artikel dan naskah konten. Kualifikasi: menguasai copywriting, SEO; mampu bekerja dalam tim; teliti dan bertanggung jawab. Kirim CV ke rekrutmen88@example.com",23,13,
S00466,,Pramuniaga,CV Maju Bersama Contoh,Malang,Rp 3-3 jt,,,,,min. 2 tahun,Magang,"CV Maju Bersama Contoh membuka lowongan Pramuniaga. Tanggung jawab: melayani pembeli dan merapikan barang. Kualifikasi: menguasai pelayanan, komunikasi; mampu bekerja dalam tim; teliti dan bertanggung jawab. Kirim CV ke rekrutmen94@example.com",55,24,Supervisor / Koordinator
S00467,,Sales Executive,PT Demo Teknologi Nusantara,Tangerang,Rp4.500.000 - Rp6.200.000,,,,bachelor degree,12 bulan,Freelance,"PT Demo Teknologi Nusantara membuka lowongan Sales Executive. Tanggung jawab: mencari pelanggan baru dan mencapai target penjualan. Kualifikasi: menguasai negosiasi, komunikasi; mampu bekerja dalam tim; teliti dan bertanggung jawab. Hubungi Ibu Contoh via WA 0812-0000-9684",57,31,Supervisor / Koordinator
S00468,,Quality Control,PT Contoh Ritel Indonesia,Jakarta Selatan,Rp204rb/hari,,,,bachelor degree,min. 2 tahun,Part Time,"PT Contoh Ritel Indonesia membuka lowongan Quality Control. Tanggung jawab: memeriksa mutu produk sebelum dikirim. Kualifikasi: menguasai ISO 9001, ketelitian; mampu bekerja dalam tim; teliti dan bertanggung jawab. Lamar melalui https://wa.me/6281200075018",37,21,Entry level
S00469,,Content Writer,Bengkel Contoh Motor,Kab. Bandung,Rp 3-4 jt,,,,D3,min. 2 tahun,Full Time,"Bengkel Contoh Motor membuka lowongan Content Writer. Tanggung jawab: menulis artikel dan naskah konten. Kualifikasi: menguasai copywriting, SEO; mampu bekerja dalam tim; teliti dan bertanggung jawab. Lamar langsung melalui tombol apply.",50,17,Entry level
S00470,,Marketing Manager,Hotel Contoh Nusantara,Kota Batam,Negotiable,,,,D3,12 bulan,FULL_TIME,"Hotel Contoh Nusantara membuka lowongan Marketing Manager. Tanggung jawab: menyusun strategi pemasaran dan memimpin tim. Kualifikasi: menguasai strategi pemasaran, kepemimpinan; mampu bekerja dalam tim; teliti dan bertanggung jawab. Lamar langsung melalui tombol apply.",53,14,Staff / Officer
S00471,,Staff Accounting,PT Ilustrasi Pangan Sejahtera,Kota Tangerang Selatan,Negotiable,,,,Minimal SMA/SMK/Sederajat,Fresh graduate,Part Time,"PT Ilustrasi Pangan Sejahtera membuka lowongan Staff Accounting. Tanggung jawab: mencatat jurnal dan menyusun laporan keuangan bulanan. Kualifikasi: menguasai Accurate, Excel, perpajakan; mampu bekerja dalam tim; teliti dan bertanggung jawab. Lamar langsung melalui tombol apply.",36,16,Entry level
S00472,,Project Manager,PT Contoh Farma,Malang,Negotiable,,,,Sarjana / S1,Tanpa pengalaman,Kontrak,"PT Contoh Farma membuka lowongan Project Manager. Tanggung jawab: merencanakan dan mengawasi jalannya proyek. Kualifikasi: menguasai manajemen proyek, komunikasi; mampu bekerja dalam tim; teliti dan bertanggung jawab. Hubungi Ibu Contoh via WA 0812-0000-8983",27,31,Staff / Officer
S00473,,Quality Control,PT Sampel Media Kreatif,Tangerang,Rp 3-4 jt,,,,S1 semua jurusan,Minimal 1 tahun,Full Time,"PT Sampel Media Kreatif membuka lowongan Quality Control. Tanggung jawab: memeriksa mutu produk sebelum dikirim. Kualifikasi: menguasai ISO 9001, ketelitian; mampu bekerja dalam tim; teliti dan bertanggung jawab. Lamar langsung melalui tombol apply.",35,45,
S00474,,Perawat,Sekolah Contoh Cendekia,Malang,Rp190rb/hari,,,,SMA/SMK,Minimal 1 tahun,Freelance,"Sekolah Contoh Cendekia membuka lowongan Perawat. Tanggung jawab: memberikan asuhan keperawatan kepada pasien. Kualifikasi: menguasai STR aktif, BTCLS; mampu bekerja dalam tim; teliti dan bertanggung jawab. Lamar melalui https://wa.me/6281200019458",55,40,Entry level
S00475,,Perawat,Sekolah Contoh Cendekia,Malang,Rp190rb/hari,,,,SMA/SMK,Minimal 1 tahun,Freelance,"Sekolah Contoh Cendekia kembali membuka lowongan Perawat. Tanggung jawab: memberikan asuhan keperawatan kepada pasien. Kualifikasi: menguasai STR aktif, BTCLS; mampu bekerja dalam tim; teliti dan bertanggung jawab. Lamar melalui https://wa.me/6281200019458",49,40,Entry level
S00476,,Admin Gudang,PT Ilustrasi Pangan Sejahtera,"Denpasar, Bali",Negotiable,,,,Diploma/D1/D2/D3,Minimal 1 tahun,Full Time,"PT Ilustrasi Pangan Sejahtera membuka lowongan Admin Gudang. Tanggung jawab: mencatat stok masuk dan keluar barang. Kualifikasi: menguasai Excel, ketelitian; mampu bekerja dalam tim; teliti dan bertanggung jawab. Lamar melalui https://wa.me/6281200014675",53,16,Entry level
S00477,,Customer Service,CV Maju Bersama Contoh,Kota Medan,Dirahasiakan,,,,Sarjana / S1,Minimal 1 tahun,Full Time,"CV Maju Bersama Contoh membuka lowongan Customer Service. Tanggung jawab: melayani pertanyaan dan keluhan pelanggan. Kualifikasi: menguasai komunikasi, CRM; mampu bekerja dalam tim; teliti dan bertanggung jawab. Lamar langsung melalui tombol apply.",10,21,Manager
S00478,,Cleaning Service,PT Contoh Sinar Abadi,Bogor,Rp154rb/hari,,,,Diploma/D1/D2/D3,12 bulan,Full Time,"PT Contoh Sinar Abadi membuka lowongan Cleaning Service. Tanggung jawab: menjaga kebersihan area kerja. Kualifikasi: menguasai kebersihan, kerja tim; mampu bekerja dalam tim; teliti dan bertanggung jawab. Lamar melalui https://wa.me/6281200029268",51,43,
S00479,,Guru Matematika SMP,PT Sampel Media Kreatif,Jakarta Selatan,"4,0 juta",,,,bachelor degree,Fresh graduate,Magang,"PT Sampel Media Kreatif membuka lowongan Guru Matematika SMP. Tanggung jawab: mengajar matematika dan menyusun rencana pembelajaran. Kualifikasi: menguasai pedagogi, matematika; mampu bekerja dalam tim; teliti dan bertanggung jawab. Lamar melalui https://wa.me/6281200012547",35,33,Entry level
S00480,,Pramuniaga,Sekolah Contoh Cendekia,Kota Batam,Negotiable,,,,D3,Minimal 1 tahun,Full Time,"Sekolah Contoh Cendekia membuka lowongan Pramuniaga. Tanggung jawab: melayani pembeli dan merapikan barang. Kualifikasi: menguasai pelayanan, komunikasi; mampu bekerja dalam tim; teliti dan bertanggung jawab. Lamar langsung melalui tombol apply.",44,25,Manager
S00481,,Operator Produksi,PT Contoh Ritel Indonesia,Remote,Rp4.500.000 - Rp5.300.000,,,,,12 bulan,FULL_TIME,"PT Contoh Ritel Indonesia membuka lowongan Operator Produksi. Tanggung jawab: mengoperasikan mesin produksi sesuai SOP. Kualifikasi: menguasai K3, kerja shift; mampu bekerja dalam tim; teliti dan bertanggung jawab. Hubungi Ibu Contoh via WA 0812-0000-3554",55,39,Manager
S00482,,Frontend Developer,CV Maju Bersama Contoh,Kota Yogyakarta,Rp 9-12 jt,,,,Diploma/D1/D2/D3,Fresh graduate,Magang,"CV Maju Bersama Contoh membuka lowongan Frontend Developer. Tanggung jawab: mengembangkan antarmuka web yang responsif. Kualifikasi: menguasai JavaScript, React, CSS; mampu bekerja dalam tim; teliti dan bertanggung jawab. Hubungi Ibu Contoh via WA 0812-0000-4721",18,20,Supervisor / Koordinator
S00483,,Frontend Developer,CV Maju Bersama Contoh,Kota Yogyakarta,Rp 9-12 jt,,,,Diploma/D1/D2/D3,Fresh graduate,Magang,"CV Maju Bersama Contoh kembali membuka lowongan Frontend Developer. Tanggung jawab: mengembangkan antarmuka web yang responsif. Kualifikasi: menguasai JavaScript, React, CSS; mampu bekerja dalam tim; teliti dan bertanggung jawab. Hubungi Ibu Contoh via WA 0812-0000-4721",14,20,Supervisor / Koordinator
S00484,,Frontend Developer,PT Contoh Sinar Abadi,Jaksel,Negotiable,,,,Diploma/D1/D2/D3,Minimal 1 tahun,Kontrak,"PT Contoh Sinar Abadi membuka lowongan Frontend Developer. Tanggung jawab: mengembangkan antarmuka web yang responsif. Kualifikasi: menguasai JavaScript, React, CSS; mampu bekerja dalam tim; teliti dan bertanggung jawab. Lamar langsung melalui tombol apply.",1,33,Supervisor / Koordinator
S00485,,Barista,Bengkel Contoh Motor,Kota Batam,Negotiable,,,,Diploma/D1/D2/D3,min. 2 tahun,FULL_TIME,"Bengkel Contoh Motor membuka lowongan Barista. Tanggung jawab: menyiapkan minuman kopi dan melayani pelanggan. Kualifikasi: menguasai pelayanan, kebersihan; mampu bekerja dalam tim; teliti dan bertanggung jawab. Lamar langsung melalui tombol apply.",49,35,Entry level
S00486,,Kasir,PT Sampel Media Kreatif,Jaksel,Dirahasiakan,,,,SMA/SMK,12 bulan,Full Time,"PT Sampel Media Kreatif membuka lowongan Kasir. Tanggung jawab: melayani transaksi pembayaran di toko. Kualifikasi: menguasai ketelitian, pelayanan; mampu bekerja dalam tim; teliti dan bertanggung jawab. Hubungi Ibu Contoh via WA 0812-0000-3297",24,44,
S00487,,Barista,PT Demo Teknologi Nusantara,Solo,Dirahasiakan,,,,SMA/SMK,min. 2 tahun,Magang,"PT Demo Teknologi Nusantara membuka lowongan Barista. Tanggung jawab: menyiapkan minuman kopi dan melayani pelanggan. Kualifikasi: menguasai pelayanan, kebersihan; mampu bekerja dalam tim; teliti dan bertanggung jawab. Hubungi Ibu Contoh via WA 0812-0000-5114",0,31,Manager
S00488,,Cleaning Service,Hotel Contoh Nusantara,Jakarta Selatan,Rp154rb/hari,,,,S1 semua jurusan,min. 2 tahun,FULL_TIME,"Hotel Contoh Nusantara membuka lowongan Cleaning Service. Tanggung jawab: menjaga kebersihan area kerja. Kualifikasi: menguasai kebersihan, kerja tim; mampu bekerja dalam tim; teliti dan bertanggung jawab. Kirim CV ke rekrutmen9@example.com",47,21,Manager
S00489,,Cleaning Service,Hotel Contoh Nusantara,Jakarta Selatan,Rp154rb/hari,,,,S1 semua jurusan,min. 2 tahun,FULL_TIME,"Hotel Contoh Nusantara kembali membuka lowongan Cleaning Service. Tanggung jawab: menjaga kebersihan area kerja. Kualifikasi: menguasai kebersihan, kerja tim; mampu bekerja dalam tim; teliti dan bertanggung jawab. Kirim CV ke rekrutmen9@example.com",39,21,Manager
S00490,,Operator Produksi,PT Sampel Logistik Cepat,Bekasi,Rp 4-5 jt,,,,SMP,Fresh graduate,Part Time,"PT Sampel Logistik Cepat membuka lowongan Operator Produksi. Tanggung jawab: mengoperasikan mesin produksi sesuai SOP. Kualifikasi: menguasai K3, kerja shift; mampu bekerja dalam tim; teliti dan bertanggung jawab. Lamar melalui https://wa.me/6281200093002",51,32,Supervisor / Koordinator
S00491,,Tukang Las,Hotel Contoh Nusantara,Bogor,Rp 4-6 jt,,,,bachelor degree,Minimal 1 tahun,FULL_TIME,"Hotel Contoh Nusantara membuka lowongan Tukang Las. Tanggung jawab: mengelas konstruksi besi. Kualifikasi: menguasai las listrik, membaca gambar teknik; mampu bekerja dalam tim; teliti dan bertanggung jawab. Kirim CV ke rekrutmen4@example.com",18,13,Supervisor / Koordinator
S00492,,Barista,Klinik Contoh Sehat,Kota Bandung,Rp150rb/hari,,,,S1 semua jurusan,Fresh graduate,Full Time,"Klinik Contoh Sehat membuka lowongan Barista. Tanggung jawab: menyiapkan minuman kopi dan melayani pelanggan. Kualifikasi: menguasai pelayanan, kebersihan; mampu bekerja dalam tim; teliti dan bertanggung jawab. Lamar langsung melalui tombol apply.",5,7,
S00493,,Software Engineer Backend,Klinik Contoh Sehat,Kota Tangerang Selatan,Dirahasiakan,,,,S1,Tanpa pengalaman,FULL_TIME,"Klinik Contoh Sehat membuka lowongan Software Engineer Backend. Tanggung jawab: membangun dan memelihara layanan API. Kualifikasi: menguasai Python, SQL, Docker; mampu bekerja dalam tim; teliti dan bertanggung jawab. Hubungi Ibu Contoh via WA 0812-0000-6222",47,37,Manager
S00494,,Sales Executive,Bengkel Contoh Motor,Kab. Bandung,Rp 4-6 jt,,,,S1 semua jurusan,Minimal 1 tahun,Freelance,"Bengkel Contoh Motor membuka lowongan Sales Executive. Tanggung jawab: mencari pelanggan baru dan mencapai target penjualan. Kualifikasi: menguasai negosiasi, komunikasi; mampu bekerja dalam tim; teliti dan bertanggung jawab. Kirim CV ke rekrutmen8@example.com",28,44,
S00495,,Barista,PT Fiktif Manufaktur Jaya,Kota Medan,Rp 3-4 jt,,,,,Tanpa pengalaman,FULL_TIME,"PT Fiktif Manufaktur Jaya membuka lowongan Barista. Tanggung jawab: menyiapkan minuman kopi dan melayani pelanggan. Kualifikasi: menguasai pelayanan, kebersihan; mampu bekerja dalam tim; teliti dan bertanggung jawab. Lamar langsung melalui tombol apply.",56,32,Staff / Officer
S00496,,Desainer Grafis,PT Contoh Ritel Indonesia,Kota Batam,Rp200rb/hari,,,,D3,,Magang,"PT Contoh Ritel Indonesia membuka lowongan Desainer Grafis. Tanggung jawab: membuat materi visual untuk media sosial. Kualifikasi: menguasai Figma, Adobe Illustrator; mampu bekerja dalam tim; teliti dan bertanggung jawab. Hubungi Ibu Contoh via WA 0812-0000-6934",6,25,
S00497,,Quality Control,Klinik Contoh Sehat,Sleman,"4,3 juta",,,,S1 semua jurusan,3-5 tahun,Magang,"Klinik Contoh Sehat membuka lowongan Quality Control. Tanggung jawab: memeriksa mutu produk sebelum dikirim. Kualifikasi: menguasai ISO 9001, ketelitian; mampu bekerja dalam tim; teliti dan bertanggung jawab. Lamar melalui https://wa.me/6281200033647",27,44,Staff / Officer
S00498,,Barista,CV Maju Bersama Contoh,Sleman,Rp3.600.000 - Rp4.300.000,,,,Diploma/D1/D2/D3,,Kontrak,"CV Maju Bersama Contoh membuka lowongan Barista. Tanggung jawab: menyiapkan minuman kopi dan melayani pelanggan. Kualifikasi: menguasai pelayanan, kebersihan; mampu bekerja dalam tim; teliti dan bertanggung jawab. Lamar langsung melalui tombol apply.",35,22,
S00499,,Apoteker,Sekolah Contoh Cendekia,Bogor,,,,,Diploma/D1/D2/D3,12 bulan,Kontrak,"Sekolah Contoh Cendekia membuka lowongan Apoteker. Tanggung jawab: mengelola obat dan memberi informasi obat. Kualifikasi: menguasai STRA, farmasi klinis; mampu bekerja dalam tim; teliti dan bertanggung jawab. Kirim CV ke rekrutmen3@example.com",8,45,
S00500,,Pramuniaga,PT Fiktif Manufaktur Jaya,Surabaya,Rp122rb/hari,,,,Diploma/D1/D2/D3,min. 2 tahun,Kontrak,"PT Fiktif Manufaktur Jaya membuka lowongan Pramuniaga. Tanggung jawab: melayani pembeli dan merapikan barang. Kualifikasi: menguasai pelayanan, komunikasi; mampu bekerja dalam tim; teliti dan bertanggung jawab. Kirim CV ke rekrutmen37@example.com",7,39,Supervisor / Koordinator
S00501,,Perawat,Klinik Contoh Sehat,Jaksel,Rp 3-4 jt,,,,bachelor degree,Minimal 1 tahun,Magang,"Klinik Contoh Sehat membuka lowongan Perawat. Tanggung jawab: memberikan asuhan keperawatan kepada pasien. Kualifikasi: menguasai STR aktif, BTCLS; mampu bekerja dalam tim; teliti dan bertanggung jawab. Lamar melalui https://wa.me/6281200066323",14,12,Supervisor / Koordinator
S00502,,Staf Administrasi,PT Ilustrasi Pangan Sejahtera,"Denpasar, Bali",Rp209rb/hari,,,,D3,Fresh graduate,Magang,"PT Ilustrasi Pangan Sejahtera membuka lowongan Staf Administrasi. Tanggung jawab: mengelola surat dan dokumen kantor. Kualifikasi: menguasai Microsoft Office, arsip; mampu bekerja dalam tim; teliti dan bertanggung jawab. Kirim CV ke rekrutmen22@example.com",45,13,Manager
S00503,,Pramuniaga,Kedai Kopi Contoh,Bekasi,Rp136rb/hari,,,,S1 semua jurusan,Tanpa pengalaman,Full Time,"Kedai Kopi Contoh membuka lowongan Pramuniaga. Tanggung jawab: melayani pembeli dan merapikan barang. Kualifikasi: menguasai pelayanan, komunikasi; mampu bekerja dalam tim; teliti dan bertanggung jawab. Lamar melalui https://wa.me/6281200058151",12,36,Entry level
S00504,,Pramuniaga,Kedai Kopi Contoh,Bekasi,Rp136rb/hari,,,,S1 semua jurusan,Tanpa pengalaman,Full Time,"Kedai Kopi Contoh kembali membuka lowongan Pramuniaga. Tanggung jawab: melayani pembeli dan merapikan barang. Kualifikasi: menguasai pelayanan, komunikasi; mampu bekerja dalam tim; teliti dan bertanggung jawab. Lamar melalui https://wa.me/6281200058151",11,36,Entry level
S00505,,Content Writer,PT Fiktif Manufaktur Jaya,Tangerang,,,,,S1,3-5 tahun,FULL_TIME,"PT Fiktif Manufaktur Jaya membuka lowongan Content Writer. Tanggung jawab: menulis artikel dan naskah konten. Kualifikasi: menguasai copywriting, SEO; mampu bekerja dalam tim; teliti dan bertanggung jawab. Lamar langsung melalui tombol apply.",2,14,Entry level
S00506,,Pramuniaga,Sekolah Contoh Cendekia,Depok,Rp3.400.000 - Rp4.100.000,,,,Minimal SMA/SMK/Sederajat,Minimal 1 tahun,FULL_TIME,"Sekolah Contoh Cendekia membuka lowongan Pramuniaga. Tanggung jawab: melayani pembeli dan merapikan barang. Kualifikasi: menguasai pelayanan, komunikasi; mampu bekerja dalam tim; teliti dan bertanggung jawab. Kirim CV ke rekrutmen9@example.com",30,41,
S00507,,Cook,Klinik Contoh Sehat,Jaksel,Rp172rb/hari,,,,S1 semua jurusan,12 bulan,Freelance,"Klinik Contoh Sehat membuka lowongan Cook. Tanggung jawab: memasak menu restoran sesuai standar. Kualifikasi: menguasai food safety, kerja cepat; mampu bekerja dalam tim; teliti dan bertanggung jawab. Lamar melalui https://wa.me/6281200078518",16,8,
S00508,,Cook,Klinik Contoh Sehat,Jaksel,Rp172rb/hari,,,,S1 semua jurusan,12 bulan,Freelance,"Klinik Contoh Sehat kembali membuka lowongan Cook. Tanggung jawab: memasak menu restoran sesuai standar. Kualifikasi: menguasai food safety, kerja cepat; mampu bekerja dalam tim; teliti dan bertanggung jawab. Lamar melalui https://wa.me/6281200078518",10,8,
S00509,,Software Engineer Backend,PT Sampel Media Kreatif,Bogor,Negotiable,,,,D3,,FULL_TIME,"PT Sampel Media Kreatif membuka lowongan Software Engineer Backend. Tanggung jawab: membangun dan memelihara layanan API. Kualifikasi: menguasai Python, SQL, Docker; mampu bekerja dalam tim; teliti dan bertanggung jawab. Kirim CV ke rekrutmen40@example.com",36,16,Staff / Officer
S00510,,Customer Service,PT Demo Teknologi Nusantara,Remote,Dirahasiakan,,,,Diploma/D1/D2/D3,Fresh graduate,Kontrak,"PT Demo Teknologi Nusantara membuka lowongan Customer Service. Tanggung jawab: melayani pertanyaan dan keluhan pelanggan. Kualifikasi: menguasai komunikasi, CRM; mampu bekerja dalam tim; teliti dan bertanggung jawab. Kirim CV ke rekrutmen91@example.com",49,7,Supervisor / Koordinator
S00511,,Project Manager,PT Sampel Logistik Cepat,Kota Tangerang Selatan,Rp10.500.000 - Rp14.800.000,,,,Minimal SMA/SMK/Sederajat,3-5 tahun,Kontrak,"PT Sampel Logistik Cepat membuka lowongan Project Manager. Tanggung jawab: merencanakan dan mengawasi jalannya proyek. Kualifikasi: menguasai manajemen proyek, komunikasi; mampu bekerja dalam tim; teliti dan bertanggung jawab. Lamar langsung melalui tombol apply.",25,17,Entry level
S00512,,Guru Matematika SMP,PT Demo Konstruksi Utama,Solo,Negotiable,,,,Minimal SMA/SMK/Sederajat,Minimal 1 tahun,Part Time,"PT Demo Konstruksi Utama membuka lowongan Guru Matematika SMP. Tanggung jawab: mengajar matematika dan menyusun rencana pembelajaran. Kualifikasi: menguasai pedagogi, matematika; mampu bekerja dalam tim; teliti dan bertanggung jawab. Lamar melalui https://wa.me/6281200056276",27,34,Supervisor / Koordinator
S00513,,Guru Matematika SMP,PT Demo Konstruksi Utama,Solo,Negotiable,,,,Minimal SMA/SMK/Sederajat,Minimal 1 tahun,Part Time,"PT Demo Konstruksi Utama kembali membuka lowongan Guru Matematika SMP. Tanggung jawab: mengajar matematika dan menyusun rencana pembelajaran. Kualifikasi: menguasai pedagogi, matematika; mampu bekerja dalam tim; teliti dan bertanggung jawab. Lamar melalui https://wa.me/6281200056276",22,34,Supervisor / Koordinator
S00514,,Driver Pengiriman,PT Demo Teknologi Nusantara,Solo,"4,4 juta",,,,Sarjana / S1,Fresh graduate,Freelance,"PT Demo Teknologi Nusantara membuka lowongan Driver Pengiriman. Tanggung jawab: mengantar barang ke pelanggan tepat waktu. Kualifikasi: menguasai SIM B1, mengenal rute; mampu bekerja dalam tim; teliti dan bertanggung jawab. Lamar langsung melalui tombol apply.",47,15,Manager
S00515,,Digital Marketing Specialist,Hotel Contoh Nusantara,Kota Yogyakarta,Dirahasiakan,,,,S1,3-5 tahun,Magang,"Hotel Contoh Nusantara membuka lowongan Digital Marketing Specialist. Tanggung jawab: mengelola iklan digital dan media sosial. Kualifikasi: menguasai Meta Ads, Google Ads; mampu bekerja dalam tim; teliti dan bertanggung jawab. Kirim CV ke rekrutmen99@example.com",41,9,Staff / Officer
S00516,,Digital Marketing Specialist,Hotel Contoh Nusantara,Kota Yogyakarta,Dirahasiakan,,,,S1,3-5 tahun,Magang,"Hotel Contoh Nusantara kembali membuka lowongan Digital Marketing Specialist. Tanggung jawab: mengelola iklan digital dan media sosial. Kualifikasi: menguasai Meta Ads, Google Ads; mampu bekerja dalam tim; teliti dan bertanggung jawab. Kirim CV ke rekrutmen99@example.com",31,9,Staff / Officer
S00517,,Apoteker,Kedai Kopi Contoh,Palembang,Rp9.000.000 - Rp11.700.000,,,,bachelor degree,Tanpa pengalaman,Magang,"Kedai Kopi Contoh membuka lowongan Apoteker. Tanggung jawab: mengelola obat dan memberi informasi obat. Kualifikasi: menguasai STRA, farmasi klinis; mampu bekerja dalam tim; teliti dan bertanggung jawab. Lamar melalui https://wa.me/6281200030536",46,19,Staff / Officer
S00518,,Cleaning Service,Sekolah Contoh Cendekia,Kota Yogyakarta,"3,7 juta",,,,Sarjana / S1,min. 2 tahun,Kontrak,"Sekolah Contoh Cendekia membuka lowongan Cleaning Service. Tanggung jawab: menjaga kebersihan area kerja. Kualifikasi: menguasai kebersihan, kerja tim; mampu bekerja dalam tim; teliti dan bertanggung jawab. Lamar melalui https://wa.me/6281200063199",53,7,Entry level
S00519,,Frontend Developer,PT Sampel Logistik Cepat,Kota Bandung,Rp 8-12 jt,,,,bachelor degree,Fresh graduate,Freelance,"PT Sampel Logistik Cepat membuka lowongan Frontend Developer. Tanggung jawab: mengembangkan antarmuka web yang responsif. Kualifikasi: menguasai JavaScript, React, CSS; mampu bekerja dalam tim; teliti dan bertanggung jawab. Kirim CV ke rekrutmen36@example.com",40,38,
S00520,,Content Writer,PT Sampel Media Kreatif,Sleman,"4,4 juta",,,,Minimal SMA/SMK/Sederajat,,Part Time,"PT Sampel Media Kreatif membuka lowongan Content Writer. Tanggung jawab: menulis artikel dan naskah konten. Kualifikasi: menguasai copywriting, SEO; mampu bekerja dalam tim; teliti dan bertanggung jawab. Hubungi Ibu Contoh via WA 0812-0000-5154",28,38,Manager
S00521,,Marketing Manager,PT Contoh Sinar Abadi,Malang,Rp10.700.000 - Rp15.500.000,,,,,Minimal 1 tahun,Freelance,"PT Contoh Sinar Abadi membuka lowongan Marketing Manager. Tanggung jawab: menyusun strategi pemasaran dan memimpin tim. Kualifikasi: menguasai strategi pemasaran, kepemimpinan; mampu bekerja dalam tim; teliti dan bertanggung jawab. Lamar melalui https://wa.me/6281200082064",23,26,Supervisor / Koordinator
S00522,,Kasir,PT Demo Teknologi Nusantara,Makassar,Dirahasiakan,,,,S1,Fresh graduate,Freelance,"PT Demo Teknologi Nusantara membuka lowongan Kasir. Tanggung jawab: melayani transaksi pembayaran di toko. Kualifikasi: menguasai ketelitian, pelayanan; mampu bekerja dalam tim; teliti dan bertanggung jawab. Lamar langsung melalui tombol apply.",38,36,Manager
S00523,,Mekanik Motor,Klinik Contoh Sehat,Surabaya,Negotiable,,,,Minimal SMA/SMK/Sederajat,min. 2 tahun,Kontrak,"Klinik Contoh Sehat membuka lowongan Mekanik Motor. Tanggung jawab: memperbaiki dan merawat sepeda motor. Kualifikasi: menguasai mesin motor, diagnosa; mampu bekerja dalam tim; teliti dan bertanggung jawab. Lamar langsung melalui tombol apply.",38,15,Staff / Officer
S00524,,Tukang Las,Sekolah Contoh Cendekia,Balikpapan,,,,,Diploma/D1/D2/D3,12 bulan,Magang,"Sekolah Contoh Cendekia membuka lowongan Tukang Las. Tanggung jawab: mengelas konstruksi besi. Kualifikasi: menguasai las listrik, membaca gambar teknik; mampu bekerja dalam tim; teliti dan bertanggung jawab. Lamar melalui https://wa.me/6281200027252",27,40,Staff / Officer
S00525,,Barista,PT Demo Konstruksi Utama,Surabaya,"2,8 juta",,,,,Fresh graduate,Part Time,"PT Demo Konstruksi Utama membuka lowongan Barista. Tanggung jawab: menyiapkan minuman kopi dan melayani pelanggan. Kualifikasi: menguasai pelayanan, kebersihan; mampu bekerja dalam tim; teliti dan bertanggung jawab. Kirim CV ke rekrutmen57@example.com",26,44,Supervisor / Koordinator
S00526,,Software Engineer Backend,Klinik Contoh Sehat,Sleman,Rp9.000.000 - Rp10.900.000,,,,SMA/SMK,Tanpa pengalaman,Kontrak,"Klinik Contoh Sehat membuka lowongan Software Engineer Backend. Tanggung jawab: membangun dan memelihara layanan API. Kualifikasi: menguasai Python, SQL, Docker; mampu bekerja dalam tim; teliti dan bertanggung jawab. Kirim CV ke rekrutmen36@example.com",55,27,Staff / Officer
S00527,,Cook,Sekolah Contoh Cendekia,Kab. Bandung,Negotiable,,,,Minimal SMA/SMK/Sederajat,Minimal 1 tahun,Full Time,"Sekolah Contoh Cendekia membuka lowongan Cook. Tanggung jawab: memasak menu restoran sesuai standar. Kualifikasi: menguasai food safety, kerja cepat; mampu bekerja dalam tim; teliti dan bertanggung jawab. Hubungi Ibu Contoh via WA 0812-0000-4157",18,27,
S00528,,Digital Marketing Specialist,CV Maju Bersama Contoh,Jaksel,Rp 4-5 jt,,,,S1,,Freelance,"CV Maju Bersama Contoh membuka lowongan Digital Marketing Specialist. Tanggung jawab: mengelola iklan digital dan media sosial. Kualifikasi: menguasai Meta Ads, Google Ads; mampu bekerja dalam tim; teliti dan bertanggung jawab. Kirim CV ke rekrutmen4@example.com",38,7,
S00529,,Cook,PT Demo Konstruksi Utama,Kota Bandung,Rp172rb/hari,,,,Diploma/D1/D2/D3,12 bulan,Freelance,"PT Demo Konstruksi Utama membuka lowongan Cook. Tanggung jawab: memasak menu restoran sesuai standar. Kualifikasi: menguasai food safety, kerja cepat; mampu bekerja dalam tim; teliti dan bertanggung jawab. Kirim CV ke rekrutmen64@example.com",10,22,Manager
S00530,,Staff Accounting,PT Sampel Logistik Cepat,Makassar,Rp3.700.000 - Rp5.000.000,,,,S1,Minimal 1 tahun,FULL_TIME,"PT Sampel Logistik Cepat membuka lowongan Staff Accounting. Tanggung jawab: mencatat jurnal dan menyusun laporan keuangan bulanan. Kualifikasi: menguasai Accurate, Excel, perpajakan; mampu bekerja dalam tim; teliti dan bertanggung jawab. Lamar langsung melalui tombol apply.",24,33,Manager
S00531,,Software Engineer Backend,Klinik Contoh Sehat,Kota Medan,Negotiable,,,,SMP,Tanpa pengalaman,FULL_TIME,"Klinik Contoh Sehat membuka lowongan Software Engineer Backend. Tanggung jawab: membangun dan memelihara layanan API. Kualifikasi: menguasai Python, SQL, Docker; mampu bekerja dalam tim; teliti dan bertanggung jawab. Lamar melalui https://wa.me/6281200076057",0,29,Staff / Officer
S00532,,Sales Executive,Hotel Contoh Nusantara,Depok,Rp3.400.000 - Rp4.600.000,,,,Sarjana / S1,12 bulan,Kontrak,"Hotel Contoh Nusantara membuka lowongan Sales Executive. Tanggung jawab: mencari pelanggan baru dan mencapai target penjualan. Kualifikasi: menguasai negosiasi, komunikasi; mampu bekerja dalam tim; teliti dan bertanggung jawab. Kirim CV ke rekrutmen23@example.com",50,21,
S00533,,Sales Executive,CV Maju Bersama Contoh,Jaksel,Rp3.400.000 - Rp4.900.000,,,,Diploma/D1/D2/D3,Tanpa pengalaman,FULL_TIME,"CV Maju Bersama Contoh membuka lowongan Sales Executive. Tanggung jawab: mencari pelanggan baru dan mencapai target penjualan. Kualifikasi: menguasai negosiasi, komunikasi; mampu bekerja dalam tim; teliti dan bertanggung jawab. Lamar langsung melalui tombol apply.",36,15,Entry level
S00534,,Cook,PT Contoh Ritel Indonesia,Bekasi,"4,5 juta",,,,bachelor degree,3-5 tahun,Kontrak,"PT Contoh Ritel Indonesia membuka lowongan Cook. Tanggung jawab: memasak menu restoran sesuai standar. Kualifikasi: menguasai food safety, kerja cepat; mampu bekerja dalam tim; teliti dan bertanggung jawab. Hubungi Ibu Contoh via WA 0812-0000-9513",12,45,Staff / Officer
S00535,,Perawat,CV Maju Bersama Contoh,Surabaya,Negotiable,,,,D3,Minimal 1 tahun,Kontrak,"CV Maju Bersama Contoh membuka lowongan Perawat. Tanggung jawab: memberikan asuhan keperawatan kepada pasien. Kualifikasi: menguasai STR aktif, BTCLS; mampu bekerja dalam tim; teliti dan bertanggung jawab. Lamar melalui https://wa.me/6281200086372",7,19,Staff / Officer
S00536,,Staf Administrasi,PT Demo Teknologi Nusantara,Depok,"3,4 juta",,,,,Tanpa pengalaman,Magang,"PT Demo Teknologi Nusantara membuka lowongan Staf Administrasi. Tanggung jawab: mengelola surat dan dokumen kantor. Kualifikasi: menguasai Microsoft Office, arsip; mampu bekerja dalam tim; teliti dan bertanggung jawab. Lamar langsung melalui tombol apply.",14,44,Entry level
S00537,,Apoteker,PT Contoh Farma,Surabaya,Rp 8-11 jt,,,,bachelor degree,3-5 tahun,Freelance,"PT Contoh Farma membuka lowongan Apoteker. Tanggung jawab: mengelola obat dan memberi informasi obat. Kualifikasi: menguasai STRA, farmasi klinis; mampu bekerja dalam tim; teliti dan bertanggung jawab. Lamar melalui https://wa.me/6281200069022",56,31,
S00538,,Cook,Hotel Contoh Nusantara,Kota Batam,Dirahasiakan,,,,SMA/SMK,Fresh graduate,Kontrak,"Hotel Contoh Nusantara membuka lowongan Cook. Tanggung jawab: memasak menu restoran sesuai standar. Kualifikasi: menguasai food safety, kerja cepat; mampu bekerja dalam tim; teliti dan bertanggung jawab. Hubungi Ibu Contoh via WA 0812-0000-1662",8,35,Manager
S00539,,Kurir Motor,PT Sampel Media Kreatif,Bogor,Rp136rb/hari,,,,SMP,3-5 tahun,FULL_TIME,"PT Sampel Media Kreatif membuka lowongan Kurir Motor. Tanggung jawab: mengantar paket di area kota. Kualifikasi: menguasai SIM C, motor pribadi; mampu bekerja dalam tim; teliti dan bertanggung jawab. Kirim CV ke rekrutmen10@example.com",47,20,Staff / Officer
S00540,,Mekanik Motor,PT Sampel Media Kreatif,Remote,Dirahasiakan,,,,D3,Fresh graduate,Kontrak,"PT Sampel Media Kreatif membuka lowongan Mekanik Motor. Tanggung jawab: memperbaiki dan merawat sepeda motor. Kualifikasi: menguasai mesin motor, diagnosa; mampu bekerja dalam tim; teliti dan bertanggung jawab. Lamar langsung melalui tombol apply.",38,18,
S00541,,Customer Service,PT Contoh Ritel Indonesia,Sleman,,,,,S1 semua jurusan,,Part Time,"PT Contoh Ritel Indonesia membuka lowongan Customer Service. Tanggung jawab: melayani pertanyaan dan keluhan pelanggan. Kualifikasi: menguasai komunikasi, CRM; mampu bekerja dalam tim; teliti dan bertanggung jawab. Hubungi Ibu Contoh via WA 0812-0000-1262",30,39,Supervisor / Koordinator
S00542,,Customer Service,PT Contoh Ritel Indonesia,Sleman,,,,,S1 semua jurusan,,Part Time,"PT Contoh Ritel Indonesia kembali membuka lowongan Customer Service. Tanggung jawab: melayani pertanyaan dan keluhan pelanggan. Kualifikasi: menguasai komunikasi, CRM; mampu bekerja dalam tim; teliti dan bertanggung jawab. Hubungi Ibu Contoh via WA 0812-0000-1262",25,39,Supervisor / Koordinator
S00543,,Mekanik Motor,PT Contoh Farma,Kab. Bandung,"3,9 juta",,,,D3,Fresh graduate,Kontrak,"PT Contoh Farma membuka lowongan Mekanik Motor. Tanggung jawab: memperbaiki dan merawat sepeda motor. Kualifikasi: menguasai mesin motor, diagnosa; mampu bekerja dalam tim; teliti dan bertanggung jawab. Lamar langsung melalui tombol apply.",39,21,Supervisor / Koordinator
S00544,,Digital Marketing Specialist,Sekolah Contoh Cendekia,Sleman,Rp159rb/hari,,,,Sarjana / S1,Minimal 1 tahun,Part Time,"Sekolah Contoh Cendekia membuka lowongan Digital Marketing Specialist. Tanggung jawab: mengelola iklan digital dan media sosial. Kualifikasi: menguasai Meta Ads, Google Ads; mampu bekerja dalam tim; teliti dan bertanggung jawab. Lamar langsung melalui tombol apply.",27,42,Supervisor / Koordinator
S00545,,Staf Administrasi,Klinik Contoh Sehat,Jakarta Selatan,Dirahasiakan,,,,Minimal SMA/SMK/Sederajat,12 bulan,Magang,"Klinik Contoh Sehat membuka lowongan Staf Administrasi. Tanggung jawab: mengelola surat dan dokumen kantor. Kualifikasi: menguasai Microsoft Office, arsip; mampu bekerja dalam tim; teliti dan bertanggung jawab. Hubungi Ibu Contoh via WA 0812-0000-3220",4,29,Supervisor / Koordinator
S00546,,Staf Administrasi,Klinik Contoh Sehat,Jakarta Selatan,Dirahasiakan,,,,Minimal SMA/SMK/Sederajat,12 bulan,Magang,"Klinik Contoh Sehat kembali membuka lowongan Staf Administrasi. Tanggung jawab: mengelola surat dan dokumen kantor. Kualifikasi: menguasai Microsoft Office, arsip; mampu bekerja dalam tim; teliti dan bertanggung jawab. Hubungi Ibu Contoh via WA 0812-0000-3220",0,29,Supervisor / Koordinator
S00547,,Staf Administrasi,Kedai Kopi Contoh,Sleman,"4,4 juta",,,,SMA/SMK,Tanpa pengalaman,Kontrak,"Kedai Kopi Contoh membuka lowongan Staf Administrasi. Tanggung jawab: mengelola surat dan dokumen kantor. Kualifikasi: menguasai Microsoft Office, arsip; mampu bekerja dalam tim; teliti dan bertanggung jawab. Kirim CV ke rekrutmen85@example.com",57,12,Entry level
S00548,,Staf Administrasi,Kedai Kopi Contoh,Sleman,"4,4 juta",,,,SMA/SMK,Tanpa pengalaman,Kontrak,"Kedai Kopi Contoh kembali membuka lowongan Staf Administrasi. Tanggung jawab: mengelola surat dan dokumen kantor. Kualifikasi: menguasai Microsoft Office, arsip; mampu bekerja dalam tim; teliti dan bertanggung jawab. Kirim CV ke rekrutmen85@example.com",56,12,Entry level
S00549,,Kasir,PT Contoh Ritel Indonesia,Kab. Bandung,Rp3.400.000 - Rp4.800.000,,,,Sarjana / S1,min. 2 tahun,FULL_TIME,"PT Contoh Ritel Indonesia membuka lowongan Kasir. Tanggung jawab: melayani transaksi pembayaran di toko. Kualifikasi: menguasai ketelitian, pelayanan; mampu bekerja dalam tim; teliti dan bertanggung jawab. Kirim CV ke rekrutmen19@example.com",14,42,Entry level
S00550,,Digital Marketing Specialist,PT Fiktif Manufaktur Jaya,Palembang,Rp3.800.000 - Rp4.700.000,,,,SMP,min. 2 tahun,Kontrak,"PT Fiktif Manufaktur Jaya membuka lowongan Digital Marketing Specialist. Tanggung jawab: mengelola iklan digital dan media sosial. Kualifikasi: menguasai Meta Ads, Google Ads; mampu bekerja dalam tim; teliti dan bertanggung jawab. Lamar langsung melalui tombol apply.",28,21,Staff / Officer
S00551,,Digital Marketing Specialist,PT Fiktif Manufaktur Jaya,Palembang,Rp3.800.000 - Rp4.700.000,,,,SMP,min. 2 tahun,Kontrak,"PT Fiktif Manufaktur Jaya kembali membuka lowongan Digital Marketing Specialist. Tanggung jawab: mengelola iklan digital dan media sosial. Kualifikasi: menguasai Meta Ads, Google Ads; mampu bekerja dalam tim; teliti dan bertanggung jawab. Lamar langsung melalui tombol apply.",23,21,Staff / Officer
S00552,,Staf Administrasi,Kedai Kopi Contoh,Makassar,Dirahasiakan,,,,Sarjana / S1,3-5 tahun,Part Time,"Kedai Kopi Contoh membuka lowongan Staf Administrasi. Tanggung jawab: mengelola surat dan dokumen kantor. Kualifikasi: menguasai Microsoft Office, arsip; mampu bekerja dalam tim; teliti dan bertanggung jawab. Lamar melalui https://wa.me/6281200033391",16,37,Manager
S00553,,Desainer Grafis,Klinik Contoh Sehat,Malang,Rp3.400.000 - Rp4.400.000,,,,Diploma/D1/D2/D3,12 bulan,Magang,"Klinik Contoh Sehat membuka lowongan Desainer Grafis. Tanggung jawab: membuat materi visual untuk media sosial. Kualifikasi: menguasai Figma, Adobe Illustrator; mampu bekerja dalam tim; teliti dan bertanggung jawab. Kirim CV ke rekrutmen84@example.com",26,38,
S00554,,Data Analyst,Sekolah Contoh Cendekia,Bogor,Rp154rb/hari,,,,,Minimal 1 tahun,Full Time,"Sekolah Contoh Cendekia membuka lowongan Data Analyst. Tanggung jawab: mengolah data penjualan dan membuat dasbor. Kualifikasi: menguasai SQL, Excel, Tableau; mampu bekerja dalam tim; teliti dan bertanggung jawab. Hubungi Ibu Contoh via WA 0812-0000-3046",39,26,Staff / Officer
S00555,,Staff Accounting,PT Fiktif Manufaktur Jaya,Palembang,Rp200rb/hari,,,,,3-5 tahun,Freelance,"PT Fiktif Manufaktur Jaya membuka lowongan Staff Accounting. Tanggung jawab: mencatat jurnal dan menyusun laporan keuangan bulanan. Kualifikasi: menguasai Accurate, Excel, perpajakan; mampu bekerja dalam tim; teliti dan bertanggung jawab. Lamar langsung melalui tombol apply.",50,40,Supervisor / Koordinator
S00556,,Cleaning Service,Hotel Contoh Nusantara,Kota Bandung,Rp 3-4 jt,,,,S1,3-5 tahun,FULL_TIME,"Hotel Contoh Nusantara membuka lowongan Cleaning Service. Tanggung jawab: menjaga kebersihan area kerja. Kualifikasi: menguasai kebersihan, kerja tim; mampu bekerja dalam tim; teliti dan bertanggung jawab. Kirim CV ke rekrutmen24@example.com",20,36,Entry level
S00557,,Staf Administrasi,PT Contoh Farma,Bekasi,Dirahasiakan,,,,Diploma/D1/D2/D3,3-5 tahun,Part Time,"PT Contoh Farma membuka lowongan Staf Administrasi. Tanggung jawab: mengelola surat dan dokumen kantor. Kualifikasi: menguasai Microsoft Office, arsip; mampu bekerja dalam tim; teliti dan bertanggung jawab. Hubungi Ibu Contoh via WA 0812-0000-8489",18,17,Supervisor / Koordinator
S00558,,Marketing Manager,PT Sampel Logistik Cepat,Semarang,Negotiable,,,,Diploma/D1/D2/D3,,Freelance,"PT Sampel Logistik Cepat membuka lowongan Marketing Manager. Tanggung jawab: menyusun strategi pemasaran dan memimpin tim. Kualifikasi: menguasai strategi pemasaran, kepemimpinan; mampu bekerja dalam tim; teliti dan bertanggung jawab. Lamar melalui https://wa.me/6281200042573",28,30,Entry level
S00559,,Content Writer,PT Sampel Media Kreatif,Balikpapan,Rp4.000.000 - Rp5.200.000,,,,bachelor degree,Fresh graduate,Full Time,"PT Sampel Media Kreatif membuka lowongan Content Writer. Tanggung jawab: menulis artikel dan naskah konten. Kualifikasi: menguasai copywriting, SEO; mampu bekerja dalam tim; teliti dan bertanggung jawab. Lamar langsung melalui tombol apply.",42,22,Manager
S00560,,Content Writer,CV Maju Bersama Contoh,Kota Medan,Rp168rb/hari,,,,SMP,12 bulan,FULL_TIME,"CV Maju Bersama Contoh membuka lowongan Content Writer. Tanggung jawab: menulis artikel dan naskah konten. Kualifikasi: menguasai copywriting, SEO; mampu bekerja dalam tim; teliti dan bertanggung jawab. Lamar langsung melalui tombol apply.",55,27,Staff / Officer
S00561,,Staff Accounting,Bengkel Contoh Motor,Tangerang,"3,5 juta",,,,Minimal SMA/SMK/Sederajat,min. 2 tahun,Part Time,"Bengkel Contoh Motor membuka lowongan Staff Accounting. Tanggung jawab: mencatat jurnal dan menyusun laporan keuangan bulanan. Kualifikasi: menguasai Accurate, Excel, perpajakan; mampu bekerja dalam tim; teliti dan bertanggung jawab. Kirim CV ke rekrutmen12@example.com",4,40,Entry level
S00562,,Customer Service,Sekolah Contoh Cendekia,"Denpasar, Bali",,,,,bachelor degree,min. 2 tahun,FULL_TIME,"Sekolah Contoh Cendekia membuka lowongan Customer Service. Tanggung jawab: melayani pertanyaan dan keluhan pelanggan. Kualifikasi: menguasai komunikasi, CRM; mampu bekerja dalam tim; teliti dan bertanggung jawab. Lamar melalui https://wa.me/6281200028707",28,28,Manager
S00563,,Teknisi Listrik,Klinik Contoh Sehat,"Denpasar, Bali",Negotiable,,,,Minimal SMA/SMK/Sederajat,3-5 tahun,Kontrak,"Klinik Contoh Sehat membuka lowongan Teknisi Listrik. Tanggung jawab: memasang dan merawat instalasi listrik gedung. Kualifikasi: menguasai instalasi listrik, K3; mampu bekerja dalam tim; teliti dan bertanggung jawab. Kirim CV ke rekrutmen75@example.com",27,29,Entry level
S00564,,Teknisi Listrik,Klinik Contoh Sehat,"Denpasar, Bali",Negotiable,,,,Minimal SMA/SMK/Sederajat,3-5 tahun,Kontrak,"Klinik Contoh Sehat kembali membuka lowongan Teknisi Listrik. Tanggung jawab: memasang dan merawat instalasi listrik gedung. Kualifikasi: menguasai instalasi listrik, K3; mampu bekerja dalam tim; teliti dan bertanggung jawab. Kirim CV ke rekrutmen75@example.com",26,29,Entry level
S00565,,Digital Marketing Specialist,CV Maju Bersama Contoh,Depok,Rp 4-6 jt,,,,SMA/SMK,3-5 tahun,Freelance,"CV Maju Bersama Contoh membuka lowongan Digital Marketing Specialist. Tanggung jawab: mengelola iklan digital dan media sosial. Kualifikasi: menguasai Meta Ads, Google Ads; mampu bekerja dalam tim; teliti dan bertanggung jawab. Kirim CV ke rekrutmen52@example.com",28,22,Staff / Officer
S00566,,Digital Marketing Specialist,CV Maju Bersama Contoh,Depok,Rp 4-6 jt,,,,SMA/SMK,3-5 tahun,Freelance,"CV Maju Bersama Contoh kembali membuka lowongan Digital Marketing Specialist. Tanggung jawab: mengelola iklan digital dan media sosial. Kualifikasi: menguasai Meta Ads, Google Ads; mampu bekerja dalam tim; teliti dan bertanggung jawab. Kirim CV ke rekrutmen52@example.com",25,22,Staff / Officer
S00567,,Project Manager,Klinik Contoh Sehat,Palembang,"8,0 juta",,,,SMA/SMK,12 bulan,Magang,"Klinik Contoh Sehat membuka lowongan Project Manager. Tanggung jawab: merencanakan dan mengawasi jalannya proyek. Kualifikasi: menguasai manajemen proyek, komunikasi; mampu bekerja dalam tim; teliti dan bertanggung jawab. Lamar langsung melalui tombol apply.",53,32,Staff / Officer
S00568,,Kasir,PT Sampel Media Kreatif,Kota Batam,Negotiable,,,,SMA/SMK,Tanpa pengalaman,Freelance,"PT Sampel Media Kreatif membuka lowongan Kasir. Tanggung jawab: melayani transaksi pembayaran di toko. Kualifikasi: menguasai ketelitian, pelayanan; mampu bekerja dalam tim; teliti dan bertanggung jawab. Lamar langsung melalui tombol apply.",43,15,
S00569,,Project Manager,PT Sampel Logistik Cepat,Sleman,Rp440rb/hari,,,,bachelor degree,12 bulan,FULL_TIME,"PT Sampel Logistik Cepat membuka lowongan Project Manager. Tanggung jawab: merencanakan dan mengawasi jalannya proyek. Kualifikasi: menguasai manajemen proyek, komunikasi; mampu bekerja dalam tim; teliti dan bertanggung jawab. Kirim CV ke rekrutmen88@example.com",26,14,Staff / Officer
S00570,,Barista,Hotel Contoh Nusantara,Semarang,Dirahasiakan,,,,D3,12 bulan,Kontrak,"Hotel Contoh Nusantara membuka lowongan Barista. Tanggung jawab: menyiapkan minuman kopi dan melayani pelanggan. Kualifikasi: menguasai pelayanan, kebersihan; mampu bekerja dalam tim; teliti dan bertanggung jawab. Kirim CV ke rekrutmen41@example.com",47,31,Staff / Officer
S00571,,Barista,Hotel Contoh Nusantara,Semarang,Dirahasiakan,,,,D3,12 bulan,Kontrak,"Hotel Contoh Nusantara kembali membuka lowongan Barista. Tanggung jawab: menyiapkan minuman kopi dan melayani pelanggan. Kualifikasi: menguasai pelayanan, kebersihan; mampu bekerja dalam tim; teliti dan bertanggung jawab. Kirim CV ke rekrutmen41@example.com",45,31,Staff / Officer
S00572,,Software Engineer Backend,Klinik Contoh Sehat,Malang,"8,0 juta",,,,,3-5 tahun,Part Time,"Klinik Contoh Sehat membuka lowongan Software Engineer Backend. Tanggung jawab: membangun dan memelihara layanan API. Kualifikasi: menguasai Python, SQL, Docker; mampu bekerja dalam tim; teliti dan bertanggung jawab. Lamar langsung melalui tombol apply.",44,8,Entry level
S00573,,Kurir Motor,Hotel Contoh Nusantara,Semarang,Negotiable,,,,Diploma/D1/D2/D3,Tanpa pengalaman,Part Time,"Hotel Contoh Nusantara membuka lowongan Kurir Motor. Tanggung jawab: mengantar paket di area kota. Kualifikasi: menguasai SIM C, motor pribadi; mampu bekerja dalam tim; teliti dan bertanggung jawab. Hubungi Ibu Contoh via WA 0812-0000-4708",43,34,Entry level
S00574,,Apoteker,PT Ilustrasi Pangan Sejahtera,Malang,Rp7.900.000 - Rp10.600.000,,,,,,FULL_TIME,"PT Ilustrasi Pangan Sejahtera membuka lowongan Apoteker. Tanggung jawab: mengelola obat dan memberi informasi obat. Kualifikasi: menguasai STRA, farmasi klinis; mampu bekerja dalam tim; teliti dan bertanggung jawab. Kirim CV ke rekrutmen68@example.com",24,42,Supervisor / Koordinator
S00575,,Apoteker,PT Ilustrasi Pangan Sejahtera,Malang,Rp7.900.000 - Rp10.600.000,,,,,,FULL_TIME,"PT Ilustrasi Pangan Sejahtera kembali membuka lowongan Apoteker. Tanggung jawab: mengelola obat dan memberi informasi obat. Kualifikasi: menguasai STRA, farmasi klinis; mampu bekerja dalam tim; teliti dan bertanggung jawab. Kirim CV ke rekrutmen68@example.com",16,42,Supervisor / Koordinator
S00576,,Cook,Sekolah Contoh Cendekia,Kota Batam,Dirahasiakan,,,,SMA/SMK,Minimal 1 tahun,Part Time,"Sekolah Contoh Cendekia membuka lowongan Cook. Tanggung jawab: memasak menu restoran sesuai standar. Kualifikasi: menguasai food safety, kerja cepat; mampu bekerja dalam tim; teliti dan bertanggung jawab. Lamar langsung melalui tombol apply.",34,10,Manager
S00577,,Cleaning Service,PT Demo Teknologi Nusantara,Jaksel,Rp136rb/hari,,,,S1,,Freelance,"PT Demo Teknologi Nusantara membuka lowongan Cleaning Service. Tanggung jawab: menjaga kebersihan area kerja. Kualifikasi: menguasai kebersihan, kerja tim; mampu bekerja dalam tim; teliti dan bertanggung jawab. Kirim CV ke rekrutmen73@example.com",3,36,Staff / Officer
S00578,,Pramuniaga,PT Contoh Sinar Abadi,Bekasi,Negotiable,,,,SMA/SMK,Tanpa pengalaman,Full Time,"PT Contoh Sinar Abadi membuka lowongan Pramuniaga. Tanggung jawab: melayani pembeli dan merapikan barang. Kualifikasi: menguasai pelayanan, komunikasi; mampu bekerja dalam tim; teliti dan bertanggung jawab. Lamar langsung melalui tombol apply.",6,37,Supervisor / Koordinator
S00579,,Customer Service,Hotel Contoh Nusantara,Depok,Dirahasiakan,,,,Minimal SMA/SMK/Sederajat,,FULL_TIME,"Hotel Contoh Nusantara membuka lowongan Customer Service. Tanggung jawab: melayani pertanyaan dan keluhan pelanggan. Kualifikasi: menguasai komunikasi, CRM; mampu bekerja dalam tim; teliti dan bertanggung jawab. Lamar langsung melalui tombol apply.",15,37,Supervisor / Koordinator
S00580,,Guru Matematika SMP,PT Contoh Sinar Abadi,Kota Bandung,Dirahasiakan,,,,S1,Fresh graduate,FULL_TIME,"PT Contoh Sinar Abadi membuka lowongan Guru Matematika SMP. Tanggung jawab: mengajar matematika dan menyusun rencana pembelajaran. Kualifikasi: menguasai pedagogi, matematika; mampu bekerja dalam tim; teliti dan bertanggung jawab. Lamar langsung melalui tombol apply.",51,36,Entry level
S00581,,Digital Marketing Specialist,PT Contoh Ritel Indonesia,Palembang,Negotiable,,,,S1 semua jurusan,Minimal 1 tahun,Full Time,"PT Contoh Ritel Indonesia membuka lowongan Digital Marketing Specialist. Tanggung jawab: mengelola iklan digital dan media sosial. Kualifikasi: menguasai Meta Ads, Google Ads; mampu bekerja dalam tim; teliti dan bertanggung jawab. Hubungi Ibu Contoh via WA 0812-0000-2938",58,25,
S00582,,Digital Marketing Specialist,PT Contoh Ritel Indonesia,Palembang,Negotiable,,,,S1 semua jurusan,Minimal 1 tahun,Full Time,"PT Contoh Ritel Indonesia kembali membuka lowongan Digital Marketing Specialist. Tanggung jawab: mengelola iklan digital dan media sosial. Kualifikasi: menguasai Meta Ads, Google Ads; mampu bekerja dalam tim; teliti dan bertanggung jawab. Hubungi Ibu Contoh via WA 0812-0000-2938",52,25,
S00583,,Barista,Bengkel Contoh Motor,Depok,Rp3.000.000 - Rp3.700.000,,,,S1 semua jurusan,12 bulan,Part Time,"Bengkel Contoh Motor membuka lowongan Barista. Tanggung jawab: menyiapkan minuman kopi dan melayani pelanggan. Kualifikasi: menguasai pelayanan, kebersihan; mampu bekerja dalam tim; teliti dan bertanggung jawab. Lamar melalui https://wa.me/6281200069900",44,37,Manager
S00584,,Quality Control,PT Contoh Ritel Indonesia,Kab. Bandung,Negotiable,,,,,12 bulan,Freelance,"PT Contoh Ritel Indonesia membuka lowongan Quality Control. Tanggung jawab: memeriksa mutu produk sebelum dikirim. Kualifikasi: menguasai ISO 9001, ketelitian; mampu bekerja dalam tim; teliti dan bertanggung jawab. Lamar melalui https://wa.me/6281200053688",45,10,Entry level
S00585,,Cook,PT Ilustrasi Pangan Sejahtera,Solo,Negotiable,,,,S1 semua jurusan,Minimal 1 tahun,Part Time,"PT Ilustrasi Pangan Sejahtera membuka lowongan Cook. Tanggung jawab: memasak menu restoran sesuai standar. Kualifikasi: menguasai food safety, kerja cepat; mampu bekerja dalam tim; teliti dan bertanggung jawab. Lamar langsung melalui tombol apply.",30,43,Supervisor / Koordinator
S00586,,Driver Pengiriman,PT Demo Teknologi Nusantara,Kab. Bandung,Rp181rb/hari,,,,Diploma/D1/D2/D3,12 bulan,Part Time,"PT Demo Teknologi Nusantara membuka lowongan Driver Pengiriman. Tanggung jawab: mengantar barang ke pelanggan tepat waktu. Kualifikasi: menguasai SIM B1, mengenal rute; mampu bekerja dalam tim; teliti dan bertanggung jawab. Hubungi Ibu Contoh via WA 0812-0000-7750",46,26,
S00587,,HR Generalist,Hotel Contoh Nusantara,Balikpapan,Rp 3-4 jt,,,,SMP,,Magang,"Hotel Contoh Nusantara membuka lowongan HR Generalist. Tanggung jawab: mengelola rekrutmen dan administrasi karyawan. Kualifikasi: menguasai rekrutmen, BPJS, payroll; mampu bekerja dalam tim; teliti dan bertanggung jawab. Kirim CV ke rekrutmen70@example.com",44,15,
S00588,,Driver Pengiriman,PT Contoh Farma,Semarang,Rp195rb/hari,,,,S1,Tanpa pengalaman,Kontrak,"PT Contoh Farma membuka lowongan Driver Pengiriman. Tanggung jawab: mengantar barang ke pelanggan tepat waktu. Kualifikasi: menguasai SIM B1, mengenal rute; mampu bekerja dalam tim; teliti dan bertanggung jawab. Kirim CV ke rekrutmen42@example.com",50,18,Supervisor / Koordinator
S00589,,Staf Administrasi,Bengkel Contoh Motor,Jaksel,Rp163rb/hari,,,,bachelor degree,Minimal 1 tahun,Full Time,"Bengkel Contoh Motor membuka lowongan Staf Administrasi. Tanggung jawab: mengelola surat dan dokumen kantor. Kualifikasi: menguasai Microsoft Office, arsip; mampu bekerja dalam tim; teliti dan bertanggung jawab. Hubungi Ibu Contoh via WA 0812-0000-8159",27,8,Manager
S00590,,Security,PT Sampel Media Kreatif,Depok,,,,,S1,,Kontrak,"PT Sampel Media Kreatif membuka lowongan Security. Tanggung jawab: menjaga keamanan area kantor. Kualifikasi: menguasai Gada Pratama, disiplin; mampu bekerja dalam tim; teliti dan bertanggung jawab. Lamar langsung melalui tombol apply.",9,16,Supervisor / Koordinator
S00591,,Security,PT Sampel Media Kreatif,Depok,,,,,S1,,Kontrak,"PT Sampel Media Kreatif kembali membuka lowongan Security. Tanggung jawab: menjaga keamanan area kantor. Kualifikasi: menguasai Gada Pratama, disiplin; mampu bekerja dalam tim; teliti dan bertanggung jawab. Lamar langsung melalui tombol apply.",6,16,Supervisor / Koordinator
S00592,,Frontend Developer,Hotel Contoh Nusantara,Kota Bandung,Dirahasiakan,,,,SMA/SMK,3-5 tahun,FULL_TIME,"Hotel Contoh Nusantara membuka lowongan Frontend Developer. Tanggung jawab: mengembangkan antarmuka web yang responsif. Kualifikasi: menguasai JavaScript, React, CSS; mampu bekerja dalam tim; teliti dan bertanggung jawab. Lamar langsung melalui tombol apply.",26,36,Manager
S00593,,Teknisi Listrik,PT Sampel Logistik Cepat,Remote,Dirahasiakan,,,,D3,Minimal 1 tahun,Part Time,"PT Sampel Logistik Cepat membuka lowongan Teknisi Listrik. Tanggung jawab: memasang dan merawat instalasi listrik gedung. Kualifikasi: menguasai instalasi listrik, K3; mampu bekerja dalam tim; teliti dan bertanggung jawab. Kirim CV ke rekrutmen29@example.com",37,15,Staff / Officer
S00594,,Driver Pengiriman,PT Demo Teknologi Nusantara,Solo,Rp 4-5 jt,,,,Sarjana / S1,Tanpa pengalaman,Freelance,"PT Demo Teknologi Nusantara membuka lowongan Driver Pengiriman. Tanggung jawab: mengantar barang ke pelanggan tepat waktu. Kualifikasi: menguasai SIM B1, mengenal rute; mampu bekerja dalam tim; teliti dan bertanggung jawab. Kirim CV ke rekrutmen17@example.com",32,41,Manager
S00595,,Driver Pengiriman,PT Demo Teknologi Nusantara,Solo,Rp 4-5 jt,,,,Sarjana / S1,Tanpa pengalaman,Freelance,"PT Demo Teknologi Nusantara kembali membuka lowongan Driver Pengiriman. Tanggung jawab: mengantar barang ke pelanggan tepat waktu. Kualifikasi: menguasai SIM B1, mengenal rute; mampu bekerja dalam tim; teliti dan bertanggung jawab. Kirim CV ke rekrutmen17@example.com",22,41,Manager
S00596,,Admin Gudang,PT Contoh Sinar Abadi,Kota Medan,Negotiable,,,,SMA/SMK,min. 2 tahun,Part Time,"PT Contoh Sinar Abadi membuka lowongan Admin Gudang. Tanggung jawab: mencatat stok masuk dan keluar barang. Kualifikasi: menguasai Excel, ketelitian; mampu bekerja dalam tim; teliti dan bertanggung jawab. Hubungi Ibu Contoh via WA 0812-0000-6807",0,22,Manager
S00597,,Data Analyst,PT Ilustrasi Pangan Sejahtera,Palembang,Negotiable,,,,SMP,12 bulan,Full Time,"PT Ilustrasi Pangan Sejahtera membuka lowongan Data Analyst. Tanggung jawab: mengolah data penjualan dan membuat dasbor. Kualifikasi: menguasai SQL, Excel, Tableau; mampu bekerja dalam tim; teliti dan bertanggung jawab. Hubungi Ibu Contoh via WA 0812-0000-4320",43,37,Manager
S00598,,Quality Control,Klinik Contoh Sehat,Depok,Negotiable,,,,D3,,FULL_TIME,"Klinik Contoh Sehat membuka lowongan Quality Control. Tanggung jawab: memeriksa mutu produk sebelum dikirim. Kualifikasi: menguasai ISO 9001, ketelitian; mampu bekerja dalam tim; teliti dan bertanggung jawab. Kirim CV ke rekrutmen3@example.com",18,20,
S00599,,Tukang Las,Bengkel Contoh Motor,Sleman,Rp4.300.000 - Rp5.800.000,,,,SMA/SMK,Minimal 1 tahun,Freelance,"Bengkel Contoh Motor membuka lowongan Tukang Las. Tanggung jawab: mengelas konstruksi besi. Kualifikasi: menguasai las listrik, membaca gambar teknik; mampu bekerja dalam tim; teliti dan bertanggung jawab. Lamar melalui https://wa.me/6281200072174",29,29,Entry level
S00600,,Tukang Las,Bengkel Contoh Motor,Sleman,Rp4.300.000 - Rp5.800.000,,,,SMA/SMK,Minimal 1 tahun,Freelance,"Bengkel Contoh Motor kembali membuka lowongan Tukang Las. Tanggung jawab: mengelas konstruksi besi. Kualifikasi: menguasai las listrik, membaca gambar teknik; mampu bekerja dalam tim; teliti dan bertanggung jawab. Lamar melalui https://wa.me/6281200072174",22,29,Entry level
